team,date,avail
Arsenal,2012-10-06,0.8548061389337641
Arsenal,2012-10-20,0.8564456411982497
Arsenal,2012-10-27,0.776399307559146
Arsenal,2012-11-03,0.7087420657818811
Arsenal,2012-11-10,0.6904212348528563
Arsenal,2012-11-17,0.7370477568740955
Arsenal,2012-11-24,0.7454413892908828
Arsenal,2012-11-28,0.6576928643797945
Arsenal,2012-12-01,0.750470400926328
Arsenal,2012-12-08,0.7205499276410998
Arsenal,2012-12-17,0.7496382054992764
Arsenal,2012-12-22,0.8612156295224312
Arsenal,2012-12-29,0.860481892944741
Arsenal,2013-01-01,0.851269474899019
Arsenal,2013-01-13,0.8853144835545297
Arsenal,2013-01-20,0.8628101557991922
Arsenal,2013-01-23,0.7300729927007299
Arsenal,2013-01-30,0.8827737226277372
Arsenal,2013-02-02,0.8308029197080292
Arsenal,2013-02-09,0.8024817518248175
Arsenal,2013-02-23,0.6896449704142011
Arsenal,2013-03-03,0.7946401686239085
Arsenal,2013-03-16,0.766366549671906
Arsenal,2013-03-30,0.621638141809291
Arsenal,2013-04-06,0.5983885962193988
Arsenal,2013-04-13,0.6423311922293592
Arsenal,2013-04-16,0.7286784632552208
Arsenal,2013-04-20,0.7584093052499215
Arsenal,2013-04-28,0.8032407407407407
Arsenal,2013-05-04,0.7847222222222222
Arsenal,2013-05-14,0.7572298325722984
Arsenal,2013-05-19,0.8581646629127987
Arsenal,2013-08-17,0.9334637964774951
Arsenal,2013-08-24,0.8772397452983859
Arsenal,2013-09-01,0.8120635863913237
Arsenal,2013-09-14,0.8564849205170109
Arsenal,2013-09-22,0.6151590675853981
Arsenal,2013-09-28,0.6455584872471416
Arsenal,2013-10-06,0.7477933728838084
Arsenal,2013-10-19,0.7386774706988858
Arsenal,2013-10-26,0.8341773983504558
Arsenal,2013-11-02,0.8592240011539016
Arsenal,2013-11-10,0.8009554140127388
Arsenal,2013-11-23,0.8517446069205155
Arsenal,2013-11-30,0.8783666377063423
Arsenal,2013-12-04,0.9242687518100202
Arsenal,2013-12-08,0.7189400521285838
Arsenal,2013-12-14,0.8621488560671879
Arsenal,2013-12-23,0.7195192586156965
Arsenal,2013-12-26,0.681286971576973
Arsenal,2013-12-29,0.7877651132592699
Arsenal,2014-01-01,0.7613619968258548
Arsenal,2014-01-13,0.6870581445678834
Arsenal,2014-01-18,0.727023517529938
Arsenal,2014-01-28,0.6910979656615207
Arsenal,2014-02-02,0.7626605107488097
Arsenal,2014-02-08,0.7558509101415776
Arsenal,2014-02-12,0.8409419242993355
Arsenal,2014-02-22,0.7811326206298758
Arsenal,2014-03-01,0.8553886160069344
Arsenal,2014-03-16,0.855078745845976
Arsenal,2014-03-22,0.8419303568848432
Arsenal,2014-03-25,0.8409189423493715
Arsenal,2014-03-29,0.7820568927789935
Arsenal,2014-04-06,0.8198395331874544
Arsenal,2014-04-15,0.8045222465353756
Arsenal,2014-04-20,0.8040846097738876
Arsenal,2014-04-28,0.7668854850474106
Arsenal,2014-05-04,0.8392414296134209
Arsenal,2014-05-11,0.9069292487235594
Arsenal,2014-08-16,0.5373737373737374
Arsenal,2014-08-23,0.5206349206349207
Arsenal,2014-08-31,0.535064935064935
Arsenal,2014-09-13,0.6574314574314575
Arsenal,2014-09-20,0.6790764790764791
Arsenal,2014-09-27,0.6362718222478719
Arsenal,2014-10-05,0.7301976626749387
Arsenal,2014-10-18,0.6960034627037945
Arsenal,2014-10-25,0.6586351175876497
Arsenal,2014-11-01,0.7441927571778965
Arsenal,2014-11-09,0.7766878245816503
Arsenal,2014-11-22,0.819532602423543
Arsenal,2014-11-29,0.8245816503173687
Arsenal,2014-12-03,0.782602423542989
Arsenal,2014-12-06,0.739469128678592
Arsenal,2014-12-13,0.7748124639353722
Arsenal,2014-12-21,0.659297789336801
Arsenal,2014-12-26,0.8014737754659731
Arsenal,2014-12-28,0.7410082334248158
Arsenal,2015-01-01,0.7888162672476398
Arsenal,2015-01-11,0.6227127505082777
Arsenal,2015-01-18,0.6119663084519315
Arsenal,2015-02-01,0.7454255010165554
Arsenal,2015-02-07,0.5761925474844135
Arsenal,2015-02-10,0.6528422273781903
Arsenal,2015-02-21,0.7972149695387293
Arsenal,2015-03-01,0.7505410474678978
Arsenal,2015-03-04,0.729004329004329
Arsenal,2015-03-14,0.8434343434343434
Arsenal,2015-03-21,0.8122925984706392
Arsenal,2015-04-04,0.7587649689799452
Arsenal,2015-04-11,0.8638003174145145
Arsenal,2015-04-26,0.8616361275429231
Arsenal,2015-05-04,0.8574725908828621
Arsenal,2015-05-11,0.8518465089440277
Arsenal,2015-05-17,0.8913733410271206
Arsenal,2015-05-20,0.9301688068099841
Arsenal,2015-05-24,0.7661569532602424
Arsenal,2015-08-09,0.8258799769186382
Arsenal,2015-08-16,0.747403346797461
Arsenal,2015-08-24,0.8411484634251911
Arsenal,2015-08-29,0.6962920213533401
Arsenal,2015-09-12,0.7039388255662964
Arsenal,2015-09-19,0.8218150339056414
Arsenal,2015-09-26,0.8588744588744589
Arsenal,2015-10-04,0.8008437590922316
Arsenal,2015-10-17,0.8744544661041606
Arsenal,2015-10-24,0.9160605178935118
Arsenal,2015-10-31,0.7691300552807682
Arsenal,2015-11-08,0.7480360779749782
Arsenal,2015-11-21,0.7150545454545455
Arsenal,2015-11-29,0.8336
Arsenal,2015-12-05,0.8573077477997403
Arsenal,2015-12-13,0.7081229259847064
Arsenal,2015-12-21,0.7587649689799452
Arsenal,2015-12-26,0.7975761073438177
Arsenal,2015-12-28,0.8283076035204155
Arsenal,2016-01-02,0.7453102453102453
Arsenal,2016-01-13,0.9190592988024816
Arsenal,2016-01-17,0.9342086279036214
Arsenal,2016-01-24,0.8750541047467898
Arsenal,2016-02-02,0.9567224466243508
Arsenal,2016-02-07,0.8329446064139941
Arsenal,2016-02-14,0.8558309037900874
Arsenal,2016-02-28,0.8071709663314386
Arsenal,2016-03-02,0.7612244897959184
Arsenal,2016-03-05,0.7935860058309038
Arsenal,2016-03-19,0.6553935860058309
Arsenal,2016-04-02,0.6647619047619048
Arsenal,2016-04-09,0.7459765115267507
Arsenal,2016-04-17,0.8386254893431927
Arsenal,2016-04-21,0.8625290023201856
Arsenal,2016-04-24,0.7682714617169374
Arsenal,2016-04-30,0.7711716937354989
Arsenal,2016-05-08,0.9202436194895591
Arsenal,2016-05-15,0.8354978354978355
Arsenal,2016-08-14,0.7533910533910534
Arsenal,2016-08-20,0.6063492063492063
Arsenal,2016-08-27,0.6903318903318904
Arsenal,2016-09-10,0.694949494949495
Arsenal,2016-09-17,0.7292929292929293
Arsenal,2016-09-24,0.7587301587301587
Arsenal,2016-10-02,0.798989898989899
Arsenal,2016-10-15,0.8059163059163059
Arsenal,2016-10-22,0.9001443001443001
Arsenal,2016-10-29,0.8136034732272069
Arsenal,2016-11-06,0.6739507959479016
Arsenal,2016-11-19,0.8798842257597684
Arsenal,2016-11-27,0.7680173661360348
Arsenal,2016-12-03,0.7354558610709118
Arsenal,2016-12-10,0.8662807525325615
Arsenal,2016-12-13,0.883068017366136
Arsenal,2016-12-18,0.8193362193362194
Arsenal,2016-12-26,0.8796536796536797
Arsenal,2017-01-01,0.7750360750360751
Arsenal,2017-01-03,0.7727272727272727
Arsenal,2017-01-14,0.8277056277056277
Arsenal,2017-01-22,0.7907647907647908
Arsenal,2017-01-31,0.8852813852813853
Arsenal,2017-02-04,0.8225923244026068
Arsenal,2017-02-11,0.8340333091962346
Arsenal,2017-03-04,0.6605358435916003
Arsenal,2017-03-18,0.7989862418537291
Arsenal,2017-04-02,0.808979000724113
Arsenal,2017-04-05,0.7843591600289646
Arsenal,2017-04-10,0.6848660391021
Arsenal,2017-04-17,0.7249639249639249
Arsenal,2017-04-26,0.6600288600288601
Arsenal,2017-04-30,0.7524523946912868
Arsenal,2017-05-07,0.8061165608770917
Arsenal,2017-05-10,0.7556260819388344
Arsenal,2017-05-13,0.7677437968840162
Arsenal,2017-05-16,0.7947201384881708
Arsenal,2017-05-21,0.7914021927293711
Arsenal,2017-08-11,0.7918349682631275
Arsenal,2017-08-19,0.6860227604318646
Arsenal,2017-08-27,0.7067405894368252
Arsenal,2017-09-09,0.85205719288007
Arsenal,2017-09-17,0.824482054274876
Arsenal,2017-09-25,0.7566106647187728
Arsenal,2017-10-01,0.7801314828341855
Arsenal,2017-10-14,0.7452527023079171
Arsenal,2017-10-22,0.7736203409419243
Arsenal,2017-10-28,0.7415486853510546
Arsenal,2017-11-05,0.8181161514013291
Arsenal,2017-11-18,0.8319849754406241
Arsenal,2017-11-26,0.8789496465156543
Arsenal,2017-11-29,0.8389842735535997
Arsenal,2017-12-02,0.8721500721500721
Arsenal,2017-12-10,0.9245310245310245
Arsenal,2017-12-13,0.9128427128427128
Arsenal,2017-12-16,0.7487734487734488
Arsenal,2017-12-22,0.7982683982683982
Arsenal,2017-12-28,0.8362193362193362
Arsenal,2017-12-31,0.76002886002886
Arsenal,2018-01-03,0.7721500721500721
Arsenal,2018-01-14,0.6975468975468976
Arsenal,2018-01-20,0.6483405483405483
Arsenal,2018-01-30,0.7991341991341991
Arsenal,2018-02-03,0.6505050505050505
Arsenal,2018-02-10,0.6784992784992785
Arsenal,2018-03-01,0.7769119769119769
Arsenal,2018-03-04,0.593939393939394
Arsenal,2018-03-11,0.7555555555555555
Arsenal,2018-04-01,0.7135642135642135
Arsenal,2018-04-08,0.688023088023088
Arsenal,2018-04-15,0.6520923520923521
Arsenal,2018-04-22,0.580952380952381
Arsenal,2018-04-29,0.6662337662337663
Arsenal,2018-05-06,0.5681096681096681
Arsenal,2018-05-09,0.6271284271284271
Arsenal,2018-05-13,0.593939393939394
Arsenal,2018-08-12,0.7272064186725018
Arsenal,2018-08-18,0.5286652078774617
Arsenal,2018-08-25,0.6644784828592268
Arsenal,2018-09-02,0.7197665937272064
Arsenal,2018-09-15,0.7159737417943107
Arsenal,2018-09-23,0.8023340627279358
Arsenal,2018-09-29,0.811816192560175
Arsenal,2018-10-07,0.7852813852813852
Arsenal,2018-10-22,0.7581529581529581
Arsenal,2018-10-28,0.7633477633477633
Arsenal,2018-11-03,0.7810966810966811
Arsenal,2018-11-11,0.8075036075036075
Arsenal,2018-11-25,0.8634920634920635
Arsenal,2018-12-02,0.7487734487734488
Arsenal,2018-12-05,0.8786435786435787
Arsenal,2018-12-08,0.8373737373737373
Arsenal,2018-12-16,0.8453102453102453
Arsenal,2018-12-22,0.6937950937950937
Arsenal,2018-12-26,0.6965367965367966
Arsenal,2018-12-29,0.7479076479076479
Arsenal,2019-01-01,0.8122655122655122
Arsenal,2019-01-12,0.7926406926406926
Arsenal,2019-01-19,0.8565656565656565
Arsenal,2019-01-29,0.8535353535353535
Arsenal,2019-02-03,0.6757575757575758
Arsenal,2019-02-09,0.7266955266955267
Arsenal,2019-02-24,0.6621933621933622
Arsenal,2019-02-27,0.7899826789838337
Arsenal,2019-03-02,0.7576501154734411
Arsenal,2019-03-10,0.8071593533487298
Arsenal,2019-04-01,0.6664260969976905
Arsenal,2019-04-07,0.7641971749783799
Arsenal,2019-04-15,0.7901412510810032
Arsenal,2019-04-21,0.7359469587777457
Arsenal,2019-04-24,0.6579250720461095
Arsenal,2019-04-28,0.7629682997118156
Arsenal,2019-05-05,0.7600864553314121
Arsenal,2019-05-12,0.7855068254429277
Arsenal,2019-08-11,0.5545375218150087
Arsenal,2019-08-17,0.433665981802172
Arsenal,2019-08-24,0.4796420581655481
Arsenal,2019-09-01,0.6334855403348554
Arsenal,2019-09-15,0.6985915492957746
Arsenal,2019-09-22,0.7155555555555555
Arsenal,2019-09-30,0.7357918263090677
Arsenal,2019-10-06,0.7577142857142857
Arsenal,2019-10-21,0.8411581874693277
Arsenal,2019-10-27,0.8731937002760188
Arsenal,2019-11-02,0.8589124839124839
Arsenal,2019-11-09,0.8479226133840787
Arsenal,2019-11-23,0.6388367729831145
Arsenal,2019-12-01,0.7319635408620423
Arsenal,2019-12-05,0.7878787878787878
Arsenal,2019-12-09,0.7137479295286855
Arsenal,2019-12-15,0.6804324973719778
Arsenal,2019-12-21,0.6578432847044668
Arsenal,2019-12-26,0.6104677395097007
Arsenal,2019-12-29,0.6894269815009776
Arsenal,2020-01-01,0.722873459573189
Arsenal,2020-01-11,0.8135922330097087
Arsenal,2020-01-18,0.8409467812452887
Arsenal,2020-01-21,0.6498629302467256
Arsenal,2020-02-02,0.6520414381474711
Arsenal,2020-02-16,0.780184331797235
Arsenal,2020-02-23,0.7460829493087557
Arsenal,2020-03-07,0.7604604137501945
Arsenal,2020-06-17,0.7173261863471544
Arsenal,2020-06-20,0.7729747038104386
Arsenal,2020-06-25,0.6443667567138089
Arsenal,2020-07-01,0.6610546378653113
Arsenal,2020-07-04,0.6999686323713927
Arsenal,2020-07-07,0.8043341708542714
Arsenal,2020-07-12,0.8211243611584327
Arsenal,2020-07-15,0.8187662635848768
Arsenal,2020-07-21,0.7484143763213531
Arsenal,2020-07-26,0.8099135970895862
Arsenal,2020-09-12,0.7877968139464984
Arsenal,2020-09-19,0.5430334035510082
Arsenal,2020-09-28,0.6612563871355576
Arsenal,2020-10-04,0.6956717763751127
Arsenal,2020-10-17,0.656118776244751
Arsenal,2020-10-25,0.6978331849213416
Arsenal,2020-11-01,0.7098711189220855
Arsenal,2020-11-08,0.7254301545640128
Arsenal,2020-11-22,0.8483405483405484
Arsenal,2020-11-29,0.7705627705627706
Arsenal,2020-12-06,0.8402495647127104
Arsenal,2020-12-13,0.8508415554265816
Arsenal,2020-12-16,0.8686883343006384
Arsenal,2020-12-19,0.6772594752186589
Arsenal,2020-12-26,0.6611533957845434
Arsenal,2020-12-29,0.6110948477751756
Arsenal,2021-01-02,0.7532562564027514
Arsenal,2021-01-14,0.7835831756658419
Arsenal,2021-01-18,0.6949497889681269
Arsenal,2021-01-26,0.7207102314073642
Arsenal,2021-01-30,0.6765174561784731
Arsenal,2021-02-02,0.6442585112521638
Arsenal,2021-02-06,0.7901341410644742
Arsenal,2021-02-14,0.7059251710583783
Arsenal,2021-02-21,0.7293638084146163
Arsenal,2021-02-28,0.7820643470665308
Arsenal,2021-03-06,0.6955888775658756
Arsenal,2021-03-14,0.6350269325957199
Arsenal,2021-03-21,0.7447582993593477
Arsenal,2021-04-03,0.7155963302752294
Arsenal,2021-04-11,0.5972582972582973
Arsenal,2021-04-18,0.5818181818181818
Arsenal,2021-04-23,0.4922077922077922
Arsenal,2021-05-02,0.6556998556998557
Arsenal,2021-05-09,0.5685425685425686
Arsenal,2021-05-12,0.6823953823953824
Arsenal,2021-05-19,0.6604617604617604
Arsenal,2021-05-23,0.7380952380952381
Arsenal,2021-08-13,0.7321789321789322
Arsenal,2021-08-22,0.467965367965368
Arsenal,2021-08-28,0.5801193421627129
Arsenal,2021-09-11,0.6067055393586006
Arsenal,2021-09-18,0.5365172667156503
Arsenal,2021-09-26,0.604261572373255
Arsenal,2021-10-02,0.6295371050698017
Arsenal,2021-10-18,0.7059515062454078
Arsenal,2021-10-22,0.763884807522774
Arsenal,2021-10-30,0.701238164603059
Arsenal,2021-11-07,0.8247782463283408
Arsenal,2021-11-20,0.8016731573633348
Arsenal,2021-11-27,0.9056821459475051
Arsenal,2021-12-02,0.9101528699163542
Arsenal,2021-12-06,0.8588116527256995
Arsenal,2021-12-11,0.799221116399827
Arsenal,2021-12-15,0.7286888792730419
Arsenal,2021-12-18,0.8517022504327756
Arsenal,2021-12-26,0.8730341941999712
Arsenal,2022-01-01,0.7966810966810967
Arsenal,2022-01-23,0.92005772005772
Arsenal,2022-02-10,0.7069140455138426
Arsenal,2022-02-19,0.913030874039716
Arsenal,2022-02-24,0.8108461762140157
Arsenal,2022-03-06,0.8810700785111951
Arsenal,2022-03-13,0.9296409361825847
Arsenal,2022-03-16,0.9376453488372093
Arsenal,2022-03-19,0.952906976744186
Arsenal,2022-04-04,0.8275213427868615
Arsenal,2022-04-09,0.8788887281146
Arsenal,2022-04-16,0.8130409694171956
Arsenal,2022-04-20,0.759665320253895
Arsenal,2022-04-23,0.8304717933920069
Arsenal,2022-05-01,0.7972875486942721
Arsenal,2022-05-08,0.7739469128678592
Arsenal,2022-05-12,0.788547526323381
Arsenal,2022-05-16,0.8876550331698875
Arsenal,2022-05-22,0.9272938781445398
Arsenal,2022-08-05,0.8660753235422423
Arsenal,2022-08-13,0.627017594881489
Arsenal,2022-08-20,0.7416024429256943
Arsenal,2022-08-27,0.7873763816172193
Arsenal,2022-08-31,0.8152727272727273
Arsenal,2022-09-04,0.8001454545454545
Arsenal,2022-09-18,0.8299192152336988
Arsenal,2022-10-01,0.7911136757068667
Arsenal,2022-10-09,0.9795211998846265
Arsenal,2022-10-16,0.9061012548680225
Arsenal,2022-10-23,0.9185291997116077
Arsenal,2022-10-30,0.9325162220620044
Arsenal,2022-11-06,0.9456302278627056
Arsenal,2022-11-12,0.8834727430054803
Arsenal,2022-12-26,0.9111751982696468
Arsenal,2022-12-31,0.8465974625144176
Arsenal,2023-01-03,0.8915957906876171
Arsenal,2023-01-15,0.8767123287671232
Arsenal,2023-01-22,0.9312184571016583
Arsenal,2023-02-04,0.9094709528614675
Arsenal,2023-02-11,0.9517151916978956
Arsenal,2023-02-15,0.9483926769496901
Arsenal,2023-02-18,0.896308047303144
Arsenal,2023-02-25,0.9264387710947641
Arsenal,2023-03-01,0.9919250180245134
Arsenal,2023-03-04,0.9782295271049596
Arsenal,2023-03-12,0.8781367176233055
Arsenal,2023-03-19,0.8846098370113947
Arsenal,2023-04-01,0.8169623539593249
Arsenal,2023-04-09,0.8628299437472955
Arsenal,2023-04-16,0.8351363046300303
Arsenal,2023-04-21,0.8457654018179195
Arsenal,2023-04-26,0.8300389554176887
Arsenal,2023-05-02,0.9210792093493002
Arsenal,2023-05-07,0.9655172413793104
Arsenal,2023-05-14,0.907372673495888
Arsenal,2023-05-20,0.8571634684749675
Arsenal,2023-05-28,0.8122925984706392
Arsenal,2023-08-12,0.8655316693117876
Arsenal,2023-08-21,0.5976911976911977
Arsenal,2023-08-26,0.7435786435786436
Arsenal,2023-09-03,0.8133777327349067
Arsenal,2023-09-17,0.7562246670526925
Arsenal,2023-09-24,0.6929088277858176
Arsenal,2023-09-30,0.6839363241678726
Arsenal,2023-10-08,0.7612501808710751
Arsenal,2023-10-21,0.8050933294747504
Arsenal,2023-10-28,0.8924902329619447
Arsenal,2023-11-04,0.7157484857225267
Arsenal,2023-11-11,0.8205682965527189
Arsenal,2023-11-25,0.7840138508151782
Arsenal,2023-12-02,0.8536972848064702
Arsenal,2023-12-05,0.9533574007220217
Arsenal,2023-12-09,0.8053991626966941
Arsenal,2023-12-17,0.848274866464559
Arsenal,2023-12-23,0.9008371824480369
Arsenal,2023-12-28,0.8955116178380719
Arsenal,2023-12-31,0.8594313753788425
Arsenal,2024-01-20,0.9071510957324106
Arsenal,2024-01-30,0.9762042111335448
Arsenal,2024-02-04,0.9875937680323139
Arsenal,2024-02-11,0.8805884049610614
Arsenal,2024-02-17,0.8331169767777297
Arsenal,2024-02-24,0.8831506058857472
Arsenal,2024-03-04,0.905799192152337
Arsenal,2024-03-09,0.9033467974610502
Arsenal,2024-03-31,0.7937103289094056
Arsenal,2024-04-03,0.9108610990913024
Arsenal,2024-04-06,0.7975761073438177
Arsenal,2024-04-14,0.8474967537151926
Arsenal,2024-04-20,0.8793824844899726
Arsenal,2024-04-23,0.8362429663829173
Arsenal,2024-04-28,0.9062184388977059
Arsenal,2024-05-04,0.8320588659645073
Arsenal,2024-05-12,0.8836940836940836
Arsenal,2024-05-19,0.9337662337662338
Arsenal,2024-08-17,0.8832948643969994
Arsenal,2024-08-24,0.9105597230236584
Arsenal,2024-08-31,0.8821407963069822
Arsenal,2024-09-15,0.923398730525101
Arsenal,2024-09-22,0.7483674357858076
Arsenal,2024-09-28,0.8502394427514149
Arsenal,2024-10-05,0.7926099021469256
Arsenal,2024-10-19,0.7908267601519136
Arsenal,2024-10-27,0.7791733605958814
Arsenal,2024-11-02,0.791955208486813
Arsenal,2024-11-10,0.8984823928097834
Arsenal,2024-11-23,0.8799062683069713
Arsenal,2024-11-30,0.7026947861745753
Arsenal,2024-12-04,0.7677532013969732
Arsenal,2024-12-08,0.7749963615194295
Arsenal,2024-12-14,0.8265172463979042
Arsenal,2024-12-21,0.8896263165488385
Arsenal,2024-12-27,0.8906362718222479
Arsenal,2025-01-01,0.7909392584042707
Arsenal,2025-01-04,0.8278747655460973
Arsenal,2025-01-15,0.7025389497980381
Arsenal,2025-01-18,0.8003462204270052
Arsenal,2025-01-25,0.7330832491703939
Arsenal,2025-02-02,0.7795411917472226
Arsenal,2025-02-15,0.9349215572341661
Arsenal,2025-02-22,0.8229741504501887
Arsenal,2025-02-26,0.846064478652338
Arsenal,2025-03-09,0.8273150844496214
Arsenal,2025-03-16,0.902300524170064
Arsenal,2025-04-01,0.8928363424577752
Arsenal,2025-04-05,0.8978017178628621
Arsenal,2025-04-12,0.7988721804511278
Arsenal,2025-04-20,0.8777842059589239
Arsenal,2025-04-23,0.7587503615851895
Arsenal,2025-05-03,0.7870437166354062
Arsenal,2025-05-11,0.8656759486365604
Arsenal,2025-05-18,0.7815611022940413
Arsenal,2025-05-25,0.8431854314207256
Arsenal,2025-08-17,0.8627167630057804
Arsenal,2025-08-23,0.638150289017341
Arsenal,2025-08-31,0.5979768786127168
Arsenal,2025-09-13,0.5552023121387283
Arsenal,2025-09-21,0.6710982658959538
Arsenal,2025-09-28,0.7400289017341041
Arsenal,2025-10-04,0.7964512406231967
Arsenal,2025-10-18,0.8317703073149618
Arsenal,2025-10-26,0.8394171115279181
Arsenal,2025-11-01,0.9187824581650318
Arsenal,2025-11-08,0.8974321984997115
Arsenal,2025-11-23,0.8527333044857925
Arsenal,2025-11-30,0.8195586326265686
Arsenal,2025-12-03,0.751766911870763
Arsenal,2025-12-06,0.7747007067647483
Arsenal,2025-12-13,0.858358574931487
Arsenal,2025-12-20,0.8329245419131438
Arsenal,2025-12-27,0.820805078632232
Arsenal,2025-12-30,0.7220779220779221
Arsenal,2026-01-03,0.7616161616161616
Arsenal,2026-01-08,0.8448549574253139
Arsenal,2026-01-17,0.8719872997546544
Arsenal,2026-01-25,0.8600086592581903
Arsenal,2026-01-31,0.9284271284271284
Arsenal,2026-02-07,0.8571428571428571
Arsenal,2026-02-12,0.8033189033189033
Arsenal,2026-02-18,0.8085137085137085
Arsenal,2026-02-22,0.8851370851370851
Arsenal,2026-03-01,0.9052084836242966
Arsenal,2026-03-04,0.83799769186382
Arsenal,2026-03-14,0.8300634737449509
Arsenal,2026-04-11,0.907530294287363
Arsenal,2026-04-19,0.7492787074437391
Arsenal,2026-04-25,0.8235718407386036
Arsenal,2026-05-02,0.8486728216964801
Arsenal,2026-05-10,0.7814168229692685
Arsenal,2026-05-18,0.8584415584415584
Arsenal,2026-05-24,0.8800865800865801
Aston Villa,2012-10-07,0.7348515656771045
Aston Villa,2012-10-20,0.7792823290453622
Aston Villa,2012-10-27,0.7608948285880303
Aston Villa,2012-11-03,0.7566821615339918
Aston Villa,2012-11-10,0.7359697586507705
Aston Villa,2012-11-17,0.7961616749054958
Aston Villa,2012-11-24,0.74265774934574
Aston Villa,2012-11-27,0.8096830473974993
Aston Villa,2012-12-01,0.7560691961040849
Aston Villa,2012-12-08,0.7166690845785579
Aston Villa,2012-12-15,0.7761497171043087
Aston Villa,2012-12-23,0.7641033039965373
Aston Villa,2012-12-26,0.812463935372187
Aston Villa,2012-12-29,0.6739757645701097
Aston Villa,2013-01-01,0.7485574148874784
Aston Villa,2013-01-12,0.7724715048333574
Aston Villa,2013-01-19,0.7385658635117588
Aston Villa,2013-01-29,0.758909248304718
Aston Villa,2013-02-02,0.695137786755158
Aston Villa,2013-02-10,0.7395382395382395
Aston Villa,2013-02-23,0.6664262011253788
Aston Villa,2013-03-04,0.7619391141249459
Aston Villa,2013-03-09,0.8372529216563267
Aston Villa,2013-03-16,0.8584619823979224
Aston Villa,2013-03-31,0.9017457798297503
Aston Villa,2013-04-06,0.8782282498917905
Aston Villa,2013-04-13,0.8622132448420141
Aston Villa,2013-04-22,0.8161616161616162
Aston Villa,2013-04-29,0.895959595959596
Aston Villa,2013-05-04,0.8497835497835498
Aston Villa,2013-05-11,0.8760461760461761
Aston Villa,2013-05-19,0.8154401154401154
Aston Villa,2013-08-17,0.8473470571180052
Aston Villa,2013-08-21,0.767903740214555
Aston Villa,2013-08-24,0.7160046390258046
Aston Villa,2013-09-14,0.7522470281240939
Aston Villa,2013-09-21,0.787329660771238
Aston Villa,2013-09-28,0.6955639315743694
Aston Villa,2013-10-05,0.6103218324151928
Aston Villa,2013-10-20,0.7707070707070707
Aston Villa,2013-10-26,0.8542568542568543
Aston Villa,2013-11-02,0.797979797979798
Aston Villa,2013-11-09,0.6978354978354978
Aston Villa,2013-11-25,0.6988455988455988
Aston Villa,2013-11-30,0.9161616161616162
Aston Villa,2013-12-04,0.8512265512265512
Aston Villa,2013-12-08,0.9171717171717172
Aston Villa,2013-12-15,0.7865800865800866
Aston Villa,2013-12-21,0.8164502164502164
Aston Villa,2013-12-26,0.6453102453102453
Aston Villa,2013-12-28,0.7425685425685425
Aston Villa,2014-01-01,0.8672438672438673
Aston Villa,2014-01-13,0.7447330447330447
Aston Villa,2014-01-18,0.8529581529581529
Aston Villa,2014-01-29,0.7112554112554113
Aston Villa,2014-02-01,0.755988455988456
Aston Villa,2014-02-08,0.7642135642135642
Aston Villa,2014-02-11,0.806060606060606
Aston Villa,2014-02-23,0.7473304473304473
Aston Villa,2014-03-02,0.8206349206349206
Aston Villa,2014-03-15,0.8652236652236652
Aston Villa,2014-03-23,0.8630591630591631
Aston Villa,2014-03-29,0.9157287157287157
Aston Villa,2014-04-05,0.807936507936508
Aston Villa,2014-04-12,0.6494949494949495
Aston Villa,2014-04-19,0.7806954263454047
Aston Villa,2014-04-26,0.8392728322031453
Aston Villa,2014-05-03,0.8861636127542923
Aston Villa,2014-05-07,0.8897705958736113
Aston Villa,2014-05-11,0.7818496609435868
Aston Villa,2014-08-16,0.8287404414947338
Aston Villa,2014-08-23,0.5302265185398932
Aston Villa,2014-08-31,0.6448773448773448
Aston Villa,2014-09-13,0.6455988455988456
Aston Villa,2014-09-20,0.6682539682539682
Aston Villa,2014-09-27,0.638003174145145
Aston Villa,2014-10-04,0.7713172702351753
Aston Villa,2014-10-18,0.7782426778242678
Aston Villa,2014-10-27,0.7729043428076756
Aston Villa,2014-11-02,0.5706247294762661
Aston Villa,2014-11-08,0.7381330255374405
Aston Villa,2014-11-24,0.7632836253076589
Aston Villa,2014-11-29,0.7195598668017953
Aston Villa,2014-12-02,0.7347618358187347
Aston Villa,2014-12-07,0.7730167921250723
Aston Villa,2014-12-13,0.7814128546612623
Aston Villa,2014-12-20,0.8244064852345108
Aston Villa,2014-12-26,0.7105263157894737
Aston Villa,2014-12-28,0.827021494370522
Aston Villa,2015-01-01,0.8231939163498099
Aston Villa,2015-01-10,0.8737678387523907
Aston Villa,2015-01-17,0.8680105944673338
Aston Villa,2015-02-01,0.7706003531489112
Aston Villa,2015-02-07,0.7903178340200118
Aston Villa,2015-02-10,0.7912296037296037
Aston Villa,2015-02-21,0.7617941646102482
Aston Villa,2015-02-28,0.7427783422848019
Aston Villa,2015-03-03,0.7453102453102453
Aston Villa,2015-03-14,0.7414141414141414
Aston Villa,2015-03-21,0.6935064935064935
Aston Villa,2015-04-04,0.8393759930665896
Aston Villa,2015-04-07,0.7431749241658241
Aston Villa,2015-04-11,0.6761519572439694
Aston Villa,2015-04-25,0.6871298569984111
Aston Villa,2015-05-02,0.7129856998411094
Aston Villa,2015-05-09,0.6690741008233425
Aston Villa,2015-05-16,0.775418833044483
Aston Villa,2015-05-24,0.7254760530871321
Aston Villa,2015-08-08,0.6547893825735719
Aston Villa,2015-08-14,0.34838430467397574
Aston Villa,2015-08-22,0.361800346220427
Aston Villa,2015-08-29,0.4502308136180035
Aston Villa,2015-09-13,0.4460473167916907
Aston Villa,2015-09-19,0.591112393593998
Aston Villa,2015-09-26,0.6884559884559884
Aston Villa,2015-10-03,0.6588744588744588
Aston Villa,2015-10-17,0.7535353535353535
Aston Villa,2015-10-24,0.6978354978354978
Aston Villa,2015-11-02,0.6619047619047619
Aston Villa,2015-11-08,0.7369408369408369
Aston Villa,2015-11-21,0.6741702741702742
Aston Villa,2015-11-28,0.7392496392496393
Aston Villa,2015-12-05,0.717027417027417
Aston Villa,2015-12-13,0.7157287157287158
Aston Villa,2015-12-19,0.745058433126533
Aston Villa,2015-12-26,0.7297648247006204
Aston Villa,2015-12-28,0.7506853267926706
Aston Villa,2016-01-02,0.7604963208772183
Aston Villa,2016-01-12,0.6570480450151494
Aston Villa,2016-01-16,0.5615351320155821
Aston Villa,2016-01-23,0.7257645701096365
Aston Villa,2016-02-02,0.7626947489901904
Aston Villa,2016-02-06,0.6925851125216388
Aston Villa,2016-02-14,0.7308645575156728
Aston Villa,2016-02-27,0.810932944606414
Aston Villa,2016-03-01,0.8230320699708454
Aston Villa,2016-03-05,0.6825072886297376
Aston Villa,2016-03-13,0.7458813238081353
Aston Villa,2016-03-19,0.6706036745406824
Aston Villa,2016-04-02,0.731116943715369
Aston Villa,2016-04-09,0.7237050930601645
Aston Villa,2016-04-16,0.6375451263537906
Aston Villa,2016-04-23,0.7734296028880866
Aston Villa,2016-04-30,0.795956678700361
Aston Villa,2016-05-07,0.7422382671480144
Aston Villa,2016-05-15,0.6354950781702374
Aston Villa,2019-08-10,0.6786334684423856
Aston Villa,2019-08-17,0.009698899826288361
Aston Villa,2019-08-23,0.13525242297121365
Aston Villa,2019-08-31,0.27715897584261534
Aston Villa,2019-09-16,0.38029798929553016
Aston Villa,2019-09-22,0.5134506325432602
Aston Villa,2019-09-28,0.632143893240499
Aston Villa,2019-10-05,0.7470263997679141
Aston Villa,2019-10-19,0.8389904264577894
Aston Villa,2019-10-26,0.8756890049318248
Aston Villa,2019-11-02,0.8669857847403539
Aston Villa,2019-11-10,0.834638816362054
Aston Villa,2019-11-25,0.6812409812409812
Aston Villa,2019-12-01,0.7294372294372294
Aston Villa,2019-12-04,0.8301832347424614
Aston Villa,2019-12-08,0.7704515942865388
Aston Villa,2019-12-14,0.9241090751695282
Aston Villa,2019-12-21,0.7651132592699467
Aston Villa,2019-12-26,0.8023373250613187
Aston Villa,2019-12-28,0.735968835665849
Aston Villa,2020-01-01,0.7590882862088864
Aston Villa,2020-01-12,0.6863367479440197
Aston Villa,2020-01-18,0.6095801471649113
Aston Villa,2020-01-21,0.6540181791949213
Aston Villa,2020-02-01,0.6771028711585629
Aston Villa,2020-02-16,0.7170682441206175
Aston Villa,2020-02-22,0.7169239647958447
Aston Villa,2020-03-09,0.7948051948051948
Aston Villa,2020-06-17,0.6691197691197691
Aston Villa,2020-06-21,0.7516594516594517
Aston Villa,2020-06-24,0.7665223665223665
Aston Villa,2020-06-27,0.8163059163059163
Aston Villa,2020-07-05,0.8522366522366522
Aston Villa,2020-07-09,0.6789321789321789
Aston Villa,2020-07-12,0.8212121212121212
Aston Villa,2020-07-16,0.8398268398268398
Aston Villa,2020-07-21,0.7985569985569986
Aston Villa,2020-07-26,0.8046176046176046
Aston Villa,2020-09-21,0.8915019477708844
Aston Villa,2020-09-28,0.655799192152337
Aston Villa,2020-10-04,0.7036930178880554
Aston Villa,2020-10-18,0.7263416041546451
Aston Villa,2020-10-23,0.7533179457587997
Aston Villa,2020-11-01,0.8108770917484132
Aston Villa,2020-11-08,0.8716099249855741
Aston Villa,2020-11-21,0.9052084836242966
Aston Villa,2020-11-30,0.9874458874458875
Aston Villa,2020-12-12,0.9305916305916306
Aston Villa,2020-12-17,0.8375180375180376
Aston Villa,2020-12-20,0.5886514582731736
Aston Villa,2020-12-26,0.7705746462604678
Aston Villa,2020-12-28,0.9006641640196361
Aston Villa,2021-01-01,0.8244696309212438
Aston Villa,2021-01-20,0.8830281894798023
Aston Villa,2021-01-23,0.8962510897994769
Aston Villa,2021-01-27,0.8375472246439989
Aston Villa,2021-01-30,0.8993610223642172
Aston Villa,2021-02-03,0.8923903572465873
Aston Villa,2021-02-06,0.9500508203862349
Aston Villa,2021-02-13,0.8565863511758764
Aston Villa,2021-02-21,0.9396912422449863
Aston Villa,2021-02-27,0.7942576828740442
Aston Villa,2021-03-03,0.6938392728322031
Aston Villa,2021-03-06,0.7977203866685904
Aston Villa,2021-03-12,0.8225364305295051
Aston Villa,2021-03-21,0.8874458874458875
Aston Villa,2021-04-04,0.8346320346320346
Aston Villa,2021-04-10,0.8591630591630591
Aston Villa,2021-04-21,0.8886002886002886
Aston Villa,2021-04-25,0.8621933621933622
Aston Villa,2021-05-01,0.8396404233724808
Aston Villa,2021-05-09,0.8608292258625688
Aston Villa,2021-05-13,0.8941875634149877
Aston Villa,2021-05-16,0.8414033053058858
Aston Villa,2021-05-19,0.7444186720788635
Aston Villa,2021-05-23,0.7935633516961438
Aston Villa,2021-08-14,0.7757646035657342
Aston Villa,2021-08-21,0.6917195614541258
Aston Villa,2021-08-28,0.5939979800894531
Aston Villa,2021-09-11,0.6392496392496393
Aston Villa,2021-09-18,0.6270379454624152
Aston Villa,2021-09-25,0.7867551579858606
Aston Villa,2021-10-03,0.7209637858894821
Aston Villa,2021-10-16,0.7873015873015873
Aston Villa,2021-10-22,0.8974025974025974
Aston Villa,2021-10-31,0.9038961038961039
Aston Villa,2021-11-05,0.7434343434343434
Aston Villa,2021-11-20,0.6997097242380261
Aston Villa,2021-11-27,0.8474600870827286
Aston Villa,2021-12-01,0.865021770682148
Aston Villa,2021-12-05,0.8277213352685051
Aston Villa,2021-12-11,0.7927431059506531
Aston Villa,2021-12-14,0.8889695210449927
Aston Villa,2021-12-26,0.8336719883889695
Aston Villa,2022-01-02,0.7367965367965368
Aston Villa,2022-01-15,0.6717171717171717
Aston Villa,2022-01-22,0.713997113997114
Aston Villa,2022-02-09,0.8105339105339106
Aston Villa,2022-02-13,0.8154667436156399
Aston Villa,2022-02-19,0.769486143187067
Aston Villa,2022-02-26,0.8159642032332564
Aston Villa,2022-03-05,0.8148094688221709
Aston Villa,2022-03-10,0.8083140877598153
Aston Villa,2022-03-13,0.93114896073903
Aston Villa,2022-03-19,0.9451501154734411
Aston Villa,2022-04-02,0.8546268225783167
Aston Villa,2022-04-09,0.8721500721500721
Aston Villa,2022-04-23,0.925974025974026
Aston Villa,2022-04-30,0.8455988455988456
Aston Villa,2022-05-07,0.8655316693117876
Aston Villa,2022-05-10,0.8425912566729188
Aston Villa,2022-05-15,0.7731929014572212
Aston Villa,2022-05-19,0.8871735680277016
Aston Villa,2022-05-22,0.82383494445246
Aston Villa,2022-08-06,0.7944019621988169
Aston Villa,2022-08-13,0.7707401529360842
Aston Villa,2022-08-20,0.8642135642135642
Aston Villa,2022-08-28,0.8727823453050627
Aston Villa,2022-08-31,0.8433578537429685
Aston Villa,2022-09-03,0.8892414190943179
Aston Villa,2022-09-16,0.8657340640323046
Aston Villa,2022-10-02,0.8491708723864456
Aston Villa,2022-10-10,0.7144917087238645
Aston Villa,2022-10-16,0.7550108147080029
Aston Villa,2022-10-20,0.8504039238315061
Aston Villa,2022-10-23,0.8319388343912291
Aston Villa,2022-10-29,0.9098942488772997
Aston Villa,2022-11-06,0.9558163117485151
Aston Villa,2022-11-13,0.9233555491161982
Aston Villa,2022-12-26,0.8575981457337389
Aston Villa,2023-01-01,0.7576416050992322
Aston Villa,2023-01-04,0.8334057656091555
Aston Villa,2023-01-13,0.8500651890482399
Aston Villa,2023-01-21,0.8078199394026836
Aston Villa,2023-02-04,0.8102726879238206
Aston Villa,2023-02-12,0.8977059587361131
Aston Villa,2023-02-18,0.8434343434343434
Aston Villa,2023-02-25,0.8626262626262626
Aston Villa,2023-03-04,0.8438672438672439
Aston Villa,2023-03-12,0.8952380952380953
Aston Villa,2023-03-18,0.8783549783549783
Aston Villa,2023-04-01,0.8360750360750361
Aston Villa,2023-04-04,0.8957010963646855
Aston Villa,2023-04-08,0.8656953260242354
Aston Villa,2023-04-15,0.8504039238315061
Aston Villa,2023-04-22,0.8392960184650894
Aston Villa,2023-04-25,0.9033607384970431
Aston Villa,2023-04-30,0.9222558776864273
Aston Villa,2023-05-06,0.9463435742102986
Aston Villa,2023-05-13,0.9303130861347569
Aston Villa,2023-05-20,0.8994373106333863
Aston Villa,2023-05-28,0.9567224466243508
Aston Villa,2023-08-12,0.7703404500865552
Aston Villa,2023-08-20,0.659645072861059
Aston Villa,2023-08-27,0.6517097099985572
Aston Villa,2023-09-03,0.5934208627903621
Aston Villa,2023-09-16,0.7830038955417689
Aston Villa,2023-09-24,0.8259991343240514
Aston Villa,2023-09-30,0.9137209637858895
Aston Villa,2023-10-08,0.8980239434588201
Aston Villa,2023-10-22,0.9596192673781367
Aston Villa,2023-10-29,0.9325064897605999
Aston Villa,2023-11-05,0.9725987885780213
Aston Villa,2023-11-12,0.9860149942329873
Aston Villa,2023-11-26,0.9159457900807382
Aston Villa,2023-12-03,0.9519826964671954
Aston Villa,2023-12-06,0.912761355443403
Aston Villa,2023-12-09,0.8981828670320161
Aston Villa,2023-12-17,0.9655420991926182
Aston Villa,2023-12-22,0.7639850057670127
Aston Villa,2023-12-26,0.7097332372025955
Aston Villa,2023-12-30,0.7616438356164383
Aston Villa,2024-01-14,0.7998558038932949
Aston Villa,2024-01-30,0.8136717623305452
Aston Villa,2024-02-03,0.8123738102105567
Aston Villa,2024-02-11,0.9060877091748413
Aston Villa,2024-02-17,0.8691575302942873
Aston Villa,2024-02-24,0.7902178617804069
Aston Villa,2024-03-02,0.8110213502596654
Aston Villa,2024-03-10,0.8709258725122584
Aston Villa,2024-03-17,0.8831674599740372
Aston Villa,2024-03-30,0.7895193977996525
Aston Villa,2024-04-03,0.6936884771279676
Aston Villa,2024-04-06,0.5799681574757563
Aston Villa,2024-04-14,0.804602692140686
Aston Villa,2024-04-21,0.7330342931558386
Aston Villa,2024-04-27,0.7692864379794471
Aston Villa,2024-05-05,0.9007379539863984
Aston Villa,2024-05-13,0.7893598615916955
Aston Villa,2024-05-19,0.8175266647448832
Aston Villa,2024-08-17,0.6044399596367306
Aston Villa,2024-08-24,0.720628513766758
Aston Villa,2024-08-31,0.7474762042111336
Aston Villa,2024-09-14,0.7329102970868185
Aston Villa,2024-09-21,0.6855164454702828
Aston Villa,2024-09-29,0.8031155344006924
Aston Villa,2024-10-06,0.7752452394691287
Aston Villa,2024-10-19,0.7185516445470282
Aston Villa,2024-10-26,0.8655510675129833
Aston Villa,2024-11-03,0.8892094633583382
Aston Villa,2024-11-09,0.9186381996537796
Aston Villa,2024-11-23,0.9034910559723024
Aston Villa,2024-12-01,0.8006059731640456
Aston Villa,2024-12-04,0.7992784992784993
Aston Villa,2024-12-07,0.7574314574314575
Aston Villa,2024-12-14,0.8193362193362194
Aston Villa,2024-12-21,0.86998556998557
Aston Villa,2024-12-26,0.7864974033467974
Aston Villa,2024-12-30,0.8722053944901197
Aston Villa,2025-01-04,0.8462545454545455
Aston Villa,2025-01-15,0.7082181818181819
Aston Villa,2025-01-18,0.6957090909090909
Aston Villa,2025-01-26,0.8064
Aston Villa,2025-02-01,0.8576
Aston Villa,2025-02-15,0.7833551578641059
Aston Villa,2025-02-19,0.6775320139697323
Aston Villa,2025-02-22,0.7366522366522367
Aston Villa,2025-02-25,0.7914862914862915
Aston Villa,2025-03-08,0.7708513708513709
Aston Villa,2025-04-02,0.7458874458874459
Aston Villa,2025-04-05,0.7866108786610879
Aston Villa,2025-04-12,0.8221035925551868
Aston Villa,2025-04-19,0.8134468330688213
Aston Villa,2025-04-22,0.8066657048045015
Aston Villa,2025-05-03,0.8163324195642765
Aston Villa,2025-05-10,0.8030587216851826
Aston Villa,2025-05-16,0.7978646659933631
Aston Villa,2025-05-25,0.7245664739884393
Aston Villa,2025-08-16,0.8718393295766508
Aston Villa,2025-08-23,0.6548865619546248
Aston Villa,2025-08-31,0.789112667834209
Aston Villa,2025-09-13,0.6806771745475774
Aston Villa,2025-09-21,0.6641856392294221
Aston Villa,2025-09-28,0.7645942790426153
Aston Villa,2025-10-05,0.797435150102011
Aston Villa,2025-10-19,0.8189768255356362
Aston Villa,2025-10-26,0.7969021424435437
Aston Villa,2025-11-01,0.8377091748413157
Aston Villa,2025-11-09,0.8662723600692441
Aston Villa,2025-11-23,0.9415753029428736
Aston Villa,2025-11-30,0.8727639930755915
Aston Villa,2025-12-03,0.9385458742065782
Aston Villa,2025-12-06,0.8743508366993653
Aston Villa,2025-12-14,0.8659451659451659
Aston Villa,2025-12-21,0.770995670995671
Aston Villa,2025-12-27,0.8737373737373737
Aston Villa,2025-12-30,0.888023088023088
Aston Villa,2026-01-03,0.6642135642135643
Aston Villa,2026-01-07,0.8598845598845599
Aston Villa,2026-01-18,0.8985716346847497
Aston Villa,2026-01-25,0.724570769008801
Aston Villa,2026-02-01,0.8104169672485932
Aston Villa,2026-02-07,0.5488385514355792
Aston Villa,2026-02-11,0.7157697301976627
Aston Villa,2026-02-21,0.6883566584908383
Aston Villa,2026-02-27,0.7791083537729043
Aston Villa,2026-03-04,0.8246753246753247
Aston Villa,2026-03-15,0.8806637806637807
Aston Villa,2026-03-22,0.8157287157287157
Aston Villa,2026-04-12,0.8266955266955267
Aston Villa,2026-04-19,0.6292929292929293
Aston Villa,2026-04-25,0.810561246573366
Aston Villa,2026-05-03,0.7879093925840427
Aston Villa,2026-05-10,0.631943442504689
Aston Villa,2026-05-15,0.8297503967681431
Aston Villa,2026-05-24,0.8164766988890492
Bournemouth,2015-09-26,0.7848919410220158
Bournemouth,2015-10-03,0.7958256185827302
Bournemouth,2015-10-17,0.7632376280479007
Bournemouth,2015-10-25,0.7066801327369788
Bournemouth,2015-11-01,0.8275862068965517
Bournemouth,2015-11-07,0.6994227994227994
Bournemouth,2015-11-21,0.6735930735930736
Bournemouth,2015-11-28,0.83001443001443
Bournemouth,2015-12-05,0.8762083393449719
Bournemouth,2015-12-12,0.7845909681142692
Bournemouth,2015-12-19,0.8222478718799596
Bournemouth,2015-12-26,0.8011830904631366
Bournemouth,2015-12-28,0.8183523301110951
Bournemouth,2016-01-02,0.9030442937527052
Bournemouth,2016-01-12,0.9408454768431683
Bournemouth,2016-01-16,0.883282586631869
Bournemouth,2016-01-23,0.8577642453240539
Bournemouth,2016-02-02,0.9360684256306175
Bournemouth,2016-02-07,0.8566458907087984
Bournemouth,2016-02-13,0.9482608695652174
Bournemouth,2016-02-27,0.971159420289855
Bournemouth,2016-03-01,0.9230434782608695
Bournemouth,2016-03-05,0.9306216645031011
Bournemouth,2016-03-12,0.8649935093033319
Bournemouth,2016-03-20,0.8916774844944468
Bournemouth,2016-04-02,0.9249855741488748
Bournemouth,2016-04-09,0.8508151781849661
Bournemouth,2016-04-17,0.7646804212956283
Bournemouth,2016-04-23,0.819532602423543
Bournemouth,2016-04-30,0.8245816503173687
Bournemouth,2016-05-07,0.8065493364108482
Bournemouth,2016-05-17,0.8482181503390565
Bournemouth,2016-08-14,0.8023373250613187
Bournemouth,2016-08-21,0.6931178762083393
Bournemouth,2016-08-27,0.7170682441206175
Bournemouth,2016-09-10,0.7559635680208183
Bournemouth,2016-09-17,0.7777938412606621
Bournemouth,2016-09-24,0.8185629608211652
Bournemouth,2016-10-01,0.7978892583489953
Bournemouth,2016-10-15,0.8907198612315698
Bournemouth,2016-10-22,0.9443561208267091
Bournemouth,2016-10-29,0.841740135857783
Bournemouth,2016-11-05,0.9249855741488748
Bournemouth,2016-11-19,0.8320830929024813
Bournemouth,2016-11-27,0.6777264858626659
Bournemouth,2016-12-04,0.6801788805539527
Bournemouth,2016-12-10,0.8365315250324629
Bournemouth,2016-12-13,0.8307359307359308
Bournemouth,2016-12-18,0.8431457431457432
Bournemouth,2016-12-26,0.838839994228827
Bournemouth,2016-12-31,0.7932477276006348
Bournemouth,2017-01-03,0.8594719376713317
Bournemouth,2017-01-14,0.831048910691098
Bournemouth,2017-01-21,0.7609763142692085
Bournemouth,2017-01-31,0.717793183131138
Bournemouth,2017-02-04,0.7778740612362796
Bournemouth,2017-02-13,0.7113967932977033
Bournemouth,2017-02-25,0.8220424671385238
Bournemouth,2017-03-04,0.797631084789831
Bournemouth,2017-03-11,0.7645529394771053
Bournemouth,2017-03-18,0.7471314451706609
Bournemouth,2017-04-01,0.817283950617284
Bournemouth,2017-04-05,0.8969072164948454
Bournemouth,2017-04-08,0.8211122404530274
Bournemouth,2017-04-15,0.862639756062146
Bournemouth,2017-04-22,0.8713518222738493
Bournemouth,2017-04-29,0.9064904893277189
Bournemouth,2017-05-06,0.8835833814195038
Bournemouth,2017-05-13,0.8266262801096207
Bournemouth,2017-05-21,0.8825566296349733
Bournemouth,2017-08-12,0.6403116433415091
Bournemouth,2017-08-19,0.7251478863078921
Bournemouth,2017-08-26,0.695137786755158
Bournemouth,2017-09-09,0.6081373539171837
Bournemouth,2017-09-15,0.7228793998845932
Bournemouth,2017-09-23,0.7524166786899438
Bournemouth,2017-09-30,0.7635603000577034
Bournemouth,2017-10-14,0.7671667628390075
Bournemouth,2017-10-21,0.8172244662435084
Bournemouth,2017-10-28,0.7514425851125216
Bournemouth,2017-11-04,0.7823139065204847
Bournemouth,2017-11-18,0.7896407444813158
Bournemouth,2017-11-25,0.8479295916895109
Bournemouth,2017-11-29,0.8116194625998547
Bournemouth,2017-12-03,0.8321231484170781
Bournemouth,2017-12-09,0.7916061574208539
Bournemouth,2017-12-13,0.8270654856976913
Bournemouth,2017-12-17,0.7242631043995934
Bournemouth,2017-12-23,0.8593001306809932
Bournemouth,2017-12-26,0.6245099462755916
Bournemouth,2017-12-30,0.721004039238315
Bournemouth,2018-01-01,0.7563122204588083
Bournemouth,2018-01-14,0.7187995960178907
Bournemouth,2018-01-20,0.8230880230880231
Bournemouth,2018-01-31,0.858750541047468
Bournemouth,2018-02-03,0.8245563410763238
Bournemouth,2018-02-11,0.8635314483554529
Bournemouth,2018-02-24,0.9564402134718015
Bournemouth,2018-03-03,0.8799942304918505
Bournemouth,2018-03-11,0.8263378047021491
Bournemouth,2018-03-17,0.9229881742140179
Bournemouth,2018-03-31,0.9366796480600029
Bournemouth,2018-04-07,0.8494158372998701
Bournemouth,2018-04-14,0.8348240046162724
Bournemouth,2018-04-18,0.8751983840715626
Bournemouth,2018-04-28,0.8874621266772471
Bournemouth,2018-05-05,0.9069398355215698
Bournemouth,2018-05-13,0.8663780663780664
Bournemouth,2018-08-11,0.7912579342181189
Bournemouth,2018-08-18,0.8389349628982977
Bournemouth,2018-08-25,0.8727272727272727
Bournemouth,2018-09-01,0.9027050610820244
Bournemouth,2018-09-15,0.7704439252336449
Bournemouth,2018-09-22,0.8040303738317757
Bournemouth,2018-10-01,0.7941004672897196
Bournemouth,2018-10-06,0.8063102541630149
Bournemouth,2018-10-20,0.9187545257060101
Bournemouth,2018-10-27,0.898449949297407
Bournemouth,2018-11-03,0.8446827006664734
Bournemouth,2018-11-10,0.8763347763347763
Bournemouth,2018-11-25,0.8767854566440629
Bournemouth,2018-12-01,0.8790939258404271
Bournemouth,2018-12-04,0.7990478938257357
Bournemouth,2018-12-08,0.8861800346220428
Bournemouth,2018-12-15,0.7510457233520842
Bournemouth,2018-12-22,0.7232078465310833
Bournemouth,2018-12-26,0.8818693206404155
Bournemouth,2018-12-30,0.8964373287177269
Bournemouth,2019-01-02,0.811625558921102
Bournemouth,2019-01-13,0.7889497980380843
Bournemouth,2019-01-19,0.6895556837853434
Bournemouth,2019-01-30,0.752272399365171
Bournemouth,2019-02-02,0.7187364777152748
Bournemouth,2019-02-09,0.7074260994953137
Bournemouth,2019-02-23,0.666858955869628
Bournemouth,2019-02-27,0.6172483415056245
Bournemouth,2019-03-02,0.687238644556597
Bournemouth,2019-03-09,0.7103249097472925
Bournemouth,2019-03-16,0.7833935018050542
Bournemouth,2019-03-30,0.6682553437319468
Bournemouth,2019-04-06,0.6700375613984397
Bournemouth,2019-04-13,0.7336030049118751
Bournemouth,2019-04-20,0.7421265530193586
Bournemouth,2019-04-27,0.7280739777488803
Bournemouth,2019-05-04,0.817775212812004
Bournemouth,2019-05-12,0.5915452315683163
Bournemouth,2019-08-10,0.7190058479532164
Bournemouth,2019-08-17,0.6532819676989183
Bournemouth,2019-08-25,0.6397037037037037
Bournemouth,2019-08-31,0.7638518518518519
Bournemouth,2019-09-15,0.7931851851851852
Bournemouth,2019-09-20,0.752
Bournemouth,2019-09-28,0.7812175973929788
Bournemouth,2019-10-06,0.7538731365097925
Bournemouth,2019-10-19,0.8693206404154046
Bournemouth,2019-10-26,0.8088574725908828
Bournemouth,2019-11-02,0.88199653779573
Bournemouth,2019-11-09,0.853000577034045
Bournemouth,2019-11-23,0.8827178303519908
Bournemouth,2019-11-30,0.8327802625883711
Bournemouth,2019-12-03,0.7712665406427222
Bournemouth,2019-12-07,0.8230332994038098
Bournemouth,2019-12-14,0.7283699287480006
Bournemouth,2019-12-21,0.5912461829286025
Bournemouth,2019-12-26,0.7290969899665551
Bournemouth,2019-12-28,0.6795114148611313
Bournemouth,2020-01-01,0.7328777083030391
Bournemouth,2020-01-12,0.7505050505050505
Bournemouth,2020-01-18,0.592929292929293
Bournemouth,2020-01-21,0.7585858585858586
Bournemouth,2020-02-01,0.7338087614612138
Bournemouth,2020-02-09,0.676466307669917
Bournemouth,2020-02-22,0.7439988290398126
Bournemouth,2020-02-29,0.7419496487119438
Bournemouth,2020-03-07,0.6823770491803278
Bournemouth,2020-06-20,0.7454625292740047
Bournemouth,2020-06-24,0.6239754098360656
Bournemouth,2020-07-01,0.7753591641271224
Bournemouth,2020-07-04,0.6887244231606443
Bournemouth,2020-07-09,0.7515151515151515
Bournemouth,2020-07-12,0.6816738816738817
Bournemouth,2020-07-15,0.8004329004329004
Bournemouth,2020-07-19,0.7876208339344972
Bournemouth,2020-07-26,0.8368436237738026
Bournemouth,2022-08-06,0.821263704558569
Bournemouth,2022-08-13,0.40940565493364106
Bournemouth,2022-08-20,0.4582431847684985
Bournemouth,2022-08-27,0.44937986732044993
Bournemouth,2022-08-31,0.5142774733198731
Bournemouth,2022-09-03,0.5955574787249387
Bournemouth,2022-09-17,0.7126370455856895
Bournemouth,2022-10-01,0.7327660801845977
Bournemouth,2022-10-08,0.8007497116493656
Bournemouth,2022-10-15,0.8141312184571017
Bournemouth,2022-10-19,0.9254506128334535
Bournemouth,2022-10-24,0.8780100937274694
Bournemouth,2022-10-29,0.96366258111031
Bournemouth,2022-11-05,0.8220620043258832
Bournemouth,2022-11-12,0.8098947064762729
Bournemouth,2022-12-27,0.7821382195931323
Bournemouth,2022-12-31,0.7153368922233444
Bournemouth,2023-01-03,0.7577200577200577
Bournemouth,2023-01-14,0.8132756132756133
Bournemouth,2023-01-21,0.6063492063492063
Bournemouth,2023-02-04,0.4728715728715729
Bournemouth,2023-02-11,0.5477633477633478
Bournemouth,2023-02-18,0.6471861471861472
Bournemouth,2023-02-25,0.704040404040404
Bournemouth,2023-03-04,0.7341991341991342
Bournemouth,2023-03-11,0.7451659451659451
Bournemouth,2023-03-18,0.7585858585858586
Bournemouth,2023-04-01,0.83001443001443
Bournemouth,2023-04-04,0.8743508366993653
Bournemouth,2023-04-08,0.8071541901052935
Bournemouth,2023-04-15,0.7811914034328573
Bournemouth,2023-04-23,0.9101399105726237
Bournemouth,2023-04-27,0.8823020337516226
Bournemouth,2023-04-30,0.8361459685561806
Bournemouth,2023-05-06,0.7904830569574621
Bournemouth,2023-05-13,0.8022501081782778
Bournemouth,2023-05-20,0.8372998701860667
Bournemouth,2023-05-28,0.6991201500072118
Bournemouth,2023-08-12,0.7070532237126785
Bournemouth,2023-08-19,0.5752199624981971
Bournemouth,2023-08-26,0.6855618058560508
Bournemouth,2023-09-02,0.6860481892944741
Bournemouth,2023-09-17,0.6411773192901458
Bournemouth,2023-09-24,0.7464646464646465
Bournemouth,2023-09-30,0.8389610389610389
Bournemouth,2023-10-07,0.8393939393939394
Bournemouth,2023-10-21,0.8388167388167388
Bournemouth,2023-10-28,0.8753246753246753
Bournemouth,2023-11-04,0.7023498694516971
Bournemouth,2023-11-11,0.7841601392515231
Bournemouth,2023-11-25,0.7521032782129388
Bournemouth,2023-12-03,0.8015953589557651
Bournemouth,2023-12-06,0.7870920957215374
Bournemouth,2023-12-09,0.7859628770301624
Bournemouth,2023-12-23,0.8081496519721578
Bournemouth,2023-12-26,0.7650028851702251
Bournemouth,2023-12-31,0.7866416618580496
Bournemouth,2024-01-21,0.9303231390652048
Bournemouth,2024-02-01,0.6766700331842447
Bournemouth,2024-02-04,0.8833718244803695
Bournemouth,2024-02-10,0.9484699769053118
Bournemouth,2024-02-17,0.8698353077145333
Bournemouth,2024-02-24,0.8699797746316094
Bournemouth,2024-03-03,0.8949877220858009
Bournemouth,2024-03-09,0.8772208580095334
Bournemouth,2024-03-13,0.8600317781308682
Bournemouth,2024-03-30,0.7974299740109732
Bournemouth,2024-04-02,0.8023675472787642
Bournemouth,2024-04-06,0.8717726813789124
Bournemouth,2024-04-13,0.9215573179524152
Bournemouth,2024-04-21,0.7372368041534468
Bournemouth,2024-04-24,0.8543409287568503
Bournemouth,2024-04-28,0.7590135563888087
Bournemouth,2024-05-04,0.6556406182290915
Bournemouth,2024-05-11,0.7430304781164235
Bournemouth,2024-05-19,0.8561317347970533
Bournemouth,2024-08-17,0.8571015749169195
Bournemouth,2024-08-25,0.6783701777199826
Bournemouth,2024-08-31,0.7692529981216587
Bournemouth,2024-09-14,0.7751769975437075
Bournemouth,2024-09-21,0.7892383150605886
Bournemouth,2024-09-30,0.7797979797979798
Bournemouth,2024-10-05,0.815007215007215
Bournemouth,2024-10-19,0.8552669552669553
Bournemouth,2024-10-26,0.9251082251082251
Bournemouth,2024-11-02,0.8556998556998557
Bournemouth,2024-11-09,0.8090909090909091
Bournemouth,2024-11-23,0.8798153224642908
Bournemouth,2024-11-30,0.8537007646804213
Bournemouth,2024-12-05,0.7555908238349445
Bournemouth,2024-12-08,0.8565863511758764
Bournemouth,2024-12-16,0.8275862068965517
Bournemouth,2024-12-22,0.8402827874765546
Bournemouth,2024-12-26,0.874909825422017
Bournemouth,2024-12-29,0.8409812409812409
Bournemouth,2025-01-04,0.7388167388167388
Bournemouth,2025-01-14,0.7987012987012987
Bournemouth,2025-01-18,0.7334776334776335
Bournemouth,2025-01-25,0.7995670995670996
Bournemouth,2025-02-01,0.835401038661281
Bournemouth,2025-02-15,0.8595124765613732
Bournemouth,2025-02-22,0.8808596567142651
Bournemouth,2025-02-25,0.9303331890956296
Bournemouth,2025-03-09,0.8818737270875764
Bournemouth,2025-03-15,0.9121326738434682
Bournemouth,2025-04-02,0.9831272727272727
Bournemouth,2025-04-05,0.822057325767496
Bournemouth,2025-04-14,0.8067520372526193
Bournemouth,2025-04-19,0.8086716135603085
Bournemouth,2025-04-27,0.9000436490615452
Bournemouth,2025-05-03,0.9112810155799193
Bournemouth,2025-05-10,0.8810935917835961
Bournemouth,2025-05-20,0.9007523148148148
Bournemouth,2025-05-25,0.8453414351851852
Bournemouth,2025-08-15,0.8459753444525018
Bournemouth,2025-08-23,0.4616499927504712
Bournemouth,2025-08-30,0.5893607769241919
Bournemouth,2025-09-13,0.6589360776924192
Bournemouth,2025-09-21,0.6613183000867303
Bournemouth,2025-09-27,0.7418702124584478
Bournemouth,2025-10-03,0.789998554704437
Bournemouth,2025-10-18,0.8842272202998847
Bournemouth,2025-10-26,0.7977787393624693
Bournemouth,2025-11-02,0.7831794575879977
Bournemouth,2025-11-09,0.9069800980674935
Bournemouth,2025-11-22,0.8971733487164696
Bournemouth,2025-11-29,0.8066051341217191
Bournemouth,2025-12-02,0.8676088837611768
Bournemouth,2025-12-06,0.7939140467262763
Bournemouth,2025-12-15,0.7653591000865302
Bournemouth,2025-12-20,0.8750901485648348
Bournemouth,2025-12-27,0.8660031732294822
Bournemouth,2025-12-30,0.9000720980533525
Bournemouth,2026-01-03,0.780069224113066
Bournemouth,2026-01-07,0.8405191059841385
Bournemouth,2026-01-19,0.8735400144196107
Bournemouth,2026-01-24,0.7877739331026529
Bournemouth,2026-01-31,0.7028975061265677
Bournemouth,2026-02-07,0.7771049596309112
Bournemouth,2026-02-10,0.8441240086517664
Bournemouth,2026-02-21,0.8862456747404844
Bournemouth,2026-02-28,0.8826412918108419
Bournemouth,2026-03-03,0.8886966551326413
Bournemouth,2026-03-14,0.8929910585520623
Bournemouth,2026-03-20,0.9176402711668831
Bournemouth,2026-04-11,0.922533179457588
Bournemouth,2026-04-18,0.9327658346558938
Bournemouth,2026-04-22,0.9474899019042123
Bournemouth,2026-05-03,0.9826864810272687
Bournemouth,2026-05-09,0.9868724754760531
Bournemouth,2026-05-19,0.9176402711668831
Bournemouth,2026-05-24,0.8506899055918664
Brentford,2021-10-03,0.9597887896019497
Brentford,2021-10-16,0.799120730470071
Brentford,2021-10-24,0.8019988412514485
Brentford,2021-10-30,0.8946987253765932
Brentford,2021-11-06,0.7310254924681344
Brentford,2021-11-20,0.7801274623406721
Brentford,2021-11-28,0.7543453070683661
Brentford,2021-12-02,0.7610389610389611
Brentford,2021-12-05,0.8360750360750361
Brentford,2021-12-10,0.7875901875901876
Brentford,2021-12-26,0.7074015293608426
Brentford,2021-12-29,0.7046602221901601
Brentford,2022-01-02,0.6162169961044582
Brentford,2022-01-11,0.7880536719088155
Brentford,2022-01-16,0.766700331842447
Brentford,2022-01-19,0.838839994228827
Brentford,2022-01-22,0.7819939402683596
Brentford,2022-02-09,0.8008658008658008
Brentford,2022-02-12,0.6301587301587301
Brentford,2022-02-19,0.6725829725829726
Brentford,2022-02-26,0.7493506493506493
Brentford,2022-03-05,0.8199134199134199
Brentford,2022-03-12,0.832579185520362
Brentford,2022-03-20,0.8787038388556415
Brentford,2022-04-02,0.8350846468184472
Brentford,2022-04-10,0.9430823117338003
Brentford,2022-04-16,0.8744892002335085
Brentford,2022-04-23,0.9004670169293637
Brentford,2022-05-02,0.6967308814944542
Brentford,2022-05-07,0.8678401385081518
Brentford,2022-05-15,0.7818496609435868
Brentford,2022-05-22,0.9197343727443338
Brentford,2022-08-07,0.8258986574274578
Brentford,2022-08-13,0.7606837606837606
Brentford,2022-08-20,0.8373171085035492
Brentford,2022-08-27,0.7847312762567
Brentford,2022-08-30,0.7767637259162683
Brentford,2022-09-03,0.7279837775202781
Brentford,2022-09-18,0.8557984653250326
Brentford,2022-10-01,0.8534819748081657
Brentford,2022-10-08,0.9056413215986149
Brentford,2022-10-14,0.8342230558360987
Brentford,2022-10-19,0.7766556052517675
Brentford,2022-10-23,0.7962775934208628
Brentford,2022-10-29,0.8016159284374549
Brentford,2022-11-05,0.8506708988601933
Brentford,2022-11-12,0.7519838407156254
Brentford,2022-12-26,0.8339344971865532
Brentford,2022-12-30,0.8298946760929159
Brentford,2023-01-02,0.8705814456788342
Brentford,2023-01-14,0.8395845354875938
Brentford,2023-01-22,0.8638199653779572
Brentford,2023-02-04,0.8874783612233121
Brentford,2023-02-11,0.9355164454702828
Brentford,2023-02-18,0.91200230813618
Brentford,2023-03-06,0.8414827635944035
Brentford,2023-03-11,0.9242752055387278
Brentford,2023-03-15,0.8951543120853764
Brentford,2023-03-18,0.8781191403432858
Brentford,2023-04-01,0.8890812058272032
Brentford,2023-04-05,0.8909720219209691
Brentford,2023-04-08,0.9413037207960773
Brentford,2023-04-15,0.9234097793163133
Brentford,2023-04-22,0.9394201644309823
Brentford,2023-04-26,0.9340643485788487
Brentford,2023-04-29,0.855597230236584
Brentford,2023-05-06,0.8561950093754508
Brentford,2023-05-14,0.8880553952683208
Brentford,2023-05-20,0.8162146566647432
Brentford,2023-05-28,0.8848817080207733
Brentford,2023-08-13,0.84333525678015
Brentford,2023-08-19,0.7031159838430467
Brentford,2023-08-26,0.7026403116433415
Brentford,2023-09-02,0.7248196248196248
Brentford,2023-09-16,0.8455988455988456
Brentford,2023-09-23,0.8800865800865801
Brentford,2023-10-01,0.7373737373737373
Brentford,2023-10-07,0.8011544011544012
Brentford,2023-10-21,0.7461760461760462
Brentford,2023-10-28,0.7691197691197691
Brentford,2023-11-04,0.8777777777777778
Brentford,2023-11-12,0.8695526695526695
Brentford,2023-11-25,0.8890491992497475
Brentford,2023-12-02,0.7177896407444813
Brentford,2023-12-06,0.7161401990480312
Brentford,2023-12-09,0.6711854629362561
Brentford,2023-12-17,0.7023363138159793
Brentford,2023-12-27,0.8054513989039516
Brentford,2023-12-30,0.7181489515545915
Brentford,2024-01-20,0.8290425224182818
Brentford,2024-01-31,0.6397165172114551
Brentford,2024-02-05,0.761822125813449
Brentford,2024-02-10,0.8108186288689615
Brentford,2024-02-17,0.8146059291395517
Brentford,2024-02-20,0.8565437454808388
Brentford,2024-02-26,0.8071820017306028
Brentford,2024-03-02,0.9030862417075282
Brentford,2024-03-09,0.789731756561869
Brentford,2024-03-16,0.813013995094503
Brentford,2024-03-30,0.8277801817395067
Brentford,2024-04-03,0.7495256166982922
Brentford,2024-04-06,0.8811852284338053
Brentford,2024-04-13,0.9313968763684134
Brentford,2024-04-20,0.7857247117209166
Brentford,2024-04-27,0.8065363291508608
Brentford,2024-05-04,0.8809454333236066
Brentford,2024-05-11,0.8291009924109749
Brentford,2024-05-19,0.9316313284292514
Brentford,2024-08-18,0.7960478869176403
Brentford,2024-08-25,0.7927304197317179
Brentford,2024-08-31,0.8197288722238246
Brentford,2024-09-14,0.8541336026547396
Brentford,2024-09-21,0.8157553022651854
Brentford,2024-09-28,0.705381618814024
Brentford,2024-10-05,0.6967248593276584
Brentford,2024-10-19,0.8551435579281489
Brentford,2024-10-26,0.9590364921390452
Brentford,2024-11-04,0.896999422965955
Brentford,2024-11-09,0.9307559145989613
Brentford,2024-11-23,0.9076878696091158
Brentford,2024-11-30,0.8852198990627254
Brentford,2024-12-04,0.9593377868138252
Brentford,2024-12-07,0.8613128085971536
Brentford,2024-12-15,0.8400639163277165
Brentford,2024-12-21,0.9411764705882353
Brentford,2024-12-27,0.726797385620915
Brentford,2025-01-01,0.7548293391430646
Brentford,2025-01-04,0.8507918058985907
Brentford,2025-01-14,0.8635314483554529
Brentford,2025-01-18,0.8716099249855741
Brentford,2025-01-26,0.8933929601846509
Brentford,2025-02-02,0.9522435435002164
Brentford,2025-02-15,0.7681765724177726
Brentford,2025-02-21,0.8825566296349733
Brentford,2025-02-26,0.8010962065483918
Brentford,2025-03-08,0.7481609692773691
Brentford,2025-03-15,0.8374441078898024
Brentford,2025-04-02,0.9342370925872512
Brentford,2025-04-06,0.9509662532448803
Brentford,2025-04-12,0.9076878696091158
Brentford,2025-04-19,0.9215346891677485
Brentford,2025-05-01,0.9271494518176573
Brentford,2025-05-04,0.8883600173085244
Brentford,2025-05-10,0.9146112793884321
Brentford,2025-05-18,0.8889209463358339
Brentford,2025-05-25,0.9616327708062887
Brentford,2025-08-17,0.9698543199192269
Brentford,2025-08-23,0.518390307226309
Brentford,2025-08-30,0.6656087709174842
Brentford,2025-09-13,0.6981676525753859
Brentford,2025-09-20,0.7010963646855164
Brentford,2025-09-27,0.7976345016587336
Brentford,2025-10-05,0.8447778418926717
Brentford,2025-10-20,0.8235972883311697
Brentford,2025-10-25,0.8934237092587252
Brentford,2025-11-01,0.9501081470800289
Brentford,2025-11-09,0.9349863053193023
Brentford,2025-11-22,0.8853806228373703
Brentford,2025-11-29,0.9733275663206459
Brentford,2025-12-03,0.9119088811995386
Brentford,2025-12-06,0.957035755478662
Brentford,2025-12-14,0.9841384282624369
Brentford,2025-12-20,0.9013556388808769
Brentford,2025-12-27,0.7396133871898442
Brentford,2026-01-01,0.8244373918061165
Brentford,2026-01-04,0.7782426778242678
Brentford,2026-01-07,0.8689943731063339
Brentford,2026-01-17,0.8985716346847497
Brentford,2026-01-25,0.9132881258115711
Brentford,2026-02-01,0.9969705712637046
Brentford,2026-02-07,0.957732256203116
Brentford,2026-02-12,0.8165310865775712
Brentford,2026-02-21,0.860691458454387
Brentford,2026-02-28,0.9096586782861292
Brentford,2026-03-03,0.7588611272515979
Brentford,2026-03-16,0.8974433468913422
Brentford,2026-03-21,0.8345198314688362
Brentford,2026-04-11,0.7403748365538283
Brentford,2026-04-18,0.7538594719376713
Brentford,2026-04-27,0.7951233588226807
Brentford,2026-05-02,0.8438672438672439
Brentford,2026-05-09,0.9083694083694084
Brentford,2026-05-17,0.8831674599740372
Brentford,2026-05-24,0.9682677051781335
Brighton,2017-10-01,0.9341547162189456
Brighton,2017-10-15,0.7801716882679683
Brighton,2017-10-20,0.8738998701486077
Brighton,2017-10-29,0.8272976482470062
Brighton,2017-11-04,0.853267926706103
Brighton,2017-11-20,0.9238095238095239
Brighton,2017-11-25,0.9167388167388167
Brighton,2017-11-28,0.965945165945166
Brighton,2017-12-02,0.9152958152958153
Brighton,2017-12-09,0.9670995670995671
Brighton,2017-12-13,0.8357864357864357
Brighton,2017-12-16,0.8604617604617605
Brighton,2017-12-23,0.9405483405483406
Brighton,2017-12-26,0.7968253968253968
Brighton,2017-12-30,0.8348001731351897
Brighton,2018-01-01,0.8138796710431395
Brighton,2018-01-13,0.8032030010099552
Brighton,2018-01-20,0.8336459385370076
Brighton,2018-01-31,0.8102726879238206
Brighton,2018-02-03,0.7554465445101717
Brighton,2018-02-10,0.8395613908526908
Brighton,2018-02-24,0.8910533910533911
Brighton,2018-03-04,0.9083694083694084
Brighton,2018-03-10,0.9391141249458953
Brighton,2018-03-31,0.8176309334872313
Brighton,2018-04-07,0.8271926022251119
Brighton,2018-04-14,0.934258055194336
Brighton,2018-04-17,0.9061549601737872
Brighton,2018-04-28,0.8124547429398986
Brighton,2018-05-04,0.913685734974656
Brighton,2018-05-09,0.9154113557358053
Brighton,2018-05-13,0.8718320057929037
Brighton,2018-08-11,0.8318148951554591
Brighton,2018-08-19,0.7858279103398409
Brighton,2018-08-25,0.8096955706247295
Brighton,2018-09-01,0.7271022645319487
Brighton,2018-09-17,0.8241742391461128
Brighton,2018-09-22,0.8129236982547238
Brighton,2018-09-29,0.8625216387766879
Brighton,2018-10-05,0.8270340450086555
Brighton,2018-10-20,0.7863531448355453
Brighton,2018-10-27,0.7041257934218119
Brighton,2018-11-03,0.8047619047619048
Brighton,2018-11-10,0.8473304473304474
Brighton,2018-11-24,0.816017316017316
Brighton,2018-12-01,0.7273785277858598
Brighton,2018-12-04,0.7241780622636019
Brighton,2018-12-08,0.6786909090909091
Brighton,2018-12-16,0.6536034052546602
Brighton,2018-12-22,0.6803170409511229
Brighton,2018-12-26,0.7516512549537648
Brighton,2018-12-29,0.7211595055915244
Brighton,2019-01-02,0.6634559252772912
Brighton,2019-01-12,0.7286923525977816
Brighton,2019-01-19,0.7226682236169902
Brighton,2019-01-29,0.7798350933024736
Brighton,2019-02-02,0.8294517575582236
Brighton,2019-02-09,0.7778099233328511
Brighton,2019-02-26,0.8704184704184704
Brighton,2019-03-02,0.8945165945165945
Brighton,2019-03-09,0.6542568542568542
Brighton,2019-03-30,0.8083694083694084
Brighton,2019-04-03,0.8508151781849661
Brighton,2019-04-13,0.8257105756745059
Brighton,2019-04-16,0.8167652575385947
Brighton,2019-04-20,0.7057461282385294
Brighton,2019-04-23,0.6950354609929078
Brighton,2019-04-27,0.7873787812997539
Brighton,2019-05-05,0.7795628889853814
Brighton,2019-05-12,0.8296178343949044
Brighton,2019-08-10,0.7640758431031988
Brighton,2019-08-17,0.7365754812563323
Brighton,2019-08-24,0.6706578188113098
Brighton,2019-08-31,0.7344200807847663
Brighton,2019-09-14,0.6836437718277066
Brighton,2019-09-21,0.6834982537834692
Brighton,2019-09-28,0.6093408991706678
Brighton,2019-10-05,0.6567229336437719
Brighton,2019-10-19,0.7376309662398137
Brighton,2019-10-26,0.8968277066356228
Brighton,2019-11-02,0.8530145225172363
Brighton,2019-11-10,0.8826523193252872
Brighton,2019-11-23,0.8554602297513451
Brighton,2019-11-30,0.6915357766143106
Brighton,2019-12-05,0.9143397324025596
Brighton,2019-12-08,0.946044211751018
Brighton,2019-12-16,0.7976727272727273
Brighton,2019-12-21,0.8189033189033189
Brighton,2019-12-26,0.8854422161304285
Brighton,2019-12-28,0.7417400086567595
Brighton,2020-01-01,0.7671331698167653
Brighton,2020-01-11,0.8186408887606406
Brighton,2020-01-18,0.7488096955706247
Brighton,2020-01-21,0.8153224642908671
Brighton,2020-02-01,0.7860337613619969
Brighton,2020-02-08,0.6858585858585858
Brighton,2020-02-22,0.6911976911976911
Brighton,2020-02-29,0.7621933621933622
Brighton,2020-03-07,0.7716058288847208
Brighton,2020-06-20,0.7577550137065359
Brighton,2020-06-23,0.8524022507574665
Brighton,2020-06-30,0.8336699365262551
Brighton,2020-07-04,0.8133294864396999
Brighton,2020-07-08,0.8437680323139065
Brighton,2020-07-11,0.8472522717438339
Brighton,2020-07-16,0.895268320830929
Brighton,2020-07-20,0.8974321984997115
Brighton,2020-07-26,0.8938257357184074
Brighton,2020-09-14,0.8479295916895109
Brighton,2020-09-20,0.6444540602913602
Brighton,2020-09-26,0.7477282561661618
Brighton,2020-10-03,0.6888343912290825
Brighton,2020-10-18,0.7970282746682055
Brighton,2020-10-26,0.8542989036353145
Brighton,2020-11-01,0.8035199076745528
Brighton,2020-11-06,0.6132429313329486
Brighton,2020-11-21,0.6935064935064935
Brighton,2020-11-28,0.8265512265512266
Brighton,2020-12-07,0.8156110229404127
Brighton,2020-12-13,0.8542778819795124
Brighton,2020-12-16,0.7186553166931179
Brighton,2020-12-20,0.7769441639013129
Brighton,2020-12-27,0.7286105901024383
Brighton,2020-12-29,0.7779541191747222
Brighton,2021-01-02,0.6465666474321985
Brighton,2021-01-13,0.7402972154090319
Brighton,2021-01-16,0.6486798441783292
Brighton,2021-01-27,0.7928148896263165
Brighton,2021-01-31,0.7576107343817631
Brighton,2021-02-03,0.8842879815322464
Brighton,2021-02-06,0.7779541191747222
Brighton,2021-02-13,0.834054834054834
Brighton,2021-02-22,0.7770562770562771
Brighton,2021-02-27,0.8225108225108225
Brighton,2021-03-06,0.8536796536796537
Brighton,2021-03-14,0.8919191919191919
Brighton,2021-03-20,0.8221035925551868
Brighton,2021-04-04,0.8303275140672342
Brighton,2021-04-12,0.8793824844899726
Brighton,2021-04-20,0.9180493435290723
Brighton,2021-04-24,0.9692685038234021
Brighton,2021-05-01,0.8184966094358679
Brighton,2021-05-09,0.9005915452315684
Brighton,2021-05-15,0.8338141950375072
Brighton,2021-05-18,0.7298042059463379
Brighton,2021-05-23,0.7876722262509065
Brighton,2021-08-14,0.8034807831762146
Brighton,2021-08-21,0.6799129804205947
Brighton,2021-08-28,0.7083393763596809
Brighton,2021-09-11,0.7453226976069616
Brighton,2021-09-19,0.7049180327868853
Brighton,2021-09-27,0.6725829725829726
Brighton,2021-10-02,0.6978354978354978
Brighton,2021-10-16,0.7647907647907648
Brighton,2021-10-23,0.8202020202020202
Brighton,2021-10-30,0.7787878787878788
Brighton,2021-11-06,0.8096681096681096
Brighton,2021-11-20,0.8121212121212121
Brighton,2021-11-27,0.7249639249639249
Brighton,2021-12-01,0.7232323232323232
Brighton,2021-12-04,0.8461760461760461
Brighton,2021-12-15,0.7666425992779783
Brighton,2021-12-26,0.7142857142857143
Brighton,2021-12-29,0.6257402860031778
Brighton,2022-01-02,0.7021522461360682
Brighton,2022-01-14,0.8367759641773798
Brighton,2022-01-18,0.7953199479994222
Brighton,2022-01-23,0.7713419037989311
Brighton,2022-02-12,0.8194284064665127
Brighton,2022-02-15,0.7414141414141414
Brighton,2022-02-19,0.8138796710431395
Brighton,2022-02-26,0.7457577955039884
Brighton,2022-03-05,0.7248730964467005
Brighton,2022-03-12,0.8203045685279188
Brighton,2022-03-16,0.8143582306018854
Brighton,2022-04-02,0.89108049311095
Brighton,2022-04-09,0.8253807106598985
Brighton,2022-04-16,0.75471424427038
Brighton,2022-04-20,0.8431457431457432
Brighton,2022-04-24,0.7855699855699856
Brighton,2022-04-30,0.8391053391053391
Brighton,2022-05-07,0.9178932178932179
Brighton,2022-05-15,0.926984126984127
Brighton,2022-05-22,0.9191919191919192
Brighton,2022-08-07,0.9148629148629148
Brighton,2022-08-13,0.8258297258297258
Brighton,2022-08-21,0.8515579919215234
Brighton,2022-08-27,0.8594922100403923
Brighton,2022-08-30,0.8632626568585028
Brighton,2022-09-04,0.8873503533823741
Brighton,2022-10-01,0.9065339679792298
Brighton,2022-10-08,0.9372746935832732
Brighton,2022-10-14,0.9649603460706561
Brighton,2022-10-18,0.9597576806577239
Brighton,2022-10-22,0.9023510745708928
Brighton,2022-10-29,0.955135603000577
Brighton,2022-11-05,0.8066935949221004
Brighton,2022-11-13,0.9698499711482977
Brighton,2022-12-26,0.8695714904054249
Brighton,2022-12-31,0.7467897850238061
Brighton,2023-01-03,0.6532025389497981
Brighton,2023-01-14,0.8048182342758222
Brighton,2023-01-21,0.889065204847086
Brighton,2023-02-04,0.7952119988462648
Brighton,2023-02-11,0.7490625901355639
Brighton,2023-02-18,0.7634501658733593
Brighton,2023-03-04,0.808596567142651
Brighton,2023-03-11,0.7813040969417195
Brighton,2023-03-15,0.7970282746682055
Brighton,2023-04-01,0.8522792844777842
Brighton,2023-04-04,0.8073871014283653
Brighton,2023-04-08,0.8936661376424758
Brighton,2023-04-15,0.9453260242354299
Brighton,2023-04-26,0.86800346220427
Brighton,2023-04-29,0.8075591459896134
Brighton,2023-05-04,0.9056549336410848
Brighton,2023-05-08,0.8088574725908828
Brighton,2023-05-14,0.9342086279036214
Brighton,2023-05-18,0.8150339056413216
Brighton,2023-05-21,0.8116883116883117
Brighton,2023-05-24,0.8939393939393939
Brighton,2023-05-28,0.8414141414141414
Brighton,2023-08-12,0.7994227994227994
Brighton,2023-08-19,0.6453102453102453
Brighton,2023-08-26,0.6685425685425685
Brighton,2023-09-02,0.5633477633477634
Brighton,2023-09-16,0.5988455988455988
Brighton,2023-09-24,0.6181818181818182
Brighton,2023-09-30,0.5825396825396826
Brighton,2023-10-08,0.6663780663780664
Brighton,2023-10-21,0.6278499278499279
Brighton,2023-10-29,0.7479076479076479
Brighton,2023-11-04,0.7229836964363007
Brighton,2023-11-12,0.7306305006492569
Brighton,2023-11-25,0.6798903635314484
Brighton,2023-12-03,0.6404283027058313
Brighton,2023-12-06,0.7226573832317957
Brighton,2023-12-09,0.7494923121554975
Brighton,2023-12-17,0.8053379750507688
Brighton,2023-12-21,0.8169157115914696
Brighton,2023-12-28,0.7609168721891775
Brighton,2024-01-02,0.7243180499129426
Brighton,2024-01-22,0.6235175007231704
Brighton,2024-01-30,0.7296205453758476
Brighton,2024-02-03,0.8241488747836122
Brighton,2024-02-10,0.7994806693594922
Brighton,2024-02-18,0.6653202538949798
Brighton,2024-02-24,0.717479088549178
Brighton,2024-03-02,0.7062301701759446
Brighton,2024-03-10,0.6184286539572501
Brighton,2024-03-31,0.6798093587521664
Brighton,2024-04-03,0.7285858731763686
Brighton,2024-04-06,0.7351242056614674
Brighton,2024-04-13,0.7371461582900057
Brighton,2024-04-25,0.819271886737937
Brighton,2024-04-28,0.6810170470962149
Brighton,2024-05-05,0.6713316981676526
Brighton,2024-05-11,0.7723272255085846
Brighton,2024-05-15,0.7673110213502596
Brighton,2024-05-19,0.8050786322320012
Brighton,2024-08-17,0.6655605251767421
Brighton,2024-08-24,0.49256961477420286
Brighton,2024-08-31,0.5538883278026259
Brighton,2024-09-14,0.5573983270839342
Brighton,2024-09-22,0.5353331410441303
Brighton,2024-09-28,0.62916486369537
Brighton,2024-10-06,0.579979806721477
Brighton,2024-10-19,0.6898889369681235
Brighton,2024-10-26,0.8029712966969565
Brighton,2024-11-02,0.6787826337804702
Brighton,2024-11-09,0.7624819624819624
Brighton,2024-11-23,0.793939393939394
Brighton,2024-11-29,0.7766556052517675
Brighton,2024-12-05,0.7247826086956521
Brighton,2024-12-08,0.6765217391304348
Brighton,2024-12-15,0.8281159420289855
Brighton,2024-12-21,0.7317391304347826
Brighton,2024-12-27,0.7853623188405797
Brighton,2024-12-30,0.8126086956521739
Brighton,2025-01-04,0.7951877083635309
Brighton,2025-01-16,0.7799422799422799
Brighton,2025-01-19,0.8165945165945165
Brighton,2025-01-25,0.8353772904342808
Brighton,2025-02-01,0.822876099812491
Brighton,2025-02-14,0.666714738967407
Brighton,2025-02-22,0.8004038073262186
Brighton,2025-02-25,0.7558407845399481
Brighton,2025-03-08,0.8032881453706374
Brighton,2025-03-15,0.804902667627974
Brighton,2025-04-02,0.8338621286414768
Brighton,2025-04-05,0.6796018465089441
Brighton,2025-04-12,0.7856009233876785
Brighton,2025-04-19,0.6468551644547028
Brighton,2025-04-26,0.8606462781304097
Brighton,2025-05-04,0.759125144843569
Brighton,2025-05-10,0.8125452701723889
Brighton,2025-05-19,0.8404055032585084
Brighton,2025-05-25,0.8505647263249348
Brighton,2025-08-16,0.6977990153489719
Brighton,2025-08-24,0.7009846510280915
Brighton,2025-08-31,0.7933680857225601
Brighton,2025-09-13,0.6830112489183733
Brighton,2025-09-20,0.7193943763518384
Brighton,2025-09-27,0.7860954853598731
Brighton,2025-10-05,0.855597230236584
Brighton,2025-10-18,0.7818811309867282
Brighton,2025-10-25,0.806377146154956
Brighton,2025-11-01,0.8296552718880715
Brighton,2025-11-09,0.7996538295110341
Brighton,2025-11-22,0.9072685318719353
Brighton,2025-11-30,0.9431785405249495
Brighton,2025-12-03,0.9643784251514278
Brighton,2025-12-07,0.818863570810499
Brighton,2025-12-13,0.8960196134987021
Brighton,2025-12-20,0.9209463358338142
Brighton,2025-12-27,0.6066070398153491
Brighton,2025-12-30,0.9023088023088023
Brighton,2026-01-03,0.8316017316017316
Brighton,2026-01-07,0.7305916305916306
Brighton,2026-01-19,0.7601731601731602
Brighton,2026-01-24,0.7991341991341991
Brighton,2026-01-31,0.7858585858585858
Brighton,2026-02-08,0.7727272727272727
Brighton,2026-02-11,0.7200981099408454
Brighton,2026-02-21,0.8118597604963209
Brighton,2026-03-01,0.7938248448997258
Brighton,2026-03-04,0.8403058280438546
Brighton,2026-03-14,0.8202798211452473
Brighton,2026-03-21,0.7599884609837011
Brighton,2026-04-11,0.9140591204037491
Brighton,2026-04-18,0.8201874549387167
Brighton,2026-04-21,0.8311463590483057
Brighton,2026-05-02,0.8191780821917808
Brighton,2026-05-09,0.8647440519105984
Brighton,2026-05-17,0.7820882607441593
Brighton,2026-05-24,0.8161234496683011
Burnley,2014-11-01,0.9917184265010351
Burnley,2014-11-08,0.9930191972076788
Burnley,2014-11-22,0.8959881129271917
Burnley,2014-11-29,0.9019316493313522
Burnley,2014-12-02,0.9039301310043668
Burnley,2014-12-06,0.9713114754098361
Burnley,2014-12-13,0.9750297265160524
Burnley,2014-12-20,0.9848484848484849
Burnley,2014-12-26,0.9901380670611439
Burnley,2014-12-28,1.0
Burnley,2015-01-01,1.0
Burnley,2015-01-10,1.0
Burnley,2015-01-17,1.0
Burnley,2015-01-31,1.0
Burnley,2015-02-08,1.0
Burnley,2015-02-11,1.0
Burnley,2015-02-21,1.0
Burnley,2015-02-28,1.0
Burnley,2015-03-04,1.0
Burnley,2015-03-14,1.0
Burnley,2015-03-21,0.4882209585702681
Burnley,2015-04-05,0.5267309377738826
Burnley,2015-04-11,0.5833333333333334
Burnley,2015-04-18,0.6363636363636364
Burnley,2015-04-25,0.7
Burnley,2015-05-02,0.7761194029850746
Burnley,2015-05-09,1.0
Burnley,2015-05-16,1.0
Burnley,2015-05-24,0.9225700164744646
Burnley,2016-08-13,1.0
Burnley,2016-08-20,1.0
Burnley,2016-08-27,0.9455228553537883
Burnley,2016-09-10,0.9608626198083067
Burnley,2016-09-17,0.9561787905346187
Burnley,2016-09-26,0.9653018736988203
Burnley,2016-10-02,0.8850794866883739
Burnley,2016-10-16,0.9018294674942829
Burnley,2016-10-22,0.874062319676861
Burnley,2016-10-29,0.785199076745528
Burnley,2016-11-05,0.9099697013417977
Burnley,2016-11-21,0.8599047756456499
Burnley,2016-11-26,0.9509450295772616
Burnley,2016-12-03,0.8547107199538306
Burnley,2016-12-10,0.7001443001443002
Burnley,2016-12-14,0.8535564853556485
Burnley,2016-12-18,0.8255914598961339
Burnley,2016-12-26,0.889225443530939
Burnley,2016-12-31,0.8843213616039233
Burnley,2017-01-02,0.857204673301601
Burnley,2017-01-14,0.8586470503389586
Burnley,2017-01-22,0.8585028126352229
Burnley,2017-01-31,0.8962781304096942
Burnley,2017-02-04,0.9016015005049777
Burnley,2017-02-12,0.8673881673881674
Burnley,2017-02-25,0.8159509202453987
Burnley,2017-03-04,0.8606485539000877
Burnley,2017-03-12,0.7583990651475314
Burnley,2017-03-18,0.904323692667251
Burnley,2017-04-01,0.9260990214692566
Burnley,2017-04-04,0.9554549437709946
Burnley,2017-04-08,0.9015627282021323
Burnley,2017-04-15,0.9057856009233877
Burnley,2017-04-23,0.9332083092902481
Burnley,2017-04-29,0.8858915175995383
Burnley,2017-05-06,0.7566358915175996
Burnley,2017-05-13,0.7401529360842591
Burnley,2017-05-21,0.7791083537729043
Burnley,2017-08-12,0.7472226229981244
Burnley,2017-08-19,0.6299235319578704
Burnley,2017-08-27,0.6936507936507936
Burnley,2017-09-10,0.7428571428571429
Burnley,2017-09-16,0.741991341991342
Burnley,2017-09-23,0.7698412698412699
Burnley,2017-10-01,0.7773448773448773
Burnley,2017-10-14,0.7864357864357865
Burnley,2017-10-21,0.949062049062049
Burnley,2017-10-30,0.9297258297258297
Burnley,2017-11-04,0.8157287157287157
Burnley,2017-11-18,0.9337662337662338
Burnley,2017-11-26,0.8763347763347763
Burnley,2017-11-29,0.941991341991342
Burnley,2017-12-02,0.8766233766233766
Burnley,2017-12-09,0.917039388255663
Burnley,2017-12-12,0.7542923099119896
Burnley,2017-12-16,0.7964512406231967
Burnley,2017-12-23,0.7925562608193883
Burnley,2017-12-26,0.7665897287939989
Burnley,2017-12-30,0.7510098095787652
Burnley,2018-01-01,0.8039526832083093
Burnley,2018-01-13,0.8450440051940556
Burnley,2018-01-20,0.7834367335160871
Burnley,2018-01-31,0.9122655122655122
Burnley,2018-02-03,0.8424242424242424
Burnley,2018-02-10,0.7894660894660894
Burnley,2018-02-24,0.8036075036075037
Burnley,2018-03-03,0.6408369408369409
Burnley,2018-03-10,0.6835497835497836
Burnley,2018-03-31,0.78008658008658
Burnley,2018-04-07,0.7373737373737373
Burnley,2018-04-14,0.7621933621933622
Burnley,2018-04-19,0.8652236652236652
Burnley,2018-04-22,0.8513708513708513
Burnley,2018-04-28,0.9275613275613276
Burnley,2018-05-06,0.9606060606060606
Burnley,2018-05-13,0.9018759018759018
Burnley,2018-08-12,0.8835497835497835
Burnley,2018-08-19,0.8006059731640456
Burnley,2018-08-26,0.8366758043572357
Burnley,2018-09-02,0.8626460828163324
Burnley,2018-09-16,0.6345404703505988
Burnley,2018-09-22,0.7534266339633531
Burnley,2018-09-30,0.7671331698167653
Burnley,2018-10-06,0.8133025537440485
Burnley,2018-10-20,0.9202020202020202
Burnley,2018-10-28,0.9082383494445246
Burnley,2018-11-03,0.831048910691098
Burnley,2018-11-10,0.8203722406579137
Burnley,2018-11-26,0.814168229692685
Burnley,2018-12-01,0.7593420862790362
Burnley,2018-12-05,0.8812581157120185
Burnley,2018-12-08,0.7609291588515366
Burnley,2018-12-15,0.7470418470418471
Burnley,2018-12-22,0.7975468975468976
Burnley,2018-12-26,0.7778418926716676
Burnley,2018-12-30,0.743796884016157
Burnley,2019-01-02,0.6552221581073283
Burnley,2019-01-12,0.8179720178854752
Burnley,2019-01-19,0.7670897029131815
Burnley,2019-01-29,0.7939140467262763
Burnley,2019-02-02,0.8627055090856648
Burnley,2019-02-09,0.9186381996537796
Burnley,2019-02-23,0.9059434506635892
Burnley,2019-02-26,0.992931332948644
Burnley,2019-03-02,0.9041985283508873
Burnley,2019-03-10,0.9985569985569985
Burnley,2019-03-16,0.9881673881673881
Burnley,2019-03-30,0.9232323232323232
Burnley,2019-04-06,0.9743182801904487
Burnley,2019-04-13,0.8867407300533834
Burnley,2019-04-22,0.8642331553888328
Burnley,2019-04-28,0.8801038811138364
Burnley,2019-05-03,0.9381041696724859
Burnley,2019-05-12,0.9565719232433992
Burnley,2019-08-10,0.9686913865243111
Burnley,2019-08-17,0.7040903890160183
Burnley,2019-08-25,0.7555778032036613
Burnley,2019-08-31,0.8428203661327232
Burnley,2019-09-14,0.7828947368421053
Burnley,2019-09-21,0.851258581235698
Burnley,2019-09-28,0.8872997711670481
Burnley,2019-10-05,0.8957528957528957
Burnley,2019-10-19,0.9144423604097532
Burnley,2019-10-26,0.8115712018467753
Burnley,2019-11-02,0.8548549992786034
Burnley,2019-11-09,0.8858750541047468
Burnley,2019-11-23,0.7946905208483624
Burnley,2019-11-30,0.8149163300634737
Burnley,2019-12-03,0.8254220170249603
Burnley,2019-12-07,0.8086856153513201
Burnley,2019-12-14,0.7767998845765401
Burnley,2019-12-21,0.8590390996970134
Burnley,2019-12-26,0.9069398355215698
Burnley,2019-12-28,0.81965084403405
Burnley,2020-01-01,0.9066378066378067
Burnley,2020-01-11,0.8367965367965368
Burnley,2020-01-19,0.73997113997114
Burnley,2020-01-22,0.8582972582972583
Burnley,2020-02-02,0.8164766988890492
Burnley,2020-02-15,0.8554321165776945
Burnley,2020-02-22,0.8994373106333863
Burnley,2020-02-29,0.8539893233299668
Burnley,2020-03-07,0.9270157219097072
Burnley,2020-06-22,0.9607673445838742
Burnley,2020-06-25,0.7830664935814222
Burnley,2020-06-29,0.8218407386035776
Burnley,2020-07-05,0.7787074437391807
Burnley,2020-07-08,0.7416330063473745
Burnley,2020-07-11,0.7804702149141786
Burnley,2020-07-15,0.820805078632232
Burnley,2020-07-18,0.8597604963208773
Burnley,2020-07-26,0.8164766988890492
Burnley,2020-09-20,0.8687058144567883
Burnley,2020-09-26,0.8541336026547396
Burnley,2020-10-03,0.7150483335737988
Burnley,2020-10-19,0.8248196248196248
Burnley,2020-10-26,0.83001443001443
Burnley,2020-10-31,0.7981240981240981
Burnley,2020-11-06,0.796969696969697
Burnley,2020-11-23,0.7326118326118326
Burnley,2020-11-28,0.7533910533910534
Burnley,2020-12-05,0.6291486291486291
Burnley,2020-12-13,0.8494949494949495
Burnley,2020-12-17,0.8790764790764791
Burnley,2020-12-21,0.9191919191919192
Burnley,2020-12-27,0.9516664262011254
Burnley,2020-12-29,0.8169095368633674
Burnley,2021-01-12,0.8363872457076901
Burnley,2021-01-16,0.8675515798586063
Burnley,2021-01-21,0.9065069975472515
Burnley,2021-01-27,0.9396912422449863
Burnley,2021-01-31,0.8513922954840571
Burnley,2021-02-03,0.7835497835497836
Burnley,2021-02-06,0.7008658008658009
Burnley,2021-02-13,0.7481962481962482
Burnley,2021-02-17,0.8409812409812409
Burnley,2021-02-20,0.7326118326118326
Burnley,2021-02-28,0.7350649350649351
Burnley,2021-03-03,0.7994227994227994
Burnley,2021-03-06,0.8210678210678211
Burnley,2021-03-13,0.8511037368345116
Burnley,2021-04-04,0.8062328668301832
Burnley,2021-04-11,0.8806809984129275
Burnley,2021-04-18,0.7097518753606463
Burnley,2021-04-25,0.8776864272320785
Burnley,2021-05-03,0.8729265830087986
Burnley,2021-05-10,0.9324967546516659
Burnley,2021-05-15,0.872331217541835
Burnley,2021-05-19,0.9006058857472591
Burnley,2021-05-23,0.8707443739180611
Burnley,2021-08-14,0.8180637714615495
Burnley,2021-08-21,0.935064935064935
Burnley,2021-08-29,0.8095238095238095
Burnley,2021-09-13,0.832034632034632
Burnley,2021-09-18,0.8712842712842713
Burnley,2021-09-25,0.8783549783549783
Burnley,2021-10-02,0.8933621933621934
Burnley,2021-10-16,0.845021645021645
Burnley,2021-10-23,0.7911976911976912
Burnley,2021-10-30,0.8533910533910534
Burnley,2021-11-06,0.8597604963208773
Burnley,2021-11-20,0.9017457798297503
Burnley,2021-12-01,0.9014572211802049
Burnley,2021-12-04,0.7964218727456356
Burnley,2021-12-12,0.8855864954552013
Burnley,2021-12-30,0.856874909825422
Burnley,2022-01-02,0.6973019766267494
Burnley,2022-01-23,0.8204906204906205
Burnley,2022-02-05,0.5926406926406926
Burnley,2022-02-08,0.5246753246753246
Burnley,2022-02-13,0.6131313131313131
Burnley,2022-02-19,0.6865800865800866
Burnley,2022-02-23,0.6506493506493507
Burnley,2022-02-26,0.7013417977203866
Burnley,2022-03-01,0.86408887606406
Burnley,2022-03-05,0.8516808541336026
Burnley,2022-03-12,0.7949790794979079
Burnley,2022-04-02,0.8287404414947338
Burnley,2022-04-06,0.8483624296638291
Burnley,2022-04-10,0.858750541047468
Burnley,2022-04-17,0.8134199134199134
Burnley,2022-04-21,0.8686868686868687
Burnley,2022-04-24,0.895093795093795
Burnley,2022-04-30,0.8339105339105339
Burnley,2022-05-07,0.7956709956709956
Burnley,2022-05-15,0.8355215697590536
Burnley,2022-05-19,0.7890636271822248
Burnley,2022-05-22,0.9011686625306593
Burnley,2023-08-11,0.9096811426922522
Burnley,2023-08-27,0.17284663107776654
Burnley,2023-09-02,0.1957305639694216
Burnley,2023-09-18,0.44122313572767924
Burnley,2023-09-23,0.49177726485862666
Burnley,2023-09-30,0.5389497980380843
Burnley,2023-10-03,0.6174264281592614
Burnley,2023-10-07,0.7668782458165032
Burnley,2023-10-21,0.796769075436319
Burnley,2023-10-28,0.8505266195354205
Burnley,2023-11-04,0.7214915450209568
Burnley,2023-11-11,0.658765717589247
Burnley,2023-11-25,0.7065028901734104
Burnley,2023-12-02,0.7836705202312139
Burnley,2023-12-05,0.7881502890173411
Burnley,2023-12-09,0.80705304234716
Burnley,2023-12-16,0.8280595289698021
Burnley,2023-12-23,0.7302754940141353
Burnley,2023-12-26,0.8605221404875234
Burnley,2023-12-30,0.8519907674552799
Burnley,2024-01-12,0.8456656570027405
Burnley,2024-01-31,0.6676329902884476
Burnley,2024-02-03,0.7469565217391304
Burnley,2024-02-10,0.7681936793273413
Burnley,2024-02-17,0.685606609653573
Burnley,2024-02-24,0.7953326569067981
Burnley,2024-03-03,0.7602551094361502
Burnley,2024-03-10,0.7135553607946246
Burnley,2024-03-16,0.7962801511188607
Burnley,2024-03-30,0.7648939261842488
Burnley,2024-04-02,0.7697225047217783
Burnley,2024-04-06,0.6936475409836066
Burnley,2024-04-13,0.9187646370023419
Burnley,2024-04-20,0.8286091937142018
Burnley,2024-04-27,0.9470922606034106
Burnley,2024-05-04,0.8603294940953492
Burnley,2024-05-11,0.9237386993292505
Burnley,2024-05-19,0.929998541636284
Burnley,2025-08-16,0.9375995367018967
Burnley,2025-08-23,0.3486318227884755
Burnley,2025-08-30,0.4406926406926407
Burnley,2025-09-14,0.5196248196248197
Burnley,2025-09-20,0.5378066378066378
Burnley,2025-09-27,0.6045638359329867
Burnley,2025-10-05,0.7868284228769498
Burnley,2025-10-18,0.7726747544771808
Burnley,2025-10-26,0.8158844765342961
Burnley,2025-11-01,0.9381949458483755
Burnley,2025-11-08,0.8834993503681248
Burnley,2025-11-22,0.8439439872960878
Burnley,2025-11-29,0.9688446559930766
Burnley,2025-12-03,0.9818260493292946
Burnley,2025-12-06,0.8759555747872494
Burnley,2025-12-13,0.763271783035199
Burnley,2025-12-20,0.8106302643043857
Burnley,2025-12-27,0.6271063335270192
Burnley,2025-12-30,0.6812899477048228
Burnley,2026-01-03,0.6618245206275422
Burnley,2026-01-07,0.7001743172574085
Burnley,2026-01-17,0.6802730970366067
Burnley,2026-01-24,0.8384894698620189
Burnley,2026-02-02,0.7868166738785518
Burnley,2026-02-07,0.8925429107168614
Burnley,2026-02-11,0.9112938122025097
Burnley,2026-02-21,0.7611423626135871
Burnley,2026-02-28,0.8123467474397807
Burnley,2026-03-03,0.7622962642434733
Burnley,2026-03-14,0.8051348622529929
Burnley,2026-03-21,0.9135766844611167
Burnley,2026-04-11,0.8355215697590536
Burnley,2026-04-19,0.7488096955706247
Burnley,2026-04-22,0.7568893377578992
Burnley,2026-05-01,0.8011830904631366
Burnley,2026-05-10,0.8371086423315539
Burnley,2026-05-18,0.6656565656565656
Burnley,2026-05-24,0.7313131313131314
Cardiff City,2013-10-05,0.8760597496972143
Cardiff City,2013-10-19,0.8967025572005384
Cardiff City,2013-10-26,0.8715027401211421
Cardiff City,2013-11-03,0.9444684840617338
Cardiff City,2013-11-09,0.9575818785168085
Cardiff City,2013-11-24,0.9363728177752129
Cardiff City,2013-11-30,0.8787878787878788
Cardiff City,2013-12-04,0.9028860028860028
Cardiff City,2013-12-07,0.8370851370851371
Cardiff City,2013-12-14,0.847041847041847
Cardiff City,2013-12-21,0.8643578643578643
Cardiff City,2013-12-26,0.8754689754689755
Cardiff City,2013-12-28,0.8421356421356422
Cardiff City,2014-01-01,0.8920634920634921
Cardiff City,2014-01-11,0.811976911976912
Cardiff City,2014-01-18,0.7033189033189033
Cardiff City,2014-01-28,0.8341991341991342
Cardiff City,2014-02-01,0.7881673881673882
Cardiff City,2014-02-08,0.7453102453102453
Cardiff City,2014-02-11,0.7606060606060606
Cardiff City,2014-02-22,0.6974025974025974
Cardiff City,2014-03-02,0.5126984126984127
Cardiff City,2014-03-08,0.6871572871572872
Cardiff City,2014-03-15,0.7627705627705628
Cardiff City,2014-03-22,0.7351031597172125
Cardiff City,2014-03-29,0.7874765546097244
Cardiff City,2014-04-05,0.6697446255951522
Cardiff City,2014-04-12,0.7255807242822103
Cardiff City,2014-04-19,0.7330832491703939
Cardiff City,2014-04-27,0.8405713461261002
Cardiff City,2014-05-03,0.806377146154956
Cardiff City,2014-05-11,0.6512708787218591
Cardiff City,2018-08-11,0.6611474219317357
Cardiff City,2018-08-18,0.0
Cardiff City,2018-08-25,0.12652527600232422
Cardiff City,2018-09-02,0.24912841371295757
Cardiff City,2018-09-15,0.3558977338756537
Cardiff City,2018-09-22,0.49898314933178384
Cardiff City,2018-09-30,0.5456775869533843
Cardiff City,2018-10-06,0.6328474527348824
Cardiff City,2018-10-20,0.8890331890331891
Cardiff City,2018-10-27,0.7370252247028124
Cardiff City,2018-11-03,0.7503624238909828
Cardiff City,2018-11-10,0.8690924905769788
Cardiff City,2018-11-24,0.802986372861699
Cardiff City,2018-11-30,0.8590895911858509
Cardiff City,2018-12-04,0.8811249637576108
Cardiff City,2018-12-08,0.9202667439837634
Cardiff City,2018-12-15,0.9223665223665224
Cardiff City,2018-12-22,0.8910691097965662
Cardiff City,2018-12-26,0.9056413215986149
Cardiff City,2018-12-29,0.7890636271822248
Cardiff City,2019-01-01,0.8784076157507572
Cardiff City,2019-01-12,0.9085664839919239
Cardiff City,2019-01-19,0.8397750216325354
Cardiff City,2019-01-29,0.6968560715315835
Cardiff City,2019-02-02,0.6786383960767345
Cardiff City,2019-02-09,0.7181595269003318
Cardiff City,2019-02-22,0.7865281984710804
Cardiff City,2019-02-26,0.7514067234165344
Cardiff City,2019-03-02,0.7122655122655123
Cardiff City,2019-03-09,0.8112554112554112
Cardiff City,2019-03-31,0.7913419913419913
Cardiff City,2019-04-03,0.7761904761904762
Cardiff City,2019-04-13,0.8081084980522291
Cardiff City,2019-04-16,0.8283076035204155
Cardiff City,2019-04-21,0.8118597604963209
Cardiff City,2019-04-27,0.9082383494445246
Cardiff City,2019-05-04,0.8187851680854134
Cardiff City,2019-05-12,0.8470639157408744
Chelsea,2012-10-06,0.9165656565656566
Chelsea,2012-10-20,0.8767676767676768
Chelsea,2012-10-28,0.8711399711399711
Chelsea,2012-11-03,0.884576540181792
Chelsea,2012-11-11,0.7615865175069011
Chelsea,2012-11-17,0.7995060293476681
Chelsea,2012-11-25,0.7923870405346506
Chelsea,2012-11-28,0.8470143832631121
Chelsea,2012-12-01,0.7769867790207758
Chelsea,2012-12-08,0.8400406799360743
Chelsea,2012-12-23,0.8160418482999128
Chelsea,2012-12-26,0.8391053391053391
Chelsea,2012-12-30,0.8388167388167388
Chelsea,2013-01-02,0.8825566296349733
Chelsea,2013-01-12,0.7698744769874477
Chelsea,2013-01-16,0.7362573943153946
Chelsea,2013-01-20,0.7602077622276727
Chelsea,2013-01-30,0.8249891790506421
Chelsea,2013-02-02,0.720386668590391
Chelsea,2013-02-09,0.7104731679169071
Chelsea,2013-02-24,0.853267926706103
Chelsea,2013-03-02,0.8157818811309867
Chelsea,2013-03-17,0.8496826312752452
Chelsea,2013-03-30,0.8303764604067503
Chelsea,2013-04-07,0.6448867734025674
Chelsea,2013-04-17,0.7803259772104428
Chelsea,2013-04-21,0.8065493364108482
Chelsea,2013-04-28,0.8264570109636469
Chelsea,2013-05-05,0.7171090594345066
Chelsea,2013-05-08,0.7537507212925563
Chelsea,2013-05-11,0.7508296061174433
Chelsea,2013-05-19,0.8183523301110951
Chelsea,2013-08-18,0.7484751670055184
Chelsea,2013-08-21,0.6147255300609933
Chelsea,2013-08-26,0.7326459483009004
Chelsea,2013-09-14,0.7644153957879448
Chelsea,2013-09-21,0.7724368283473715
Chelsea,2013-09-28,0.805111821086262
Chelsea,2013-10-06,0.8174557072320651
Chelsea,2013-10-19,0.8098815371279977
Chelsea,2013-10-27,0.7276798613117597
Chelsea,2013-11-02,0.8563998844264663
Chelsea,2013-11-09,0.8912164114417799
Chelsea,2013-11-23,0.7598612917208496
Chelsea,2013-12-01,0.7611616818378847
Chelsea,2013-12-04,0.7829793382459183
Chelsea,2013-12-07,0.7940836940836941
Chelsea,2013-12-14,0.8259991343240514
Chelsea,2013-12-23,0.7681431250901746
Chelsea,2013-12-26,0.8565863511758764
Chelsea,2013-12-29,0.737844466887895
Chelsea,2014-01-01,0.7972875486942721
Chelsea,2014-01-11,0.7890636271822248
Chelsea,2014-01-19,0.8032030010099552
Chelsea,2014-01-29,0.8434569326215553
Chelsea,2014-02-03,0.7793969124224499
Chelsea,2014-02-08,0.853267926706103
Chelsea,2014-02-11,0.6903216500793308
Chelsea,2014-02-22,0.8426366652242896
Chelsea,2014-03-01,0.8658589355257464
Chelsea,2014-03-08,0.8044136737343142
Chelsea,2014-03-15,0.9095499134448932
Chelsea,2014-03-22,0.8437680323139065
Chelsea,2014-03-29,0.826917510853835
Chelsea,2014-04-05,0.8462651997683844
Chelsea,2014-04-13,0.8320787492762015
Chelsea,2014-04-19,0.7942964678633468
Chelsea,2014-04-27,0.7864794441227563
Chelsea,2014-05-04,0.6314418066010423
Chelsea,2014-05-11,0.7211928199189346
Chelsea,2014-08-18,0.5898989898989899
Chelsea,2014-08-23,0.5950937950937951
Chelsea,2014-08-30,0.6376623376623377
Chelsea,2014-09-13,0.6086580086580087
Chelsea,2014-09-21,0.7215007215007215
Chelsea,2014-09-27,0.7477633477633477
Chelsea,2014-10-05,0.8365079365079365
Chelsea,2014-10-18,0.8935064935064935
Chelsea,2014-10-26,0.817027417027417
Chelsea,2014-11-01,0.7822990844354019
Chelsea,2014-11-08,0.8859508935057387
Chelsea,2014-11-22,0.9337594421847762
Chelsea,2014-11-29,0.9252105721754285
Chelsea,2014-12-03,0.9395875689805402
Chelsea,2014-12-06,0.8746732500726111
Chelsea,2014-12-13,0.8726401394133023
Chelsea,2014-12-22,0.7452054794520548
Chelsea,2014-12-26,0.8596567142651089
Chelsea,2014-12-28,0.9492283282850137
Chelsea,2015-01-01,0.8360986870581446
Chelsea,2015-01-10,0.8590390996970134
Chelsea,2015-01-17,0.7512624440917617
Chelsea,2015-01-31,0.8068099841292743
Chelsea,2015-02-07,0.702351752993796
Chelsea,2015-02-11,0.7530294287362954
Chelsea,2015-02-21,0.7489539748953975
Chelsea,2015-03-04,0.7973167916907098
Chelsea,2015-03-15,0.8116319444444444
Chelsea,2015-03-22,0.8437951981486839
Chelsea,2015-04-04,0.868238356956899
Chelsea,2015-04-12,0.836563494359271
Chelsea,2015-04-18,0.8809489367857659
Chelsea,2015-04-26,0.8615851894706393
Chelsea,2015-04-29,0.9101952277657267
Chelsea,2015-05-03,0.7909759261928788
Chelsea,2015-05-10,0.8540945790080738
Chelsea,2015-05-18,0.7556580654461583
Chelsea,2015-05-24,0.6665705636442266
Chelsea,2015-08-08,0.7100058173356603
Chelsea,2015-08-16,0.7629090909090909
Chelsea,2015-08-23,0.7480614484272129
Chelsea,2015-08-29,0.7898434069954632
Chelsea,2015-09-12,0.7351772840959246
Chelsea,2015-09-19,0.7248381400824014
Chelsea,2015-09-26,0.7439670394349618
Chelsea,2015-10-03,0.7671332750072908
Chelsea,2015-10-17,0.7926509186351706
Chelsea,2015-10-24,0.730568445475638
Chelsea,2015-10-31,0.7548209366391184
Chelsea,2015-11-07,0.7586407203020622
Chelsea,2015-11-21,0.8180365959918675
Chelsea,2015-11-29,0.8527446993900668
Chelsea,2015-12-05,0.7233517281440605
Chelsea,2015-12-14,0.6403368665601858
Chelsea,2015-12-19,0.788296791055612
Chelsea,2015-12-26,0.7593668312518153
Chelsea,2015-12-28,0.7671667628390075
Chelsea,2016-01-03,0.7452394691286786
Chelsea,2016-01-13,0.8846098370113947
Chelsea,2016-01-16,0.8632429313329486
Chelsea,2016-01-24,0.9089597460683884
Chelsea,2016-02-03,0.8878949646515655
Chelsea,2016-02-07,0.9029000144279324
Chelsea,2016-02-13,0.9823979223777233
Chelsea,2016-02-27,0.7294762660510749
Chelsea,2016-03-01,0.8327561327561328
Chelsea,2016-03-05,0.8297503967681431
Chelsea,2016-03-19,0.7664117731929014
Chelsea,2016-04-02,0.7365459529649401
Chelsea,2016-04-09,0.5827441927571779
Chelsea,2016-04-16,0.5658635117587649
Chelsea,2016-04-23,0.7721829461838119
Chelsea,2016-05-02,0.6539962422315363
Chelsea,2016-05-07,0.7059843885516045
Chelsea,2016-05-11,0.7760913558832032
Chelsea,2016-05-15,0.6808326105810928
Chelsea,2016-08-15,0.6904176904176904
Chelsea,2016-08-20,0.611360023124729
Chelsea,2016-08-27,0.7009683480271716
Chelsea,2016-09-11,0.758909248304718
Chelsea,2016-09-16,0.8251334583754149
Chelsea,2016-09-24,0.8218150339056414
Chelsea,2016-10-01,0.7868994373106334
Chelsea,2016-10-15,0.7929292929292929
Chelsea,2016-10-23,0.719047619047619
Chelsea,2016-10-30,0.8313131313131313
Chelsea,2016-11-05,0.9154401154401154
Chelsea,2016-11-20,0.8914862914862914
Chelsea,2016-11-26,0.9431457431457432
Chelsea,2016-12-03,0.9751875360646278
Chelsea,2016-12-11,0.898730525100981
Chelsea,2016-12-14,0.9812490985143516
Chelsea,2016-12-17,0.9075436319053801
Chelsea,2016-12-26,0.9206807037784829
Chelsea,2016-12-31,0.8096336890683589
Chelsea,2017-01-04,0.9345444059976932
Chelsea,2017-01-14,0.990337467551197
Chelsea,2017-01-22,0.9156331122007499
Chelsea,2017-01-31,0.9924996394057407
Chelsea,2017-02-04,0.9940862541468339
Chelsea,2017-02-12,0.9919226885907977
Chelsea,2017-02-25,0.9956728688879273
Chelsea,2017-03-06,0.9945173856586351
Chelsea,2017-03-18,0.9965372962054537
Chelsea,2017-04-01,0.9179050642042995
Chelsea,2017-04-05,0.9142980810849806
Chelsea,2017-04-08,0.9277264858626659
Chelsea,2017-04-16,0.9958165031736872
Chelsea,2017-04-25,0.8178277801817395
Chelsea,2017-04-30,0.9606231068801385
Chelsea,2017-05-08,0.9607730025959043
Chelsea,2017-05-12,0.8713585232189213
Chelsea,2017-05-15,0.9039515431208538
Chelsea,2017-05-21,0.420020193278523
Chelsea,2017-08-12,0.8330929024812463
Chelsea,2017-08-20,0.5469629202135334
Chelsea,2017-08-27,0.5976340002920987
Chelsea,2017-09-09,0.7160385626643295
Chelsea,2017-09-17,0.7598597721297108
Chelsea,2017-09-23,0.7949167397020158
Chelsea,2017-09-30,0.7978956597983341
Chelsea,2017-10-14,0.8271226070436943
Chelsea,2017-10-21,0.7042232938769546
Chelsea,2017-10-28,0.8108849429767576
Chelsea,2017-11-05,0.7934170636639237
Chelsea,2017-11-18,0.8163707232568211
Chelsea,2017-11-25,0.8412010971560561
Chelsea,2017-11-29,0.8668109668109668
Chelsea,2017-12-02,0.7634920634920634
Chelsea,2017-12-09,0.8324675324675325
Chelsea,2017-12-12,0.8815295815295815
Chelsea,2017-12-16,0.69004329004329
Chelsea,2017-12-23,0.9206349206349206
Chelsea,2017-12-26,0.8339105339105339
Chelsea,2017-12-30,0.8240981240981241
Chelsea,2018-01-03,0.7966810966810967
Chelsea,2018-01-13,0.8725829725829726
Chelsea,2018-01-20,0.9483405483405484
Chelsea,2018-01-31,0.6930735930735931
Chelsea,2018-02-05,0.7595959595959596
Chelsea,2018-02-12,0.680952380952381
Chelsea,2018-02-25,0.7727802037845706
Chelsea,2018-03-04,0.7729257641921398
Chelsea,2018-03-10,0.7055312954876274
Chelsea,2018-04-01,0.7658273904817349
Chelsea,2018-04-08,0.6843254257022268
Chelsea,2018-04-14,0.8011934216271285
Chelsea,2018-04-19,0.8762916606025324
Chelsea,2018-04-28,0.653008223921512
Chelsea,2018-05-06,0.7975761073438177
Chelsea,2018-05-09,0.8480738710142837
Chelsea,2018-05-13,0.7162025681719809
Chelsea,2018-08-11,0.7377001875631222
Chelsea,2018-08-18,0.5605251767421728
Chelsea,2018-08-26,0.6030875775501371
Chelsea,2018-09-01,0.66440629057856
Chelsea,2018-09-15,0.7013417977203866
Chelsea,2018-09-23,0.7554465445101717
Chelsea,2018-09-29,0.8236652236652237
Chelsea,2018-10-07,0.8772005772005772
Chelsea,2018-10-20,0.9875901875901876
Chelsea,2018-10-28,0.9920634920634921
Chelsea,2018-11-04,0.8392496392496392
Chelsea,2018-11-11,0.9337662337662338
Chelsea,2018-11-24,0.9395382395382396
Chelsea,2018-12-02,0.978932178932179
Chelsea,2018-12-05,0.8715728715728716
Chelsea,2018-12-08,0.7806637806637806
Chelsea,2018-12-16,0.8966810966810966
Chelsea,2018-12-22,0.9080940701197519
Chelsea,2018-12-26,0.9179050642042995
Chelsea,2018-12-30,0.8857307747799741
Chelsea,2019-01-02,0.8803890259834519
Chelsea,2019-01-12,0.8416315865873131
Chelsea,2019-01-19,0.9115982000290318
Chelsea,2019-01-30,0.9602264479605168
Chelsea,2019-02-02,0.8511904761904762
Chelsea,2019-02-10,0.7990708478513356
Chelsea,2019-02-27,0.8751451800232288
Chelsea,2019-03-03,0.8059163059163059
Chelsea,2019-03-10,0.7917748917748918
Chelsea,2019-03-17,0.850937950937951
Chelsea,2019-03-31,0.8217893217893217
Chelsea,2019-04-03,0.8213564213564214
Chelsea,2019-04-08,0.6536796536796536
Chelsea,2019-04-14,0.8333333333333334
Chelsea,2019-04-22,0.8424242424242424
Chelsea,2019-04-28,0.8197691197691198
Chelsea,2019-05-05,0.8372294372294372
Chelsea,2019-05-12,0.7835497835497836
Chelsea,2019-08-11,0.666955266955267
Chelsea,2019-08-18,0.5225108225108225
Chelsea,2019-08-24,0.5864357864357864
Chelsea,2019-08-31,0.6128427128427129
Chelsea,2019-09-14,0.555042562400808
Chelsea,2019-09-22,0.6506997547251478
Chelsea,2019-09-28,0.72399365170971
Chelsea,2019-10-06,0.7224065791372096
Chelsea,2019-10-19,0.7753570913288126
Chelsea,2019-10-26,0.8151781849660944
Chelsea,2019-11-02,0.8375649163300635
Chelsea,2019-11-09,0.8232578271533689
Chelsea,2019-11-23,0.6770051933064051
Chelsea,2019-11-30,0.8602135025966532
Chelsea,2019-12-04,0.7566358915175996
Chelsea,2019-12-07,0.7977495672244662
Chelsea,2019-12-14,0.7650367806144526
Chelsea,2019-12-22,0.8180900173110214
Chelsea,2019-12-26,0.7974610502019619
Chelsea,2019-12-29,0.8050786322320012
Chelsea,2020-01-01,0.8252777377001875
Chelsea,2020-01-11,0.8397056701774636
Chelsea,2020-01-18,0.6361275429230991
Chelsea,2020-01-21,0.8015873015873016
Chelsea,2020-02-01,0.8282828282828283
Chelsea,2020-02-17,0.7613275613275613
Chelsea,2020-02-22,0.6731601731601732
Chelsea,2020-02-29,0.7015873015873015
Chelsea,2020-03-08,0.6417027417027417
Chelsea,2020-06-21,0.5463203463203463
Chelsea,2020-06-25,0.7119769119769119
Chelsea,2020-07-01,0.7398643774347136
Chelsea,2020-07-04,0.7255156497908554
Chelsea,2020-07-07,0.6490696668109044
Chelsea,2020-07-11,0.6937833549689889
Chelsea,2020-07-14,0.8381652964084811
Chelsea,2020-07-22,0.7651810183181884
Chelsea,2020-07-26,0.7744122313572768
Chelsea,2020-09-14,0.7153779572994806
Chelsea,2020-09-20,0.6266955266955268
Chelsea,2020-09-26,0.6316017316017316
Chelsea,2020-10-03,0.5349310094408134
Chelsea,2020-10-17,0.48002904865649965
Chelsea,2020-10-24,0.6498184458968773
Chelsea,2020-10-31,0.666279407493465
Chelsea,2020-11-07,0.6794946267789719
Chelsea,2020-11-21,0.6735405169909963
Chelsea,2020-11-29,0.6437699680511182
Chelsea,2020-12-05,0.8167652575385947
Chelsea,2020-12-12,0.8622132448420141
Chelsea,2020-12-15,0.8086856153513201
Chelsea,2020-12-21,0.8972582972582973
Chelsea,2020-12-26,0.7991341991341991
Chelsea,2020-12-28,0.8812409812409813
Chelsea,2021-01-03,0.5988455988455988
Chelsea,2021-01-16,0.7796536796536796
Chelsea,2021-01-19,0.7184704184704185
Chelsea,2021-01-27,0.7015873015873015
Chelsea,2021-01-31,0.7685425685425685
Chelsea,2021-02-04,0.741991341991342
Chelsea,2021-02-07,0.758008658008658
Chelsea,2021-02-15,0.7603174603174603
Chelsea,2021-02-20,0.651082251082251
Chelsea,2021-02-28,0.7470418470418471
Chelsea,2021-03-04,0.7520923520923521
Chelsea,2021-03-08,0.7704184704184704
Chelsea,2021-03-13,0.7759342086279036
Chelsea,2021-04-03,0.78866128101558
Chelsea,2021-04-10,0.7276399307559146
Chelsea,2021-04-20,0.7570950371125018
Chelsea,2021-04-24,0.6330956192693931
Chelsea,2021-05-01,0.7520011643137826
Chelsea,2021-05-08,0.6357153252801631
Chelsea,2021-05-12,0.7275109170305677
Chelsea,2021-05-18,0.6214878439365265
Chelsea,2021-05-23,0.7344591643616247
Chelsea,2021-08-14,0.7734814601067667
Chelsea,2021-08-22,0.6701298701298701
Chelsea,2021-08-28,0.6838383838383838
Chelsea,2021-09-11,0.6932621555331121
Chelsea,2021-09-19,0.6112401975021783
Chelsea,2021-09-25,0.6796398489689225
Chelsea,2021-10-02,0.7810049375544583
Chelsea,2021-10-16,0.6737835875090777
Chelsea,2021-10-23,0.635347081033982
Chelsea,2021-10-30,0.5840836479814115
Chelsea,2021-11-06,0.5613652868554829
Chelsea,2021-11-20,0.6177489177489177
Chelsea,2021-11-28,0.662049062049062
Chelsea,2021-12-01,0.6466089466089466
Chelsea,2021-12-04,0.5772005772005772
Chelsea,2021-12-11,0.7200577200577201
Chelsea,2021-12-16,0.7642135642135642
Chelsea,2021-12-19,0.716017316017316
Chelsea,2021-12-26,0.6463203463203463
Chelsea,2021-12-29,0.7417027417027418
Chelsea,2022-01-02,0.7356421356421357
Chelsea,2022-01-15,0.7463203463203463
Chelsea,2022-01-18,0.6340548340548341
Chelsea,2022-01-23,0.6968253968253968
Chelsea,2022-02-19,0.7438672438672439
Chelsea,2022-03-05,0.6805655749531092
Chelsea,2022-03-10,0.6017890636271822
Chelsea,2022-03-13,0.6208339344971866
Chelsea,2022-04-02,0.6932621555331121
Chelsea,2022-04-09,0.6711874188428798
Chelsea,2022-04-20,0.6857596306449286
Chelsea,2022-04-24,0.6860481892944741
Chelsea,2022-04-28,0.7455988455988456
Chelsea,2022-05-01,0.7842712842712842
Chelsea,2022-05-07,0.782972582972583
Chelsea,2022-05-11,0.7034632034632035
Chelsea,2022-05-19,0.7020631943442505
Chelsea,2022-05-22,0.7659789352185832
Chelsea,2022-08-06,0.5636993218871735
Chelsea,2022-08-14,0.6231424036935507
Chelsea,2022-08-21,0.6546451240623197
Chelsea,2022-08-27,0.6831097648925429
Chelsea,2022-08-30,0.7010249747365381
Chelsea,2022-09-03,0.677931536780772
Chelsea,2022-10-01,0.7567370721048798
Chelsea,2022-10-08,0.6142753095411507
Chelsea,2022-10-16,0.6479242534595776
Chelsea,2022-10-19,0.7791375291375291
Chelsea,2022-10-22,0.7356841031618826
Chelsea,2022-10-29,0.7184451885281701
Chelsea,2022-11-06,0.7646464646464647
Chelsea,2022-11-12,0.7748917748917749
Chelsea,2022-12-27,0.7434343434343434
Chelsea,2023-01-01,0.755988455988456
Chelsea,2023-01-05,0.7522366522366523
Chelsea,2023-01-12,0.6463203463203463
Chelsea,2023-01-15,0.7425685425685425
Chelsea,2023-01-21,0.7052768918527109
Chelsea,2023-02-03,0.7025224702812409
Chelsea,2023-02-11,0.5768338648883734
Chelsea,2023-02-18,0.5984343287909539
Chelsea,2023-02-26,0.6004639025804581
Chelsea,2023-03-04,0.5956799072194839
Chelsea,2023-03-11,0.6146709191069876
Chelsea,2023-03-18,0.6678210678210679
Chelsea,2023-04-01,0.683982683982684
Chelsea,2023-04-04,0.7284271284271284
Chelsea,2023-04-08,0.7776334776334777
Chelsea,2023-04-15,0.8350649350649351
Chelsea,2023-04-26,0.7025974025974026
Chelsea,2023-05-02,0.6225108225108225
Chelsea,2023-05-06,0.6844155844155844
Chelsea,2023-05-13,0.6538239538239539
Chelsea,2023-05-21,0.49783549783549785
Chelsea,2023-05-25,0.6421356421356421
Chelsea,2023-05-28,0.6072150072150072
Chelsea,2023-08-13,0.7743145743145743
Chelsea,2023-08-20,0.37792207792207794
Chelsea,2023-08-25,0.5071418265762516
Chelsea,2023-09-02,0.4720819506564709
Chelsea,2023-09-17,0.6193017888055395
Chelsea,2023-09-24,0.6387766878245816
Chelsea,2023-10-02,0.7559145989613387
Chelsea,2023-10-07,0.7053623188405798
Chelsea,2023-10-21,0.8352651405389742
Chelsea,2023-10-28,0.8175626720765107
Chelsea,2023-11-06,0.7726416461382408
Chelsea,2023-11-12,0.9379710144927537
Chelsea,2023-11-25,0.8871178090131865
Chelsea,2023-12-03,0.8819353904099667
Chelsea,2023-12-06,0.8370916449840995
Chelsea,2023-12-10,0.8423810216853442
Chelsea,2023-12-16,0.8655217581138117
Chelsea,2023-12-24,0.77776160675302
Chelsea,2023-12-27,0.6778699257965953
Chelsea,2023-12-30,0.6242724097788126
Chelsea,2024-01-13,0.664823169844273
Chelsea,2024-01-31,0.6945855712004645
Chelsea,2024-02-04,0.7306805074971164
Chelsea,2024-02-12,0.8121395617070357
Chelsea,2024-02-17,0.8627450980392157
Chelsea,2024-03-02,0.775454283241996
Chelsea,2024-03-11,0.7903086241707528
Chelsea,2024-03-30,0.7312851579402856
Chelsea,2024-04-04,0.7775854608394634
Chelsea,2024-04-07,0.8499495022363295
Chelsea,2024-04-15,0.7710287115856298
Chelsea,2024-04-23,0.730419731717871
Chelsea,2024-04-27,0.7775854608394634
Chelsea,2024-05-02,0.7976345016587336
Chelsea,2024-05-05,0.7574621485219899
Chelsea,2024-05-11,0.9325162220620044
Chelsea,2024-05-15,0.882480173035328
Chelsea,2024-05-19,0.9186733958183129
Chelsea,2024-08-18,0.8702047880011538
Chelsea,2024-08-25,0.3927026247476204
Chelsea,2024-09-01,0.5897029131814249
Chelsea,2024-09-14,0.646999422965955
Chelsea,2024-09-21,0.5864954552012697
Chelsea,2024-09-28,0.6922522002597028
Chelsea,2024-10-06,0.8079642187274564
Chelsea,2024-10-20,0.8692640692640693
Chelsea,2024-10-27,0.7767200346170489
Chelsea,2024-11-03,0.8697533535266119
Chelsea,2024-11-10,0.8634068945622385
Chelsea,2024-11-23,0.8805711813067936
Chelsea,2024-12-01,0.7964806000288476
Chelsea,2024-12-04,0.9368329968272282
Chelsea,2024-12-08,0.4828381886357081
Chelsea,2024-12-15,0.8469196364161016
Chelsea,2024-12-22,0.7030145680080773
Chelsea,2024-12-26,0.7371989037934517
Chelsea,2024-12-30,0.7822010673590076
Chelsea,2025-01-04,0.846531083225155
Chelsea,2025-01-14,0.7694748990190421
Chelsea,2025-01-20,0.816070398153491
Chelsea,2025-01-25,0.7360069244085401
Chelsea,2025-02-03,0.8386724386724387
Chelsea,2025-02-14,0.8427128427128427
Chelsea,2025-02-22,0.7496753715192613
Chelsea,2025-02-25,0.7483768575963065
Chelsea,2025-03-09,0.7338046457942576
Chelsea,2025-03-16,0.7247547605308713
Chelsea,2025-04-03,0.7410559723023659
Chelsea,2025-04-06,0.8244373918061165
Chelsea,2025-04-13,0.8017017594462071
Chelsea,2025-04-20,0.8528775421895284
Chelsea,2025-04-26,0.8677340256743112
Chelsea,2025-05-04,0.808019616327708
Chelsea,2025-05-11,0.8833285261032593
Chelsea,2025-05-16,0.9222670897029132
Chelsea,2025-05-25,0.784416339584242
Chelsea,2025-08-17,0.8438499563826694
Chelsea,2025-08-22,0.6724338470485606
Chelsea,2025-08-30,0.6398662401861006
Chelsea,2025-09-13,0.6980226810119221
Chelsea,2025-09-20,0.7543630017452007
Chelsea,2025-09-27,0.8299883653286795
Chelsea,2025-10-04,0.7068361086765995
Chelsea,2025-10-18,0.6969741480611046
Chelsea,2025-10-25,0.7815804935370153
Chelsea,2025-11-01,0.83791329904482
Chelsea,2025-11-08,0.8335047759000734
Chelsea,2025-11-22,0.8479059515062454
Chelsea,2025-11-30,0.7172667156502571
Chelsea,2025-12-03,0.8175616835994195
Chelsea,2025-12-06,0.7722181818181818
Chelsea,2025-12-13,0.8061090909090909
Chelsea,2025-12-20,0.8370165745856354
Chelsea,2025-12-27,0.8557720267519627
Chelsea,2025-12-30,0.8626054085489968
Chelsea,2026-01-04,0.8467577784239605
Chelsea,2026-01-07,0.6226195667974996
Chelsea,2026-01-17,0.7909392584042707
Chelsea,2026-01-25,0.8454028850356987
Chelsea,2026-01-31,0.8226723007431153
Chelsea,2026-02-07,0.8832871921900044
Chelsea,2026-02-10,0.8150954393122541
Chelsea,2026-02-21,0.8518140754771966
Chelsea,2026-03-01,0.8465461964441854
Chelsea,2026-03-04,0.842489772063121
Chelsea,2026-03-14,0.7622225446104743
Chelsea,2026-03-21,0.789061366603801
Chelsea,2026-04-12,0.8047294356593646
Chelsea,2026-04-18,0.7482953721166401
Chelsea,2026-04-21,0.777890613666038
Chelsea,2026-05-04,0.7007108660960395
Chelsea,2026-05-09,0.6673900462962963
Chelsea,2026-05-19,0.6540181791949213
Chelsea,2026-05-24,0.7418842879815323
Crystal Palace,2013-10-05,0.7106443719412724
Crystal Palace,2013-10-21,0.7251442144553784
Crystal Palace,2013-10-26,0.7364904125508426
Crystal Palace,2013-11-02,0.7441894247530505
Crystal Palace,2013-11-09,0.812754212667054
Crystal Palace,2013-11-23,0.8069436374201046
Crystal Palace,2013-11-30,0.8287157287157287
Crystal Palace,2013-12-03,0.8006649320612894
Crystal Palace,2013-12-07,0.8217692974848222
Crystal Palace,2013-12-14,0.852558542931483
Crystal Palace,2013-12-21,0.8597860653368026
Crystal Palace,2013-12-26,0.8713501011853136
Crystal Palace,2013-12-28,0.8252385082393755
Crystal Palace,2014-01-01,0.8777103209019947
Crystal Palace,2014-01-11,0.8741702741702742
Crystal Palace,2014-01-18,0.8634920634920635
Crystal Palace,2014-01-28,0.832034632034632
Crystal Palace,2014-02-02,0.8525252525252526
Crystal Palace,2014-02-08,0.858008658008658
Crystal Palace,2014-02-22,0.6864357864357864
Crystal Palace,2014-03-02,0.767965367965368
Crystal Palace,2014-03-08,0.745021645021645
Crystal Palace,2014-03-15,0.7362193362193362
Crystal Palace,2014-03-22,0.7997113997113997
Crystal Palace,2014-03-29,0.8014430014430014
Crystal Palace,2014-04-05,0.8702741702741703
Crystal Palace,2014-04-12,0.9255518684172558
Crystal Palace,2014-04-16,0.9395469629202136
Crystal Palace,2014-04-19,0.8782282498917905
Crystal Palace,2014-04-27,0.9343529072283941
Crystal Palace,2014-05-05,0.9138776687824581
Crystal Palace,2014-05-11,0.9046451240623197
Crystal Palace,2014-08-16,0.8294864396999423
Crystal Palace,2014-08-23,0.7643918626460828
Crystal Palace,2014-08-30,0.5618236906651277
Crystal Palace,2014-09-13,0.7762227672774491
Crystal Palace,2014-09-21,0.6935507141826577
Crystal Palace,2014-09-27,0.6971139971139971
Crystal Palace,2014-10-04,0.7875901875901876
Crystal Palace,2014-10-18,0.895397489539749
Crystal Palace,2014-10-25,0.8339344971865532
Crystal Palace,2014-11-03,0.7412841371295759
Crystal Palace,2014-11-08,0.794596165020337
Crystal Palace,2014-11-23,0.7423339630867607
Crystal Palace,2014-11-29,0.8349317058994479
Crystal Palace,2014-12-02,0.8943621040395234
Crystal Palace,2014-12-06,0.8206656009300973
Crystal Palace,2014-12-13,0.8447900014532771
Crystal Palace,2014-12-20,0.8992494226327945
Crystal Palace,2014-12-26,0.8598441108545035
Crystal Palace,2014-12-28,0.8522792844777842
Crystal Palace,2015-01-01,0.7547251478863078
Crystal Palace,2015-01-10,0.766700331842447
Crystal Palace,2015-01-17,0.7049913444893249
Crystal Palace,2015-01-31,0.7678880553952683
Crystal Palace,2015-02-07,0.7815926139642239
Crystal Palace,2015-02-11,0.8250144258511252
Crystal Palace,2015-02-21,0.8010388111383638
Crystal Palace,2015-02-28,0.716779685471072
Crystal Palace,2015-03-03,0.8042129562833646
Crystal Palace,2015-03-14,0.8122738457084961
Crystal Palace,2015-03-21,0.8804457953394124
Crystal Palace,2015-04-06,0.8745115067303517
Crystal Palace,2015-04-11,0.9040382110290925
Crystal Palace,2015-04-18,0.8972354899406572
Crystal Palace,2015-04-25,0.900709219858156
Crystal Palace,2015-05-03,0.8325372702272398
Crystal Palace,2015-05-09,0.902020202020202
Crystal Palace,2015-05-16,0.8936507936507937
Crystal Palace,2015-05-24,0.7448773448773449
Crystal Palace,2015-08-08,0.6943722943722944
Crystal Palace,2015-08-16,0.7512265512265512
Crystal Palace,2015-08-22,0.688023088023088
Crystal Palace,2015-08-29,0.7184704184704185
Crystal Palace,2015-09-12,0.7647907647907648
Crystal Palace,2015-09-20,0.6645021645021645
Crystal Palace,2015-09-27,0.6757575757575758
Crystal Palace,2015-10-03,0.676046176046176
Crystal Palace,2015-10-17,0.6668109668109669
Crystal Palace,2015-10-24,0.7810966810966811
Crystal Palace,2015-10-31,0.7051133062173155
Crystal Palace,2015-11-08,0.6733004067402673
Crystal Palace,2015-11-23,0.7921266705403835
Crystal Palace,2015-11-28,0.731841952353283
Crystal Palace,2015-12-07,0.7436083672283557
Crystal Palace,2015-12-12,0.7536316095293434
Crystal Palace,2015-12-19,0.810575246949448
Crystal Palace,2015-12-26,0.7753570913288126
Crystal Palace,2015-12-28,0.7880536719088155
Crystal Palace,2016-01-03,0.7082672053094792
Crystal Palace,2016-01-12,0.7697301976626749
Crystal Palace,2016-01-16,0.8747655460972442
Crystal Palace,2016-01-23,0.8704371663540614
Crystal Palace,2016-02-02,0.8909248304717934
Crystal Palace,2016-02-06,0.8017316017316017
Crystal Palace,2016-02-13,0.7291486291486291
Crystal Palace,2016-02-27,0.765079365079365
Crystal Palace,2016-03-01,0.7002886002886003
Crystal Palace,2016-03-06,0.7725829725829726
Crystal Palace,2016-03-19,0.7093795093795093
Crystal Palace,2016-04-02,0.7926406926406926
Crystal Palace,2016-04-09,0.6982683982683983
Crystal Palace,2016-04-13,0.8232323232323232
Crystal Palace,2016-04-17,0.8538239538239538
Crystal Palace,2016-04-20,0.8943722943722944
Crystal Palace,2016-04-30,0.512987012987013
Crystal Palace,2016-05-07,0.8121212121212121
Crystal Palace,2016-05-15,0.7826839826839826
Crystal Palace,2016-08-13,0.5445101716923965
Crystal Palace,2016-08-20,0.7581878516808541
Crystal Palace,2016-08-27,0.6735429890363531
Crystal Palace,2016-09-10,0.6546451240623197
Crystal Palace,2016-09-18,0.515868436237738
Crystal Palace,2016-09-24,0.6079053664166186
Crystal Palace,2016-09-30,0.6328620888632429
Crystal Palace,2016-10-15,0.7181188690132718
Crystal Palace,2016-10-22,0.8214337227751334
Crystal Palace,2016-10-29,0.7857761107905367
Crystal Palace,2016-11-05,0.8737738026543566
Crystal Palace,2016-11-19,0.9069532602423543
Crystal Palace,2016-11-26,0.7527409117137911
Crystal Palace,2016-12-03,0.7864974033467974
Crystal Palace,2016-12-10,0.8086856153513201
Crystal Palace,2016-12-14,0.8321789321789321
Crystal Palace,2016-12-17,0.754978354978355
Crystal Palace,2016-12-26,0.8715728715728716
Crystal Palace,2017-01-01,0.766089466089466
Crystal Palace,2017-01-03,0.7877344877344877
Crystal Palace,2017-01-14,0.7842712842712842
Crystal Palace,2017-01-21,0.7672774491415381
Crystal Palace,2017-01-31,0.7819939402683596
Crystal Palace,2017-02-04,0.863511758764969
Crystal Palace,2017-02-11,0.8768032313906521
Crystal Palace,2017-02-25,0.7897776494369044
Crystal Palace,2017-03-04,0.8075368177880451
Crystal Palace,2017-03-18,0.8417557031475599
Crystal Palace,2017-04-01,0.8306137184115523
Crystal Palace,2017-04-05,0.8577617328519855
Crystal Palace,2017-04-10,0.7725631768953068
Crystal Palace,2017-04-15,0.8435875216637782
Crystal Palace,2017-04-23,0.9053391053391053
Crystal Palace,2017-04-26,0.8873015873015873
Crystal Palace,2017-04-29,0.927994227994228
Crystal Palace,2017-05-06,0.729004329004329
Crystal Palace,2017-05-14,0.8455988455988456
Crystal Palace,2017-05-21,0.9297258297258297
Crystal Palace,2017-08-12,0.7997113997113997
Crystal Palace,2017-08-19,0.6855699855699856
Crystal Palace,2017-08-26,0.7481962481962482
Crystal Palace,2017-09-10,0.7822510822510822
Crystal Palace,2017-09-16,0.6282828282828283
Crystal Palace,2017-09-23,0.7519480519480519
Crystal Palace,2017-09-30,0.7015873015873015
Crystal Palace,2017-10-14,0.603030303030303
Crystal Palace,2017-10-21,0.7041847041847041
Crystal Palace,2017-10-28,0.6601731601731602
Crystal Palace,2017-11-05,0.6683982683982684
Crystal Palace,2017-11-18,0.7193362193362194
Crystal Palace,2017-11-25,0.8028860028860029
Crystal Palace,2017-11-28,0.7090909090909091
Crystal Palace,2017-12-02,0.7554112554112554
Crystal Palace,2017-12-09,0.7278499278499279
Crystal Palace,2017-12-12,0.8611832611832612
Crystal Palace,2017-12-16,0.8202020202020202
Crystal Palace,2017-12-23,0.7115440115440116
Crystal Palace,2017-12-28,0.7686868686868686
Crystal Palace,2017-12-31,0.8877344877344877
Crystal Palace,2018-01-02,0.6240981240981242
Crystal Palace,2018-01-13,0.7372673495888039
Crystal Palace,2018-01-20,0.5749531092194489
Crystal Palace,2018-01-30,0.7068244120617515
Crystal Palace,2018-02-04,0.8058280438545874
Crystal Palace,2018-02-10,0.8179457587997692
Crystal Palace,2018-02-25,0.6944604731679169
Crystal Palace,2018-03-05,0.7208597807270629
Crystal Palace,2018-03-10,0.7353917183667581
Crystal Palace,2018-03-17,0.8239792237772328
Crystal Palace,2018-03-31,0.7737700187563122
Crystal Palace,2018-04-07,0.7946608946608946
Crystal Palace,2018-04-14,0.7216450216450216
Crystal Palace,2018-04-21,0.7774891774891775
Crystal Palace,2018-04-28,0.7854256854256855
Crystal Palace,2018-05-05,0.8650793650793651
Crystal Palace,2018-05-13,0.9297258297258297
Crystal Palace,2018-08-11,0.929004329004329
Crystal Palace,2018-08-20,0.7718614718614719
Crystal Palace,2018-08-26,0.8412927427499639
Crystal Palace,2018-09-01,0.7462406015037594
Crystal Palace,2018-09-15,0.6821862348178138
Crystal Palace,2018-09-22,0.7903412377096588
Crystal Palace,2018-10-01,0.7945641173919329
Crystal Palace,2018-10-06,0.8808732109295938
Crystal Palace,2018-10-21,0.9118114789648691
Crystal Palace,2018-10-28,0.83155002891845
Crystal Palace,2018-11-04,0.8870455856895557
Crystal Palace,2018-11-10,0.9627813040969417
Crystal Palace,2018-11-24,0.9086843623773803
Crystal Palace,2018-12-01,0.9835521569759054
Crystal Palace,2018-12-04,0.9482111944604732
Crystal Palace,2018-12-08,0.9596134429539882
Crystal Palace,2018-12-15,0.983989614885331
Crystal Palace,2018-12-22,0.7446624350836699
Crystal Palace,2018-12-26,0.8126352228472523
Crystal Palace,2018-12-30,0.8494375540813384
Crystal Palace,2019-01-02,0.9120276896452264
Crystal Palace,2019-01-12,0.8295110341843358
Crystal Palace,2019-01-19,0.9104154645124062
Crystal Palace,2019-01-30,0.8915175995383727
Crystal Palace,2019-02-02,0.917195614541258
Crystal Palace,2019-02-09,0.809984129274275
Crystal Palace,2019-02-23,0.7483768575963065
Crystal Palace,2019-02-27,0.8438897705958736
Crystal Palace,2019-03-02,0.7480882989467609
Crystal Palace,2019-03-09,0.7370167339873053
Crystal Palace,2019-03-30,0.7839007501442585
Crystal Palace,2019-04-03,0.8593479515291402
Crystal Palace,2019-04-06,0.8434795152914022
Crystal Palace,2019-04-14,0.9118453325638436
Crystal Palace,2019-04-21,0.780551147020632
Crystal Palace,2019-04-27,0.6719088154667436
Crystal Palace,2019-05-04,0.7844155844155845
Crystal Palace,2019-05-12,0.770995670995671
Crystal Palace,2019-08-10,0.7461760461760462
Crystal Palace,2019-08-18,0.759486365603809
Crystal Palace,2019-08-24,0.8153224642908671
Crystal Palace,2019-08-31,0.7668446111672197
Crystal Palace,2019-09-14,0.7915163757033618
Crystal Palace,2019-09-22,0.6538738998701487
Crystal Palace,2019-09-28,0.7294762660510749
Crystal Palace,2019-10-05,0.8835665849083826
Crystal Palace,2019-10-19,0.8301832347424614
Crystal Palace,2019-10-27,0.7866416618580496
Crystal Palace,2019-11-03,0.7590882862088864
Crystal Palace,2019-11-09,0.8723496321938555
Crystal Palace,2019-11-23,0.9332179431703447
Crystal Palace,2019-11-30,0.9405740660608684
Crystal Palace,2019-12-03,0.7830664935814222
Crystal Palace,2019-12-07,0.8078476630121177
Crystal Palace,2019-12-16,0.8158892128279883
Crystal Palace,2019-12-21,0.6975218658892128
Crystal Palace,2019-12-26,0.7849540749380376
Crystal Palace,2019-12-28,0.812800699810468
Crystal Palace,2020-01-01,0.7931185303980172
Crystal Palace,2020-01-11,0.8495407493803762
Crystal Palace,2020-01-18,0.7636681732030909
Crystal Palace,2020-01-21,0.7624819624819624
Crystal Palace,2020-02-01,0.8402597402597403
Crystal Palace,2020-02-08,0.7767676767676768
Crystal Palace,2020-02-22,0.7878787878787878
Crystal Palace,2020-02-29,0.7311688311688311
Crystal Palace,2020-03-07,0.7952380952380952
Crystal Palace,2020-06-20,0.808946608946609
Crystal Palace,2020-06-24,0.895093795093795
Crystal Palace,2020-06-29,0.7222222222222222
Crystal Palace,2020-07-04,0.8670995670995671
Crystal Palace,2020-07-07,0.8917748917748918
Crystal Palace,2020-07-12,0.9656565656565657
Crystal Palace,2020-07-16,0.9056277056277057
Crystal Palace,2020-07-20,0.7746031746031746
Crystal Palace,2020-07-26,0.7047619047619048
Crystal Palace,2020-09-12,0.7500721500721501
Crystal Palace,2020-09-19,0.7950937950937951
Crystal Palace,2020-09-26,0.7991341991341991
Crystal Palace,2020-10-03,0.7926406926406926
Crystal Palace,2020-10-18,0.8422799422799423
Crystal Palace,2020-10-24,0.680952380952381
Crystal Palace,2020-10-30,0.662049062049062
Crystal Palace,2020-11-07,0.6473304473304473
Crystal Palace,2020-11-23,0.7314467224949466
Crystal Palace,2020-11-27,0.6721051111752816
Crystal Palace,2020-12-06,0.7500721917412648
Crystal Palace,2020-12-13,0.7624891712388103
Crystal Palace,2020-12-16,0.8030609298296275
Crystal Palace,2020-12-19,0.7622004042737511
Crystal Palace,2020-12-26,0.8208803938604112
Crystal Palace,2020-12-28,0.8136034732272069
Crystal Palace,2021-01-02,0.6719247467438495
Crystal Palace,2021-01-14,0.7578871201157742
Crystal Palace,2021-01-17,0.722905512950369
Crystal Palace,2021-01-26,0.5799450151931703
Crystal Palace,2021-01-30,0.7961221241499059
Crystal Palace,2021-02-02,0.6665704804501515
Crystal Palace,2021-02-08,0.7030731496176598
Crystal Palace,2021-02-13,0.6653202538949798
Crystal Palace,2021-02-22,0.6539238315060588
Crystal Palace,2021-02-28,0.6996104458231136
Crystal Palace,2021-03-03,0.7098961338718984
Crystal Palace,2021-03-07,0.7504327755337565
Crystal Palace,2021-03-13,0.8192440854010387
Crystal Palace,2021-04-05,0.8378534333525678
Crystal Palace,2021-04-10,0.8516808541336026
Crystal Palace,2021-04-26,0.9342086279036214
Crystal Palace,2021-05-01,0.8802481604386091
Crystal Palace,2021-05-08,0.8142857142857143
Crystal Palace,2021-05-11,0.8733044733044732
Crystal Palace,2021-05-16,0.827994227994228
Crystal Palace,2021-05-19,0.5935064935064935
Crystal Palace,2021-05-23,0.7389610389610389
Crystal Palace,2021-08-14,0.7223665223665223
Crystal Palace,2021-08-21,0.6445887445887446
Crystal Palace,2021-08-28,0.6348127801069828
Crystal Palace,2021-09-11,0.6935696499194375
Crystal Palace,2021-09-18,0.6991242392756419
Crystal Palace,2021-09-27,0.7668120956822627
Crystal Palace,2021-10-03,0.8549641604392253
Crystal Palace,2021-10-18,0.8294417813514767
Crystal Palace,2021-10-23,0.8531894934333959
Crystal Palace,2021-10-30,0.8575724006963127
Crystal Palace,2021-11-06,0.9427486952396015
Crystal Palace,2021-11-20,0.9427486952396015
Crystal Palace,2021-11-27,0.9000474458326744
Crystal Palace,2021-11-30,0.8041692987997473
Crystal Palace,2021-12-05,0.7803221730890714
Crystal Palace,2021-12-12,0.725847323408299
Crystal Palace,2021-12-15,0.8278428888184985
Crystal Palace,2021-12-26,0.794485818412296
Crystal Palace,2021-12-28,0.6712090001584535
Crystal Palace,2022-01-01,0.8381696428571429
Crystal Palace,2022-01-14,0.6977805761057768
Crystal Palace,2022-01-23,0.6079466087226447
Crystal Palace,2022-02-09,0.7564420987271033
Crystal Palace,2022-02-12,0.8231915554175722
Crystal Palace,2022-02-19,0.8386896444651452
Crystal Palace,2022-02-23,0.6939916162086632
Crystal Palace,2022-02-26,0.6986760006087354
Crystal Palace,2022-03-05,0.6683122493057698
Crystal Palace,2022-03-14,0.7776908635794744
Crystal Palace,2022-04-04,0.815081351689612
Crystal Palace,2022-04-10,0.8174280350438048
Crystal Palace,2022-04-20,0.8412077596996246
Crystal Palace,2022-04-25,0.9193648816936488
Crystal Palace,2022-04-30,0.7617476033317617
Crystal Palace,2022-05-07,0.8138950015718328
Crystal Palace,2022-05-15,0.7318453316567117
Crystal Palace,2022-05-19,0.7093441853185162
Crystal Palace,2022-05-22,0.732508999843481
Crystal Palace,2022-08-05,0.6899272783537057
Crystal Palace,2022-08-15,0.8089252042740415
Crystal Palace,2022-08-20,0.8536737235367372
Crystal Palace,2022-08-27,0.8257599017500767
Crystal Palace,2022-08-30,0.822104466313399
Crystal Palace,2022-09-03,0.9166166766646671
Crystal Palace,2022-10-01,0.9341521160106541
Crystal Palace,2022-10-09,0.8882491880720401
Crystal Palace,2022-10-15,0.9264175443658924
Crystal Palace,2022-10-18,0.9323329966815755
Crystal Palace,2022-10-22,0.9366613764247583
Crystal Palace,2022-10-29,0.8633674794401962
Crystal Palace,2022-11-06,0.8740441494733805
Crystal Palace,2022-11-12,0.7998845765401817
Crystal Palace,2022-12-26,0.9552734093204444
Crystal Palace,2022-12-31,0.8349444524599625
Crystal Palace,2023-01-04,0.8722595732242034
Crystal Palace,2023-01-15,0.890382928968138
Crystal Palace,2023-01-18,0.9048384739073235
Crystal Palace,2023-01-21,0.8491448618623009
Crystal Palace,2023-02-04,0.9064464259611168
Crystal Palace,2023-02-11,0.7885121309558608
Crystal Palace,2023-02-18,0.7930429698918445
Crystal Palace,2023-02-25,0.8411484634251911
Crystal Palace,2023-03-04,0.82383494445246
Crystal Palace,2023-03-11,0.8144567883422306
Crystal Palace,2023-03-15,0.7771983195712009
Crystal Palace,2023-03-19,0.820802549616109
Crystal Palace,2023-04-01,0.6469139379889887
Crystal Palace,2023-04-09,0.7755722978846711
Crystal Palace,2023-04-15,0.7655751955954796
Crystal Palace,2023-04-22,0.8016516951608229
Crystal Palace,2023-04-25,0.776071842410197
Crystal Palace,2023-04-29,0.7901038661281016
Crystal Palace,2023-05-06,0.86266589728794
Crystal Palace,2023-05-13,0.906966681090437
Crystal Palace,2023-05-20,0.8719169190826482
Crystal Palace,2023-05-28,0.8645607961921247
Crystal Palace,2023-08-12,0.8825905091590942
Crystal Palace,2023-08-21,0.7738352805423337
Crystal Palace,2023-08-26,0.7940582636284973
Crystal Palace,2023-09-03,0.8554946639746178
Crystal Palace,2023-09-16,0.9148997547959037
Crystal Palace,2023-09-23,0.804297663686184
Crystal Palace,2023-09-30,0.9003748558246828
Crystal Palace,2023-10-07,0.8404209312382874
Crystal Palace,2023-10-21,0.671521268925739
Crystal Palace,2023-10-27,0.8070377848283818
Crystal Palace,2023-11-04,0.9069800980674935
Crystal Palace,2023-11-11,0.9131814248629939
Crystal Palace,2023-11-25,0.8564834847829222
Crystal Palace,2023-12-03,0.942865387389987
Crystal Palace,2023-12-06,0.8037518037518038
Crystal Palace,2023-12-09,0.8985569985569986
Crystal Palace,2023-12-16,0.8398268398268398
Crystal Palace,2023-12-21,0.5591382301908617
Crystal Palace,2023-12-27,0.6715339019806275
Crystal Palace,2023-12-30,0.7176521613416221
Crystal Palace,2024-01-20,0.8103498120844175
Crystal Palace,2024-01-30,0.7225032519150166
Crystal Palace,2024-02-03,0.8378378378378378
Crystal Palace,2024-02-12,0.8105491329479769
Crystal Palace,2024-02-19,0.6711854629362561
Crystal Palace,2024-02-24,0.5905091590941872
Crystal Palace,2024-03-02,0.6740227895571903
Crystal Palace,2024-03-09,0.8064609172194981
Crystal Palace,2024-03-30,0.8436463291504399
Crystal Palace,2024-04-02,0.8547526323380932
Crystal Palace,2024-04-06,0.8153757392182317
Crystal Palace,2024-04-14,0.8476849848550411
Crystal Palace,2024-04-21,0.8626857060435598
Crystal Palace,2024-04-24,0.7803576579175079
Crystal Palace,2024-04-27,0.8713214079630698
Crystal Palace,2024-05-06,0.7781624116544065
Crystal Palace,2024-05-11,0.8983124188662917
Crystal Palace,2024-05-19,0.901471436814772
Crystal Palace,2024-08-18,0.8850873393965641
Crystal Palace,2024-08-24,0.8069871517251336
Crystal Palace,2024-09-01,0.6570892289922033
Crystal Palace,2024-09-14,0.773029165463471
Crystal Palace,2024-09-21,0.7111913357400722
Crystal Palace,2024-09-28,0.7815162454873646
Crystal Palace,2024-10-05,0.7492058908460872
Crystal Palace,2024-10-21,0.845476843168374
Crystal Palace,2024-10-27,0.7809839849949503
Crystal Palace,2024-11-02,0.8871735680277016
Crystal Palace,2024-11-09,0.7675660077910835
Crystal Palace,2024-11-23,0.6894114252740912
Crystal Palace,2024-11-30,0.7759468054350969
Crystal Palace,2024-12-03,0.8832201185142362
Crystal Palace,2024-12-07,0.9119815002167944
Crystal Palace,2024-12-15,0.9088150289017342
Crystal Palace,2024-12-21,0.9796242774566474
Crystal Palace,2024-12-26,0.7806675335934113
Crystal Palace,2024-12-29,0.9429190751445087
Crystal Palace,2025-01-04,0.8684741851745025
Crystal Palace,2025-01-15,0.8173950670705322
Crystal Palace,2025-01-18,0.9337948939852877
Crystal Palace,2025-01-26,0.8392960184650894
Crystal Palace,2025-02-02,0.9062590135563888
Crystal Palace,2025-02-15,0.9306216645031011
Crystal Palace,2025-02-22,0.9450533602538217
Crystal Palace,2025-02-25,0.9564464955292761
Crystal Palace,2025-03-08,0.9609228550829128
Crystal Palace,2025-04-02,0.818168709444845
Crystal Palace,2025-04-05,0.8373702422145328
Crystal Palace,2025-04-12,0.9110181713296799
Crystal Palace,2025-04-16,0.8912321248013867
Crystal Palace,2025-04-19,0.9644611383993066
Crystal Palace,2025-04-23,0.9666281421554465
Crystal Palace,2025-05-05,0.9098312972658522
Crystal Palace,2025-05-11,0.9489528795811518
Crystal Palace,2025-05-20,0.9140363636363636
Crystal Palace,2025-05-25,0.7806545454545455
Crystal Palace,2025-08-17,0.8539064769096718
Crystal Palace,2025-08-24,0.8561057064033687
Crystal Palace,2025-08-31,0.8200958327283288
Crystal Palace,2025-09-13,0.8573077477997403
Crystal Palace,2025-09-20,0.7518395613908527
Crystal Palace,2025-09-27,0.8407156254508729
Crystal Palace,2025-10-05,0.9319001587072573
Crystal Palace,2025-10-18,0.9017599538372764
Crystal Palace,2025-10-26,0.8757755013706536
Crystal Palace,2025-11-01,0.9754725147886308
Crystal Palace,2025-11-09,0.9159215460051918
Crystal Palace,2025-11-22,0.8807498197548667
Crystal Palace,2025-11-30,0.9995674116798846
Crystal Palace,2025-12-03,0.985726643598616
Crystal Palace,2025-12-07,0.9146359048305696
Crystal Palace,2025-12-14,0.8297043979812545
Crystal Palace,2025-12-20,0.8533737024221453
Crystal Palace,2025-12-28,0.7788836001730852
Crystal Palace,2026-01-01,0.7221581073283324
Crystal Palace,2026-01-04,0.7482688978649741
Crystal Palace,2026-01-07,0.7990478938257357
Crystal Palace,2026-01-17,0.7224466243508367
Crystal Palace,2026-01-25,0.7363334775710371
Crystal Palace,2026-02-01,0.7823139065204847
Crystal Palace,2026-02-08,0.6009545849002025
Crystal Palace,2026-02-11,0.7183974544402661
Crystal Palace,2026-02-22,0.7918715649407
Crystal Palace,2026-03-01,0.7151743092723853
Crystal Palace,2026-03-05,0.8543324171850137
Crystal Palace,2026-03-15,0.7728990985751673
Crystal Palace,2026-04-12,0.7649025879616167
Crystal Palace,2026-04-20,0.8825406032482599
Crystal Palace,2026-04-25,0.8276062055966362
Crystal Palace,2026-05-03,0.8129621574597651
Crystal Palace,2026-05-10,0.900391474554154
Crystal Palace,2026-05-13,0.8332608380455271
Crystal Palace,2026-05-17,0.9177607848795267
Crystal Palace,2026-05-24,0.9294474101861203
Everton,2012-10-06,0.8814620355411955
Everton,2012-10-21,0.9246171967020024
Everton,2012-10-28,0.8451110470147101
Everton,2012-11-03,0.8103723018977256
Everton,2012-11-10,0.9311893379689989
Everton,2012-11-17,0.9007677821237143
Everton,2012-11-24,0.7785021005359989
Everton,2012-11-28,0.6788352890047805
Everton,2012-12-01,0.7331594958713603
Everton,2012-12-09,0.8039698638075921
Everton,2012-12-15,0.8815637622619734
Everton,2012-12-22,0.822299148997548
Everton,2012-12-26,0.7976345016587336
Everton,2012-12-30,0.8580905682145947
Everton,2013-01-02,0.7953562157484857
Everton,2013-01-12,0.8407615750757248
Everton,2013-01-21,0.8466753209288909
Everton,2013-01-30,0.8773802654356607
Everton,2013-02-02,0.8790939258404271
Everton,2013-02-10,0.8782282498917905
Everton,2013-02-23,0.8535564853556485
Everton,2013-03-02,0.7932477276006348
Everton,2013-03-16,0.8013273697879094
Everton,2013-03-30,0.7880536719088155
Everton,2013-04-07,0.7208460089816022
Everton,2013-04-13,0.7919745038389107
Everton,2013-04-16,0.9464001158916413
Everton,2013-04-20,0.8073301463131971
Everton,2013-04-27,0.9060101375814628
Everton,2013-05-05,0.8172338884866039
Everton,2013-05-12,0.9034033309196234
Everton,2013-05-19,0.9327852300591375
Everton,2013-08-17,0.9013556388808769
Everton,2013-08-24,0.9115950389385636
Everton,2013-08-31,0.8544851456590712
Everton,2013-09-14,0.8638199653779572
Everton,2013-09-21,0.7223023658395845
Everton,2013-09-30,0.7605654117986441
Everton,2013-10-05,0.7539304774267994
Everton,2013-10-19,0.7869609115822876
Everton,2013-10-26,0.896293091013991
Everton,2013-11-03,0.9180611656087709
Everton,2013-11-09,0.9343718448002308
Everton,2013-11-23,0.9339391316890235
Everton,2013-11-30,0.9565781881130987
Everton,2013-12-04,0.8228505481823427
Everton,2013-12-08,0.9142980810849806
Everton,2013-12-14,0.9323427582227352
Everton,2013-12-22,0.8615318044136737
Everton,2013-12-26,0.9196480092325447
Everton,2013-12-29,0.9365262550490479
Everton,2014-01-01,0.6942461762563729
Everton,2014-01-11,0.6923525127458121
Everton,2014-01-20,0.697305171158048
Everton,2014-01-28,0.7896270396270396
Everton,2014-02-01,0.7447180533294477
Everton,2014-02-09,0.7254844820049541
Everton,2014-02-22,0.7772111321579485
Everton,2014-03-01,0.8168831168831169
Everton,2014-03-15,0.7897546897546898
Everton,2014-03-22,0.8370851370851371
Everton,2014-03-25,0.8633477633477633
Everton,2014-03-30,0.7789640744481315
Everton,2014-04-06,0.9203578127254365
Everton,2014-04-12,0.9402683595440773
Everton,2014-04-16,0.9135766844611167
Everton,2014-04-20,0.9870148607704516
Everton,2014-04-26,0.9497907949790795
Everton,2014-05-03,0.8605020196191575
Everton,2014-05-11,0.7999134448932487
Everton,2014-08-16,0.7691863819965378
Everton,2014-08-23,0.8286456079619212
Everton,2014-08-30,0.8096062310688014
Everton,2014-09-13,0.774267993653541
Everton,2014-09-21,0.8458098947064763
Everton,2014-09-27,0.7927005193306406
Everton,2014-10-05,0.7610734381763093
Everton,2014-10-18,0.7133169816765258
Everton,2014-10-26,0.7186147186147186
Everton,2014-11-01,0.7571778964074448
Everton,2014-11-09,0.8096955706247295
Everton,2014-11-22,0.8108498052229115
Everton,2014-11-30,0.6869138652431107
Everton,2014-12-03,0.717356802770163
Everton,2014-12-06,0.7346703217428943
Everton,2014-12-15,0.8049343529072284
Everton,2014-12-20,0.7835497835497836
Everton,2014-12-26,0.7893521858317704
Everton,2014-12-28,0.7482325782715337
Everton,2015-01-01,0.6436300678112826
Everton,2015-01-10,0.6939835521569759
Everton,2015-01-19,0.7088205572397863
Everton,2015-01-31,0.751118810451855
Everton,2015-02-07,0.7493864587844665
Everton,2015-02-11,0.7635339974014725
Everton,2015-02-22,0.7050671286271113
Everton,2015-03-01,0.6661371841155235
Everton,2015-03-04,0.7709747292418773
Everton,2015-03-15,0.6970702843123106
Everton,2015-03-22,0.6077356039832588
Everton,2015-04-04,0.7441189204791456
Everton,2015-04-11,0.7615473441108545
Everton,2015-04-18,0.7938799076212472
Everton,2015-04-26,0.8541125541125542
Everton,2015-05-02,0.8968253968253969
Everton,2015-05-09,0.86002886002886
Everton,2015-05-16,0.8711399711399711
Everton,2015-05-24,0.8204906204906205
Everton,2015-08-08,0.7891774891774892
Everton,2015-08-15,0.7854256854256855
Everton,2015-08-23,0.7713172702351753
Everton,2015-08-29,0.806377146154956
Everton,2015-09-12,0.8265762516231424
Everton,2015-09-19,0.8417255807242822
Everton,2015-09-28,0.799163179916318
Everton,2015-10-04,0.7234564339296018
Everton,2015-10-17,0.7776976341604155
Everton,2015-10-24,0.8736113114990622
Everton,2015-11-01,0.8614918482181504
Everton,2015-11-07,0.7840138508151782
Everton,2015-11-21,0.8290290001442793
Everton,2015-11-28,0.8330688212379166
Everton,2015-12-07,0.8816738816738817
Everton,2015-12-12,0.8010388111383638
Everton,2015-12-19,0.7860337613619969
Everton,2015-12-26,0.8506708988601933
Everton,2015-12-28,0.803347280334728
Everton,2016-01-03,0.910402539316116
Everton,2016-01-13,0.8968402827874765
Everton,2016-01-16,0.742028567306305
Everton,2016-01-24,0.7481962481962482
Everton,2016-02-03,0.8601731601731601
Everton,2016-02-06,0.5776334776334776
Everton,2016-02-13,0.6698412698412698
Everton,2016-03-01,0.7394315394603953
Everton,2016-03-05,0.7770884432260857
Everton,2016-03-19,0.8075313807531381
Everton,2016-04-03,0.7483636363636363
Everton,2016-04-09,0.7176727272727272
Everton,2016-04-13,0.9054545454545454
Everton,2016-04-16,0.8276614310645725
Everton,2016-04-20,0.5108965920725465
Everton,2016-04-30,0.7618838671932134
Everton,2016-05-07,0.5283213182286303
Everton,2016-05-11,0.6985261929082154
Everton,2016-05-15,0.7234787684225886
Everton,2016-08-13,0.6032394571720414
Everton,2016-08-20,0.4995621716287215
Everton,2016-08-27,0.5103047895500725
Everton,2016-09-12,0.5338171262699565
Everton,2016-09-17,0.5523809523809524
Everton,2016-09-24,0.6658008658008658
Everton,2016-09-30,0.6671475977492425
Everton,2016-10-15,0.7424614052806233
Everton,2016-10-22,0.799163179916318
Everton,2016-10-30,0.8912290825158684
Everton,2016-11-05,0.8185489687004183
Everton,2016-11-19,0.8390307226308957
Everton,2016-11-27,0.7572479446127217
Everton,2016-12-04,0.8245816503173687
Everton,2016-12-10,0.7381708020773226
Everton,2016-12-13,0.7507212925562609
Everton,2016-12-19,0.7535709132881259
Everton,2016-12-26,0.7681431250901746
Everton,2016-12-30,0.7118741884287981
Everton,2017-01-02,0.7421728466310777
Everton,2017-01-15,0.7984417832924542
Everton,2017-01-21,0.7063915740874332
Everton,2017-02-01,0.7495672244662435
Everton,2017-02-04,0.7516226741670272
Everton,2017-02-11,0.8590594345066359
Everton,2017-02-25,0.8508366993652625
Everton,2017-03-05,0.8962781304096942
Everton,2017-03-11,0.9177726485862666
Everton,2017-03-18,0.897864974033468
Everton,2017-04-01,0.8801038811138364
Everton,2017-04-04,0.6955266955266955
Everton,2017-04-09,0.7304473304473305
Everton,2017-04-15,0.7316017316017316
Everton,2017-04-22,0.8577200577200578
Everton,2017-04-30,0.8029144423604098
Everton,2017-05-06,0.7502524888183524
Everton,2017-05-12,0.8411484634251911
Everton,2017-05-21,0.8939546962920214
Everton,2017-08-12,0.9154523156831627
Everton,2017-08-21,0.5635550425624009
Everton,2017-08-27,0.6188140239503679
Everton,2017-09-09,0.610910665319671
Everton,2017-09-17,0.589984124693318
Everton,2017-09-23,0.7669216337133785
Everton,2017-10-01,0.6898542358204647
Everton,2017-10-15,0.7764468177226151
Everton,2017-10-22,0.7952085438014144
Everton,2017-10-29,0.7760461760461761
Everton,2017-11-05,0.6906932985960341
Everton,2017-11-18,0.7193515704154002
Everton,2017-11-26,0.7430887248516428
Everton,2017-11-29,0.7659574468085106
Everton,2017-12-02,0.6534954407294833
Everton,2017-12-10,0.7536903039073806
Everton,2017-12-13,0.8238529454334925
Everton,2017-12-18,0.8288847208195066
Everton,2017-12-23,0.8343673351608715
Everton,2017-12-26,0.8085413360265474
Everton,2017-12-30,0.7928148896263165
Everton,2018-01-01,0.7613619968258548
Everton,2018-01-13,0.7047619047619048
Everton,2018-01-20,0.773015873015873
Everton,2018-01-31,0.6858585858585858
Everton,2018-02-03,0.6958152958152958
Everton,2018-02-10,0.6678210678210679
Everton,2018-02-24,0.7375180375180376
Everton,2018-03-03,0.7551226551226551
Everton,2018-03-10,0.7616161616161616
Everton,2018-03-17,0.5833092694195784
Everton,2018-03-31,0.6566560785446145
Everton,2018-04-07,0.6969828208459651
Everton,2018-04-14,0.7613685578172369
Everton,2018-04-23,0.7171935902988307
Everton,2018-04-28,0.8868196910639526
Everton,2018-05-05,0.8332611520138589
Everton,2018-05-13,0.7860337613619969
Everton,2018-08-11,0.8850093781561102
Everton,2018-08-18,0.7786435786435787
Everton,2018-08-25,0.7876453488372093
Everton,2018-09-01,0.7200581395348837
Everton,2018-09-16,0.645052693208431
Everton,2018-09-23,0.5475702576112412
Everton,2018-09-29,0.6311475409836066
Everton,2018-10-06,0.7596604215456675
Everton,2018-10-21,0.8265769061905459
Everton,2018-10-28,0.766158315177923
Everton,2018-11-03,0.8059549745824256
Everton,2018-11-11,0.8078753786239723
Everton,2018-11-24,0.77300259590424
Everton,2018-12-02,0.9003461205653303
Everton,2018-12-05,0.9338139870223504
Everton,2018-12-10,0.8837779379956742
Everton,2018-12-15,0.9457666233953556
Everton,2018-12-23,0.8952834270878408
Everton,2018-12-26,0.8120582720323093
Everton,2018-12-29,0.9474899019042123
Everton,2019-01-01,0.937536064627813
Everton,2019-01-13,0.7936805655749531
Everton,2019-01-19,0.9479076479076479
Everton,2019-01-29,0.9160294329822536
Everton,2019-02-02,0.8151781849660944
Everton,2019-02-06,0.7719704647459099
Everton,2019-02-09,0.8565223686115535
Everton,2019-02-26,0.8825828869263066
Everton,2019-03-03,0.7493846822064573
Everton,2019-03-09,0.8531924134935572
Everton,2019-03-17,0.7911960613958876
Everton,2019-03-30,0.7995945554590211
Everton,2019-04-07,0.8865800865800866
Everton,2019-04-13,0.8112826431972299
Everton,2019-04-21,0.8398730525100981
Everton,2019-04-27,0.8984420080784766
Everton,2019-05-03,0.8783900750144259
Everton,2019-05-12,0.9034910559723024
Everton,2019-08-10,0.7138323957882591
Everton,2019-08-17,0.7412375594980528
Everton,2019-08-23,0.7299797629372651
Everton,2019-09-01,0.8104669654474483
Everton,2019-09-15,0.7458435738036722
Everton,2019-09-21,0.8302732398438629
Everton,2019-09-28,0.8139366777504699
Everton,2019-10-05,0.8276460381723539
Everton,2019-10-19,0.9116541353383458
Everton,2019-10-26,0.7153422273781903
Everton,2019-11-03,0.738871973321734
Everton,2019-11-09,0.7439466434681745
Everton,2019-11-23,0.7993330433521821
Everton,2019-12-01,0.7970131941423807
Everton,2019-12-04,0.7959982601130926
Everton,2019-12-07,0.8405103668261563
Everton,2019-12-15,0.8314817486654162
Everton,2019-12-21,0.6873015873015873
Everton,2019-12-26,0.8611832611832612
Everton,2019-12-28,0.8036075036075037
Everton,2020-01-01,0.7845909681142692
Everton,2020-01-11,0.8013273697879094
Everton,2020-01-18,0.8891934785745202
Everton,2020-01-21,0.7108642331553888
Everton,2020-02-01,0.7677102871158563
Everton,2020-02-08,0.8205165199826865
Everton,2020-02-23,0.8619791666666666
Everton,2020-03-01,0.7095934018231804
Everton,2020-03-08,0.7148024887859934
Everton,2020-06-21,0.7635653306323252
Everton,2020-06-24,0.6916509911734915
Everton,2020-07-01,0.7591145833333334
Everton,2020-07-06,0.8245334876319976
Everton,2020-07-09,0.9209463358338142
Everton,2020-07-12,0.8545874206578188
Everton,2020-07-16,0.8167916907097519
Everton,2020-07-20,0.9433064050778996
Everton,2020-07-26,0.8088574725908828
Everton,2020-09-13,0.8884720819506565
Everton,2020-09-19,0.7617604617604617
Everton,2020-09-26,0.7535709132881259
Everton,2020-10-03,0.8197951233588227
Everton,2020-10-17,0.7634160415464513
Everton,2020-10-25,0.8271783035199076
Everton,2020-11-01,0.6710905943450663
Everton,2020-11-07,0.5232860862019092
Everton,2020-11-22,0.7007520971940989
Everton,2020-11-28,0.7990742080138868
Everton,2020-12-05,0.7118472443222913
Everton,2020-12-12,0.7970196759259259
Everton,2020-12-16,0.7753182870370371
Everton,2020-12-19,0.7336901489946478
Everton,2020-12-26,0.7374873792009231
Everton,2021-01-01,0.7558759913482336
Everton,2021-01-12,0.7261715933669791
Everton,2021-01-27,0.8188896899783706
Everton,2021-01-30,0.8369142033165105
Everton,2021-02-03,0.7039653929343908
Everton,2021-02-06,0.8192962215171619
Everton,2021-02-14,0.7759665320253895
Everton,2021-02-17,0.7202020202020202
Everton,2021-02-20,0.8204906204906205
Everton,2021-03-01,0.8936507936507937
Everton,2021-03-04,0.7597402597402597
Everton,2021-03-08,0.8013273697879094
Everton,2021-03-13,0.7964218727456356
Everton,2021-04-05,0.7892079065069976
Everton,2021-04-12,0.7443370365026691
Everton,2021-04-16,0.6727744914153801
Everton,2021-04-23,0.7632376280479007
Everton,2021-05-01,0.7866108786610879
Everton,2021-05-09,0.7541125541125541
Everton,2021-05-13,0.818037518037518
Everton,2021-05-16,0.8088023088023089
Everton,2021-05-19,0.8538239538239538
Everton,2021-05-23,0.8968253968253969
Everton,2021-08-14,0.8272976482470062
Everton,2021-08-21,0.7392872601356225
Everton,2021-08-28,0.7320732938969846
Everton,2021-09-13,0.8006347374495095
Everton,2021-09-18,0.7817368724754761
Everton,2021-09-25,0.5763127524523947
Everton,2021-10-02,0.707732256203116
Everton,2021-10-17,0.7125541125541126
Everton,2021-10-23,0.7914862914862915
Everton,2021-11-01,0.7831168831168831
Everton,2021-11-07,0.7272333670082263
Everton,2021-11-21,0.7489177489177489
Everton,2021-11-28,0.8476410330399654
Everton,2021-12-01,0.8648102726879239
Everton,2021-12-06,0.8982977495672244
Everton,2021-12-12,0.8190998268897864
Everton,2021-12-16,0.778995960761685
Everton,2022-01-02,0.48081361800346223
Everton,2022-01-15,0.7240169565852945
Everton,2022-01-22,0.6915204678362573
Everton,2022-02-08,0.7038011695906433
Everton,2022-02-12,0.663536316947909
Everton,2022-02-19,0.6001467351430667
Everton,2022-02-26,0.7291269258987527
Everton,2022-03-07,0.7402787967718268
Everton,2022-03-13,0.7849384503982622
Everton,2022-03-17,0.6858797972483708
Everton,2022-04-03,0.6972290729725809
Everton,2022-04-06,0.6822916666666666
Everton,2022-04-09,0.6947872803833309
Everton,2022-04-20,0.7284739364019166
Everton,2022-04-24,0.6095542326121679
Everton,2022-05-01,0.7289095397125018
Everton,2022-05-08,0.756788151589952
Everton,2022-05-11,0.817536231884058
Everton,2022-05-15,0.8598320301187373
Everton,2022-05-19,0.779974029721541
Everton,2022-05-22,0.8354965728452676
Everton,2022-08-06,0.4979585885097696
Everton,2022-08-13,0.5991820040899796
Everton,2022-08-20,0.635407537248028
Everton,2022-08-27,0.5883126369612857
Everton,2022-08-30,0.699926953981008
Everton,2022-09-03,0.6219138056975895
Everton,2022-09-18,0.7063159416100593
Everton,2022-10-01,0.7172593235039029
Everton,2022-10-09,0.8251082251082251
Everton,2022-10-15,0.81965084403405
Everton,2022-10-19,0.7863223200115423
Everton,2022-10-22,0.8910691097965662
Everton,2022-10-29,0.9456066945606695
Everton,2022-11-05,0.9707112970711297
Everton,2022-11-12,0.9816765257538594
Everton,2022-12-26,0.925984706391574
Everton,2022-12-31,0.7627705627705628
Everton,2023-01-03,0.862914862914863
Everton,2023-01-14,0.8179194921367768
Everton,2023-01-21,0.8164766988890492
Everton,2023-02-04,0.8206607993074593
Everton,2023-02-13,0.7632376280479007
Everton,2023-02-18,0.8197951233588227
Everton,2023-02-25,0.7762227672774491
Everton,2023-03-01,0.8772182946183812
Everton,2023-03-05,0.8181818181818182
Everton,2023-03-11,0.766955266955267
Everton,2023-03-18,0.8815295815295815
Everton,2023-04-03,0.886307892079065
Everton,2023-04-08,0.920646371374982
Everton,2023-04-15,0.8823017828670822
Everton,2023-04-22,0.7411219017248877
Everton,2023-04-27,0.7660530511668358
Everton,2023-05-01,0.8236574746008708
Everton,2023-05-08,0.7455732946298984
Everton,2023-05-14,0.7114240092901727
Everton,2023-05-20,0.7513427202787052
Everton,2023-05-28,0.8545007946828493
Everton,2023-08-12,0.6946972980783124
Everton,2023-08-20,0.647594278283485
Everton,2023-08-26,0.7620490620490621
Everton,2023-09-02,0.6483912855287838
Everton,2023-09-17,0.7033030434155488
Everton,2023-09-23,0.7770406691664263
Everton,2023-09-30,0.7642053648687627
Everton,2023-10-07,0.8644361119123162
Everton,2023-10-21,0.7904528410729738
Everton,2023-10-29,0.9056957462148522
Everton,2023-11-04,0.758029356198227
Everton,2023-11-11,0.8738188690216602
Everton,2023-11-26,0.9752906976744186
Everton,2023-12-02,0.9040837087632612
Everton,2023-12-07,0.8221447253705318
Everton,2023-12-10,0.8506248183667539
Everton,2023-12-16,0.9770382211887807
Everton,2023-12-23,0.6704643784251514
Everton,2023-12-27,0.8021344101528699
Everton,2023-12-30,0.7856318522792844
Everton,2024-01-14,0.8277304862213245
Everton,2024-01-30,0.804040404040404
Everton,2024-02-03,0.7867243867243867
Everton,2024-02-10,0.7635261866974462
Everton,2024-02-19,0.8534122060308758
Everton,2024-02-24,0.8721685182513346
Everton,2024-03-02,0.8981387967104314
Everton,2024-03-09,0.8456211224931467
Everton,2024-03-30,0.9141785662772248
Everton,2024-04-02,0.8452329438915333
Everton,2024-04-06,0.9215233698788229
Everton,2024-04-15,0.8091735179575941
Everton,2024-04-21,0.9072551564979086
Everton,2024-04-24,0.8282376694548601
Everton,2024-04-27,0.863013698630137
Everton,2024-05-03,0.7529564464955293
Everton,2024-05-11,0.9302090843547224
Everton,2024-05-19,0.7912040374909878
Everton,2024-08-17,0.8041816870944485
Everton,2024-08-24,0.6756055363321799
Everton,2024-08-31,0.6368108812038779
Everton,2024-09-14,0.6874547822312256
Everton,2024-09-21,0.7408104196816209
Everton,2024-09-28,0.7034303082935301
Everton,2024-10-05,0.7836155738891302
Everton,2024-10-19,0.8313549507817024
Everton,2024-10-26,0.8369769798754886
Everton,2024-11-02,0.89179050642043
Everton,2024-11-09,0.8533910533910534
Everton,2024-11-23,0.7766233766233767
Everton,2024-12-01,0.8556998556998557
Everton,2024-12-04,0.9308802308802309
Everton,2024-12-14,0.9085137085137085
Everton,2024-12-22,0.8624819624819625
Everton,2024-12-26,0.9037518037518038
Everton,2024-12-29,0.829004329004329
Everton,2025-01-04,0.9467609291588516
Everton,2025-01-15,0.9016015005049777
Everton,2025-01-19,0.9193478574520271
Everton,2025-01-25,0.8873178473524744
Everton,2025-02-01,0.9080940701197519
Everton,2025-02-12,0.8151781849660944
Everton,2025-02-15,0.8255662963497331
Everton,2025-02-22,0.697979797979798
Everton,2025-02-26,0.8292929292929293
Everton,2025-03-08,0.8008658008658008
Everton,2025-03-15,0.9137085137085137
Everton,2025-04-02,0.9395469629202136
Everton,2025-04-05,0.9355071418265762
Everton,2025-04-12,0.8535564853556485
Everton,2025-04-19,0.9111239359399798
Everton,2025-04-26,0.9447489901904212
Everton,2025-05-03,0.8405943450663589
Everton,2025-05-10,0.8015002885170225
Everton,2025-05-18,0.7834992066926294
Everton,2025-05-25,0.880028839221341
Everton,2025-08-18,0.8056236481614997
Everton,2025-08-24,0.5897620764239365
Everton,2025-08-30,0.6832996827228152
Everton,2025-09-13,0.7767844268204759
Everton,2025-09-20,0.7086216839677048
Everton,2025-09-29,0.8341505624459187
Everton,2025-10-05,0.8514137334102712
Everton,2025-10-18,0.8854587420657819
Everton,2025-10-26,0.9192268859079763
Everton,2025-11-03,0.9590364921390452
Everton,2025-11-08,0.9809578765147143
Everton,2025-11-24,0.967537151926129
Everton,2025-11-29,0.981387967104314
Everton,2025-12-02,0.9114385760140065
Everton,2025-12-06,0.8276918587686023
Everton,2025-12-13,0.9031081278272289
Everton,2025-12-20,0.9817598132204873
Everton,2025-12-27,0.7924996351962644
Everton,2025-12-30,0.7382168393404348
Everton,2026-01-04,0.7262512768130746
Everton,2026-01-07,0.8245310245310246
Everton,2026-01-18,0.8304473304473304
Everton,2026-01-26,0.726891969959561
Everton,2026-01-31,0.7359907567879839
Everton,2026-02-07,0.7407567879838244
Everton,2026-02-10,0.7752744078567302
Everton,2026-02-23,0.7755956678700361
Everton,2026-02-28,0.7002172338884866
Everton,2026-03-03,0.8905141202027517
Everton,2026-03-14,0.8919114455216322
Everton,2026-03-21,0.8213252314814815
Everton,2026-04-11,0.9435845508462317
Everton,2026-04-19,0.9192825112107623
Everton,2026-04-25,0.9558738425925926
Everton,2026-05-04,0.8544431621465667
Everton,2026-05-10,0.7726485862665897
Everton,2026-05-17,0.8174477289113194
Everton,2026-05-24,0.9090122566690699
Fulham,2012-10-07,0.8301353261967279
Fulham,2012-10-20,0.8261235482242046
Fulham,2012-10-27,0.7537151926128985
Fulham,2012-11-03,0.8847208195065647
Fulham,2012-11-10,0.8726013562256528
Fulham,2012-11-18,0.8721685182513346
Fulham,2012-11-24,0.8311688311688312
Fulham,2012-11-28,0.756622998544396
Fulham,2012-12-01,0.7778748180494905
Fulham,2012-12-10,0.7580786026200873
Fulham,2012-12-15,0.8034934497816594
Fulham,2012-12-22,0.8139737991266376
Fulham,2012-12-26,0.7090247452692867
Fulham,2012-12-29,0.7602620087336245
Fulham,2013-01-01,0.5981240981240982
Fulham,2013-01-12,0.6427128427128427
Fulham,2013-01-19,0.7205309479151638
Fulham,2013-01-30,0.7322175732217573
Fulham,2013-02-02,0.7617948348001732
Fulham,2013-02-09,0.7014860770451594
Fulham,2013-02-23,0.6238638003174145
Fulham,2013-03-02,0.7592325447201385
Fulham,2013-03-17,0.8280686571469782
Fulham,2013-04-01,0.825735718407386
Fulham,2013-04-07,0.8896581566421462
Fulham,2013-04-13,0.819560820572089
Fulham,2013-04-17,0.8137821438890495
Fulham,2013-04-20,0.7646973855265059
Fulham,2013-04-27,0.6279976885293268
Fulham,2013-05-04,0.7730527546397779
Fulham,2013-05-12,0.8686248721321058
Fulham,2013-05-19,0.8126278865828706
Fulham,2013-08-17,0.8640011673719539
Fulham,2013-08-24,0.3884430176565008
Fulham,2013-08-31,0.4915353181552831
Fulham,2013-09-14,0.5392586106246351
Fulham,2013-09-21,0.6142857142857143
Fulham,2013-09-28,0.5328235463858029
Fulham,2013-10-05,0.7112970711297071
Fulham,2013-10-21,0.7149040542490261
Fulham,2013-10-26,0.7261578415813014
Fulham,2013-11-02,0.7388920946335834
Fulham,2013-11-09,0.7782746682054241
Fulham,2013-11-23,0.7172533179457588
Fulham,2013-11-30,0.712595585052662
Fulham,2013-12-04,0.681286971576973
Fulham,2013-12-08,0.6869138652431107
Fulham,2013-12-14,0.6768143125090175
Fulham,2013-12-21,0.7647907647907648
Fulham,2013-12-26,0.7875901875901876
Fulham,2013-12-28,0.6476190476190476
Fulham,2014-01-01,0.6032318568749099
Fulham,2014-01-11,0.6727744914153801
Fulham,2014-01-18,0.685471071995383
Fulham,2014-01-28,0.530370797864666
Fulham,2014-02-01,0.5732217573221757
Fulham,2014-02-09,0.5208483624296638
Fulham,2014-02-12,0.47987303419419997
Fulham,2014-02-22,0.5681096681096681
Fulham,2014-03-01,0.6494949494949495
Fulham,2014-03-08,0.7281385281385281
Fulham,2014-03-15,0.6808080808080809
Fulham,2014-03-22,0.652958152958153
Fulham,2014-03-30,0.6572871572871573
Fulham,2014-04-05,0.6962671332750073
Fulham,2014-04-12,0.7266754270696452
Fulham,2014-04-19,0.7671192874872245
Fulham,2014-04-26,0.5558475689881734
Fulham,2014-05-03,0.7719375091254198
Fulham,2014-05-11,0.6735289823331874
Fulham,2018-08-11,0.6555701562271864
Fulham,2018-08-18,0.0
Fulham,2018-08-26,0.12712842712842712
Fulham,2018-09-01,0.22554112554112554
Fulham,2018-09-15,0.30432900432900434
Fulham,2018-09-22,0.340981240981241
Fulham,2018-09-29,0.5251082251082251
Fulham,2018-10-07,0.6012987012987013
Fulham,2018-10-20,0.7516594516594517
Fulham,2018-10-27,0.7603174603174603
Fulham,2018-11-05,0.665079365079365
Fulham,2018-11-11,0.7697092434543613
Fulham,2018-11-24,0.7579921886301172
Fulham,2018-12-02,0.7212498191812527
Fulham,2018-12-05,0.683494864747577
Fulham,2018-12-08,0.7734702733979459
Fulham,2018-12-15,0.6999855345002169
Fulham,2018-12-22,0.7424176462051952
Fulham,2018-12-26,0.7746091488129705
Fulham,2018-12-29,0.8836132020845396
Fulham,2019-01-01,0.9073537927041112
Fulham,2019-01-12,0.7796757382744643
Fulham,2019-01-20,0.8398957730167921
Fulham,2019-01-29,0.7889403590040532
Fulham,2019-02-02,0.8904761904761904
Fulham,2019-02-09,0.8395382395382396
Fulham,2019-02-22,0.9343434343434344
Fulham,2019-02-27,0.7122655122655123
Fulham,2019-03-03,0.7075036075036075
Fulham,2019-03-09,0.7597402597402597
Fulham,2019-03-17,0.8453102453102453
Fulham,2019-03-30,0.7352092352092352
Fulham,2019-04-02,0.618037518037518
Fulham,2019-04-13,0.7981240981240981
Fulham,2019-04-20,0.8639249639249639
Fulham,2019-04-27,0.8388167388167388
Fulham,2019-05-04,0.8799422799422799
Fulham,2019-05-12,0.8724386724386725
Fulham,2020-09-12,0.8449769053117783
Fulham,2020-09-19,0.41941550925925924
Fulham,2020-09-28,0.35648148148148145
Fulham,2020-10-04,0.6106770833333334
Fulham,2020-10-18,0.5665509259259259
Fulham,2020-10-24,0.4270833333333333
Fulham,2020-11-02,0.5376157407407407
Fulham,2020-11-07,0.6333912037037037
Fulham,2020-11-22,0.6744118920479145
Fulham,2020-11-30,0.7904761904761904
Fulham,2020-12-05,0.8002886002886003
Fulham,2020-12-13,0.8668301832347425
Fulham,2020-12-16,0.8557206752272399
Fulham,2020-12-19,0.9381041696724859
Fulham,2020-12-26,0.8600894273763162
Fulham,2021-01-13,0.9112237509051412
Fulham,2021-01-16,0.9139753801593049
Fulham,2021-01-20,0.8646104836374168
Fulham,2021-01-27,0.8157165767604607
Fulham,2021-01-30,0.9021723283277445
Fulham,2021-02-03,0.9606356611750985
Fulham,2021-02-06,0.9647178889050882
Fulham,2021-02-14,0.8899215800174267
Fulham,2021-02-17,0.8925199709513435
Fulham,2021-02-20,0.9484386347131445
Fulham,2021-02-28,0.9523878228249891
Fulham,2021-03-04,0.9441719561454126
Fulham,2021-03-07,0.8827178303519908
Fulham,2021-03-13,0.957732256203116
Fulham,2021-03-19,0.8674264281592614
Fulham,2021-04-04,0.9499422965954991
Fulham,2021-04-09,0.892944741018612
Fulham,2021-04-18,0.8197951233588227
Fulham,2021-05-01,0.8737373737373737
Fulham,2021-05-10,0.8062049062049063
Fulham,2021-05-15,0.8352092352092352
Fulham,2021-05-18,0.746031746031746
Fulham,2021-05-23,0.7479076479076479
Fulham,2022-08-06,0.5380952380952381
Fulham,2022-08-13,0.35945165945165947
Fulham,2022-08-20,0.43817630933487234
Fulham,2022-08-27,0.47670561084667534
Fulham,2022-08-30,0.6005191808479954
Fulham,2022-09-03,0.6717623305451399
Fulham,2022-09-16,0.7658255227108868
Fulham,2022-10-01,0.7850036049026676
Fulham,2022-10-09,0.6971313247801644
Fulham,2022-10-15,0.751531952144733
Fulham,2022-10-20,0.8050204319906596
Fulham,2022-10-23,0.8426507079258503
Fulham,2022-10-29,0.8511166253101737
Fulham,2022-11-05,0.8476357267950964
Fulham,2022-11-13,0.7260653823701109
Fulham,2022-12-26,0.7401459854014598
Fulham,2022-12-31,0.9226885907976345
Fulham,2023-01-03,0.8981681811625559
Fulham,2023-01-12,0.9312085376406115
Fulham,2023-01-15,0.8534756273435247
Fulham,2023-01-23,0.8957311796942602
Fulham,2023-02-03,0.9424823410696267
Fulham,2023-02-11,0.9592042669741964
Fulham,2023-02-18,0.9329874621703416
Fulham,2023-02-24,0.8599625414205446
Fulham,2023-03-06,0.8812680115273775
Fulham,2023-03-12,0.8720461095100864
Fulham,2023-04-01,0.7118766215047564
Fulham,2023-04-08,0.852198990627253
Fulham,2023-04-15,0.8393655371304974
Fulham,2023-04-22,0.8333814195037508
Fulham,2023-04-25,0.8913576684461116
Fulham,2023-04-30,0.8411713791113675
Fulham,2023-05-03,0.9091171379111368
Fulham,2023-05-08,0.7521638776687825
Fulham,2023-05-13,0.8056837853433353
Fulham,2023-05-20,0.832804385458742
Fulham,2023-05-28,0.7925562608193883
Fulham,2023-08-12,0.8736113114990622
Fulham,2023-08-19,0.705050505050505
Fulham,2023-08-26,0.7363636363636363
Fulham,2023-09-02,0.8054750869061413
Fulham,2023-09-16,0.7451065680730753
Fulham,2023-09-23,0.76163549369291
Fulham,2023-10-02,0.732096259785445
Fulham,2023-10-07,0.8051609162075964
Fulham,2023-10-23,0.8054508553203827
Fulham,2023-10-29,0.8431429399826037
Fulham,2023-11-04,0.8445984979780474
Fulham,2023-11-12,0.8454991344489324
Fulham,2023-11-27,0.9058127794605509
Fulham,2023-12-03,0.8078476630121177
Fulham,2023-12-06,0.9433227574271704
Fulham,2023-12-10,0.8299927901946648
Fulham,2023-12-16,0.8803172314347513
Fulham,2023-12-23,0.7599134823359769
Fulham,2023-12-26,0.796096708418293
Fulham,2023-12-31,0.8093226511289148
Fulham,2024-01-13,0.8983248361252731
Fulham,2024-01-30,0.7926864801864801
Fulham,2024-02-03,0.7632230802855894
Fulham,2024-02-10,0.7406382048666764
Fulham,2024-02-17,0.7511292437709457
Fulham,2024-02-24,0.838839994228827
Fulham,2024-03-02,0.6737844466887895
Fulham,2024-03-09,0.7884865098831337
Fulham,2024-03-16,0.8334776334776335
Fulham,2024-03-30,0.859018759018759
Fulham,2024-04-02,0.8331890331890331
Fulham,2024-04-06,0.8515151515151516
Fulham,2024-04-14,0.9088023088023088
Fulham,2024-04-21,0.9484848484848485
Fulham,2024-04-27,0.8873503533823741
Fulham,2024-05-04,0.8704745420452906
Fulham,2024-05-11,0.8899466320496178
Fulham,2024-05-19,0.8445341794058263
Fulham,2024-08-16,0.729449091433516
Fulham,2024-08-24,0.7054498269896193
Fulham,2024-08-31,0.7536754107812049
Fulham,2024-09-14,0.8079307858687815
Fulham,2024-09-21,0.755155010814708
Fulham,2024-09-28,0.849747656813266
Fulham,2024-10-05,0.8893856359965387
Fulham,2024-10-19,0.8954427458898183
Fulham,2024-10-26,0.870600115406809
Fulham,2024-11-04,0.8589223638470452
Fulham,2024-11-09,0.9087749782797567
Fulham,2024-11-23,0.9370112945264987
Fulham,2024-12-01,0.9067477555748624
Fulham,2024-12-05,0.8027801911381407
Fulham,2024-12-08,0.8021452384403537
Fulham,2024-12-14,0.8581159420289856
Fulham,2024-12-22,0.8003464703334777
Fulham,2024-12-26,0.7116245487364621
Fulham,2024-12-29,0.743826714801444
Fulham,2025-01-05,0.847097892001155
Fulham,2025-01-14,0.8571016166281755
Fulham,2025-01-18,0.8188896899783706
Fulham,2025-01-26,0.9150562445918662
Fulham,2025-02-01,0.9080028839221341
Fulham,2025-02-15,0.8832011535688536
Fulham,2025-02-22,0.8852198990627254
Fulham,2025-02-25,0.9391580161476355
Fulham,2025-03-08,0.8640034612056533
Fulham,2025-03-16,0.7976636861840207
Fulham,2025-04-01,0.8658782809345256
Fulham,2025-04-06,0.9033467974610502
Fulham,2025-04-14,0.9095499134448932
Fulham,2025-04-20,0.9321984997114829
Fulham,2025-04-26,0.8266955266955267
Fulham,2025-05-03,0.7372294372294372
Fulham,2025-05-10,0.8546897546897547
Fulham,2025-05-18,0.7476190476190476
Fulham,2025-05-25,0.8448773448773449
Fulham,2025-08-16,0.8378066378066378
Fulham,2025-08-24,0.8105339105339106
Fulham,2025-08-30,0.8512265512265512
Fulham,2025-09-13,0.9079365079365079
Fulham,2025-09-20,0.8797979797979798
Fulham,2025-09-28,0.8907647907647908
Fulham,2025-10-03,0.8066378066378066
Fulham,2025-10-18,0.7862914862914863
Fulham,2025-10-25,0.7962481962481962
Fulham,2025-11-01,0.7851370851370851
Fulham,2025-11-08,0.8371321407963069
Fulham,2025-11-22,0.8894979803808425
Fulham,2025-11-29,0.8404500865551068
Fulham,2025-12-02,0.8990336073849704
Fulham,2025-12-07,0.9120150007211886
Fulham,2025-12-13,0.8696091158228761
Fulham,2025-12-22,0.8533102553007356
Fulham,2025-12-27,0.6781128264319723
Fulham,2026-01-01,0.7351031597172125
Fulham,2026-01-04,0.7537151926128985
Fulham,2026-01-07,0.732034632034632
Fulham,2026-01-17,0.814168229692685
Fulham,2026-01-24,0.8630986728216965
Fulham,2026-02-01,0.8431909982688979
Fulham,2026-02-07,0.8639642238892095
Fulham,2026-02-11,0.7976053087132141
Fulham,2026-02-22,0.6660415464512406
Fulham,2026-03-01,0.8473744950952106
Fulham,2026-03-04,0.7535709132881259
Fulham,2026-03-15,0.7459241090751695
Fulham,2026-03-21,0.8021930457365459
Fulham,2026-04-11,0.8491055972302366
Fulham,2026-04-18,0.86800346220427
Fulham,2026-04-25,0.8108770917484132
Fulham,2026-05-02,0.8072706289671091
Fulham,2026-05-09,0.7450952106174265
Fulham,2026-05-17,0.7700187563122205
Fulham,2026-05-24,0.83023525994772
Huddersfield Town,2017-09-30,0.8552100161550888
Huddersfield Town,2017-10-14,0.8567822282059913
Huddersfield Town,2017-10-21,0.8980092325447201
Huddersfield Town,2017-10-28,0.9143104443162147
Huddersfield Town,2017-11-04,0.9133006347374495
Huddersfield Town,2017-11-18,0.8404500865551068
Huddersfield Town,2017-11-26,0.6879257863458472
Huddersfield Town,2017-11-29,0.8583647434038851
Huddersfield Town,2017-12-02,0.7057118005218904
Huddersfield Town,2017-12-09,0.7422441287329661
Huddersfield Town,2017-12-12,0.8261815018846043
Huddersfield Town,2017-12-16,0.8392054516456431
Huddersfield Town,2017-12-23,0.8586341887777295
Huddersfield Town,2017-12-26,0.7987248224894943
Huddersfield Town,2017-12-30,0.820750615852775
Huddersfield Town,2018-01-01,0.8164034197942327
Huddersfield Town,2018-01-13,0.8590059411679467
Huddersfield Town,2018-01-20,0.7217794522532966
Huddersfield Town,2018-01-30,0.8013331401246196
Huddersfield Town,2018-02-03,0.810607158382843
Huddersfield Town,2018-02-11,0.7906204906204907
Huddersfield Town,2018-02-24,0.8024531024531024
Huddersfield Town,2018-03-03,0.7950937950937951
Huddersfield Town,2018-03-10,0.8054834054834055
Huddersfield Town,2018-03-17,0.8554112554112554
Huddersfield Town,2018-03-31,0.827994227994228
Huddersfield Town,2018-04-07,0.7926406926406926
Huddersfield Town,2018-04-14,0.8913419913419913
Huddersfield Town,2018-04-28,0.9088154667436157
Huddersfield Town,2018-05-06,0.8890491992497475
Huddersfield Town,2018-05-09,0.8679844178329246
Huddersfield Town,2018-05-13,0.8363872457076901
Huddersfield Town,2018-08-11,0.8428798153224643
Huddersfield Town,2018-08-19,0.7519838407156254
Huddersfield Town,2018-08-25,0.5613908526908095
Huddersfield Town,2018-09-01,0.7761904761904762
Huddersfield Town,2018-09-15,0.7572070114442996
Huddersfield Town,2018-09-22,0.793018539976825
Huddersfield Town,2018-09-29,0.709154113557358
Huddersfield Town,2018-10-06,0.8230011587485515
Huddersfield Town,2018-10-20,0.8028679026651216
Huddersfield Town,2018-10-27,0.8033024333719583
Huddersfield Town,2018-11-05,0.7795800144822592
Huddersfield Town,2018-11-10,0.844200807847663
Huddersfield Town,2018-11-25,0.9352279284477785
Huddersfield Town,2018-12-01,0.7230236583958454
Huddersfield Town,2018-12-04,0.8915645277577505
Huddersfield Town,2018-12-08,0.8617129562309146
Huddersfield Town,2018-12-15,0.8449905482041588
Huddersfield Town,2018-12-22,0.8310063990692262
Huddersfield Town,2018-12-26,0.748109365910413
Huddersfield Town,2018-12-29,0.7965090909090909
Huddersfield Town,2019-01-02,0.8484363636363637
Huddersfield Town,2019-01-12,0.89988358556461
Huddersfield Town,2019-01-20,0.7809911350094463
Huddersfield Town,2019-01-29,0.6163348350530446
Huddersfield Town,2019-02-02,0.7221334108414474
Huddersfield Town,2019-02-09,0.6733032989391077
Huddersfield Town,2019-02-23,0.5814561836942305
Huddersfield Town,2019-02-26,0.7618770884788609
Huddersfield Town,2019-03-02,0.6383384705709673
Huddersfield Town,2019-03-09,0.7152706469121315
Huddersfield Town,2019-03-16,0.6577673463400323
Huddersfield Town,2019-03-30,0.6363369101866824
Huddersfield Town,2019-04-06,0.7034676941315946
Huddersfield Town,2019-04-13,0.7481108312342569
Huddersfield Town,2019-04-20,0.727434415295687
Huddersfield Town,2019-04-26,0.7515400410677618
Huddersfield Town,2019-05-05,0.8262400939242736
Huddersfield Town,2019-05-12,0.7822130906956266
Hull City,2013-10-05,0.8164893617021277
Hull City,2013-10-19,0.7841102415787683
Hull City,2013-10-27,0.8720151426907397
Hull City,2013-11-02,0.5129586488060571
Hull City,2013-11-09,0.6692640692640692
Hull City,2013-11-23,0.7458874458874459
Hull City,2013-12-01,0.7861471861471861
Hull City,2013-12-04,0.8215007215007215
Hull City,2013-12-09,0.7264858626658973
Hull City,2013-12-14,0.7208597807270629
Hull City,2013-12-21,0.8682919792267744
Hull City,2013-12-26,0.8248701673398731
Hull City,2013-12-28,0.9143104443162147
Hull City,2014-01-01,0.8139065204847086
Hull City,2014-01-11,0.9418638199653779
Hull City,2014-01-18,0.8975468975468975
Hull City,2014-01-28,0.8728715728715729
Hull City,2014-02-01,0.6595468321547121
Hull City,2014-02-08,0.6396305383172175
Hull City,2014-02-11,0.6814836195699235
Hull City,2014-02-22,0.7285322557367585
Hull City,2014-03-01,0.8269591571655361
Hull City,2014-03-15,0.8379275508731419
Hull City,2014-03-22,0.8087747149660846
Hull City,2014-03-26,0.7656565656565657
Hull City,2014-03-29,0.8911976911976912
Hull City,2014-04-05,0.829374908931954
Hull City,2014-04-20,0.7965904123561125
Hull City,2014-04-26,0.8286713286713286
Hull City,2014-05-03,0.8968531468531469
Hull City,2014-05-06,0.8986013986013986
Hull City,2014-05-11,0.6449592074592074
Hull City,2014-08-16,0.627913752913753
Hull City,2014-08-24,0.6284807387101429
Hull City,2014-08-31,0.7175010820949358
Hull City,2014-09-15,0.6442953020134228
Hull City,2014-09-20,0.5755763058068282
Hull City,2014-09-27,0.7131601984242778
Hull City,2014-10-04,0.6658885322439452
Hull City,2014-10-18,0.7058651882112635
Hull City,2014-10-25,0.661415025528811
Hull City,2014-11-01,0.5555069292487236
Hull City,2014-11-08,0.7304862213244842
Hull City,2014-11-23,0.7182224787187996
Hull City,2014-11-29,0.6543067378444669
Hull City,2014-12-03,0.7068640255405602
Hull City,2014-12-06,0.6769699608184588
Hull City,2014-12-13,0.6915820029027576
Hull City,2014-12-20,0.7365747460087083
Hull City,2014-12-26,0.6450437317784257
Hull City,2014-12-28,0.6282798833819242
Hull City,2015-01-01,0.7290087463556851
Hull City,2015-01-10,0.7834782608695652
Hull City,2015-01-18,0.7763768115942029
Hull City,2015-01-31,0.7286956521739131
Hull City,2015-02-07,0.7295652173913043
Hull City,2015-02-10,0.6764790764790765
Hull City,2015-02-21,0.7319290145722118
Hull City,2015-02-28,0.7847663012117715
Hull City,2015-03-03,0.762261973456434
Hull City,2015-03-14,0.7326889786497404
Hull City,2015-03-22,0.8615118291979227
Hull City,2015-04-04,0.8264391090540931
Hull City,2015-04-11,0.8293317905698583
Hull City,2015-04-25,0.6570680628272252
Hull City,2015-04-28,0.7405090909090909
Hull City,2015-05-04,0.7819636363636364
Hull City,2015-05-09,0.8131180919139034
Hull City,2015-05-16,0.8414776032577079
Hull City,2015-05-24,0.7683492892370177
Hull City,2016-08-13,0.8777197563098347
Hull City,2016-08-20,0.28524022507574665
Hull City,2016-08-27,0.39056413215986147
Hull City,2016-09-10,0.49444524599624873
Hull City,2016-09-17,0.5974025974025974
Hull City,2016-09-24,0.6862914862914863
Hull City,2016-10-01,0.7178779069767441
Hull City,2016-10-15,0.730312362516498
Hull City,2016-10-22,0.8269540988414723
Hull City,2016-10-29,0.8089162633817275
Hull City,2016-11-06,0.6558146355770641
Hull City,2016-11-19,0.8036656891495602
Hull City,2016-11-26,0.725366568914956
Hull City,2016-12-05,0.8394468704512372
Hull City,2016-12-10,0.8152048470859781
Hull City,2016-12-14,0.775533756491633
Hull City,2016-12-17,0.8319630751478436
Hull City,2016-12-26,0.884465599307659
Hull City,2016-12-30,0.9578765147143682
Hull City,2017-01-02,0.891806116560877
Hull City,2017-01-14,0.8915175995383727
Hull City,2017-01-22,0.7377001875631222
Hull City,2017-02-01,0.6320877218294618
Hull City,2017-02-04,0.5141414141414141
Hull City,2017-02-11,0.4893217893217893
Hull City,2017-02-25,0.5936507936507937
Hull City,2017-03-04,0.5759018759018759
Hull City,2017-03-11,0.6854256854256854
Hull City,2017-03-18,0.8223665223665224
Hull City,2017-04-01,0.8213564213564214
Hull City,2017-04-05,0.7663821785042674
Hull City,2017-04-08,0.8144076377838855
Hull City,2017-04-15,0.7672501084912484
Hull City,2017-04-22,0.9062635614060466
Hull City,2017-04-29,0.944597135831043
Hull City,2017-05-06,0.8950211709738648
Hull City,2017-05-14,0.9302189781021898
Hull City,2017-05-21,0.8398136012814912
Ipswich Town,2024-10-05,0.8511111111111112
Ipswich Town,2024-10-19,0.8024566717146222
Ipswich Town,2024-10-26,0.7174383383816529
Ipswich Town,2024-11-02,0.6210875522861676
Ipswich Town,2024-11-10,0.7924200781136989
Ipswich Town,2024-11-24,0.7340579710144928
Ipswich Town,2024-11-30,0.7972757571366469
Ipswich Town,2024-12-03,0.8265468772641646
Ipswich Town,2024-12-08,0.7028124093940272
Ipswich Town,2024-12-14,0.8431429399826037
Ipswich Town,2024-12-21,0.8347826086956521
Ipswich Town,2024-12-27,0.8378612716763005
Ipswich Town,2024-12-30,0.6956584451175537
Ipswich Town,2025-01-05,0.707918649935093
Ipswich Town,2025-01-16,0.6885364095169431
Ipswich Town,2025-01-19,0.7241528478731074
Ipswich Town,2025-01-25,0.609661139149243
Ipswich Town,2025-02-01,0.6639261502956872
Ipswich Town,2025-02-15,0.6402711668830232
Ipswich Town,2025-02-22,0.6154622818404731
Ipswich Town,2025-02-26,0.7422635478715677
Ipswich Town,2025-03-08,0.7558494404883012
Ipswich Town,2025-03-15,0.7788433594885208
Ipswich Town,2025-04-02,0.7782621331008428
Ipswich Town,2025-04-05,0.6903516419645452
Ipswich Town,2025-04-13,0.7098648844980386
Ipswich Town,2025-04-20,0.7889001888711318
Ipswich Town,2025-04-26,0.7739469128678592
Ipswich Town,2025-05-03,0.6487272727272727
Ipswich Town,2025-05-10,0.8089722914528662
Ipswich Town,2025-05-18,0.8391967165054236
Ipswich Town,2025-05-25,0.7843740838463794
Leeds United,2020-11-02,0.7963152507676561
Leeds United,2020-11-07,0.8297320656871219
Leeds United,2020-11-22,0.8233816139521135
Leeds United,2020-11-28,0.8337327741162373
Leeds United,2020-12-05,0.9197699061459279
Leeds United,2020-12-11,0.8672702163572196
Leeds United,2020-12-16,0.8456799630371169
Leeds United,2020-12-20,0.8466191066997518
Leeds United,2020-12-27,0.8661600496277916
Leeds United,2020-12-29,0.8237788597455631
Leeds United,2021-01-02,0.858646144180933
Leeds United,2021-01-16,0.8889586932621328
Leeds United,2021-01-26,0.7575093867334167
Leeds United,2021-01-31,0.920863309352518
Leeds United,2021-02-03,0.924643584521385
Leeds United,2021-02-08,0.8799937333542222
Leeds United,2021-02-14,0.8838154808444096
Leeds United,2021-02-19,0.8326817826426895
Leeds United,2021-02-23,0.8652052238805971
Leeds United,2021-02-27,0.8719173859432799
Leeds United,2021-03-08,0.8982219497240956
Leeds United,2021-03-13,0.8688674919761578
Leeds United,2021-03-19,0.8641469338190649
Leeds United,2021-04-03,0.8325729927007299
Leeds United,2021-04-10,0.8497795347422837
Leeds United,2021-04-19,0.8613361871273506
Leeds United,2021-04-25,0.8185502727981294
Leeds United,2021-05-01,0.8463954766766137
Leeds United,2021-05-08,0.7456445993031359
Leeds United,2021-05-15,0.9214444092492873
Leeds United,2021-05-18,0.9046714172604909
Leeds United,2021-05-23,0.7641748495407032
Leeds United,2021-08-14,0.6914303817519405
Leeds United,2021-08-21,0.7848041529023124
Leeds United,2021-08-29,0.7726848974518334
Leeds United,2021-09-12,0.811369904995403
Leeds United,2021-09-17,0.8561862730178055
Leeds United,2021-09-25,0.7349924585218703
Leeds United,2021-10-02,0.6752976190476191
Leeds United,2021-10-16,0.7170753193363676
Leeds United,2021-10-23,0.6119965227470299
Leeds United,2021-10-31,0.739930454940597
Leeds United,2021-11-07,0.7815126050420168
Leeds United,2021-11-21,0.755288322225442
Leeds United,2021-11-27,0.7328717726813789
Leeds United,2021-11-30,0.9044733044733044
Leeds United,2021-12-05,0.8501948333092798
Leeds United,2021-12-11,0.7840958291239717
Leeds United,2021-12-14,0.7192957136671958
Leeds United,2021-12-18,0.7654784240150094
Leeds United,2022-01-02,0.5709337566748448
Leeds United,2022-01-16,0.8230369515011547
Leeds United,2022-01-22,0.7141826576251623
Leeds United,2022-02-09,0.7722125435540069
Leeds United,2022-02-12,0.7962828517496733
Leeds United,2022-02-20,0.8926963844925221
Leeds United,2022-02-23,0.9032960650500944
Leeds United,2022-02-26,0.813416581966023
Leeds United,2022-03-05,0.9374183243792653
Leeds United,2022-03-10,0.9115725279512125
Leeds United,2022-03-13,0.9040404040404041
Leeds United,2022-03-18,0.9063492063492063
Leeds United,2022-04-02,0.8072428221035925
Leeds United,2022-04-09,0.8339344971865532
Leeds United,2022-04-25,0.7388544221613043
Leeds United,2022-04-30,0.8089741740008657
Leeds United,2022-05-08,0.8228249891790507
Leeds United,2022-05-11,0.7825710575674506
Leeds United,2022-05-15,0.7634471640041037
Leeds United,2022-05-22,0.7603404509481858
Leeds United,2022-08-06,0.8261908317156936
Leeds United,2022-08-13,0.5805584590114977
Leeds United,2022-08-21,0.6199790951172167
Leeds United,2022-08-27,0.7300283709123488
Leeds United,2022-08-30,0.7690010452441391
Leeds United,2022-09-03,0.8214548126377663
Leeds United,2022-10-02,0.7155844155844155
Leeds United,2022-10-09,0.793073593073593
Leeds United,2022-10-16,0.8339140534262486
Leeds United,2022-10-20,0.8755807200929152
Leeds United,2022-10-23,0.8625145180023229
Leeds United,2022-10-29,0.7423054587688734
Leeds United,2022-11-05,0.8262195121951219
Leeds United,2022-11-12,0.8410509507911162
Leeds United,2022-12-28,0.8147771810132095
Leeds United,2022-12-31,0.7256062355658198
Leeds United,2023-01-04,0.877742494226328
Leeds United,2023-01-13,0.8527713625866051
Leeds United,2023-01-22,0.8520710059171598
Leeds United,2023-02-05,0.7712512628084861
Leeds United,2023-02-08,0.66844688221709
Leeds United,2023-02-12,0.7163683602771362
Leeds United,2023-02-18,0.6797922977066205
Leeds United,2023-02-25,0.7579691331314006
Leeds United,2023-03-04,0.8439348045579115
Leeds United,2023-03-11,0.8035199076745528
Leeds United,2023-03-18,0.9470571263704558
Leeds United,2023-04-01,0.8531660175969998
Leeds United,2023-04-04,0.7684984855041108
Leeds United,2023-04-09,0.7838695714904054
Leeds United,2023-04-17,0.8323716099249856
Leeds United,2023-04-22,0.7546162723600692
Leeds United,2023-04-25,0.7349971148297749
Leeds United,2023-04-30,0.8157818811309867
Leeds United,2023-05-06,0.7566007791083538
Leeds United,2023-05-13,0.7319290145722118
Leeds United,2023-05-21,0.7175010820949358
Leeds United,2023-05-28,0.810561246573366
Leeds United,2025-08-18,0.7541480305872168
Leeds United,2025-08-23,0.15798586062617226
Leeds United,2025-08-30,0.19922100403923831
Leeds United,2025-09-13,0.3485285631852279
Leeds United,2025-09-20,0.41200230813618005
Leeds United,2025-09-27,0.513271783035199
Leeds United,2025-10-04,0.6161834703591519
Leeds United,2025-10-18,0.7559850014421691
Leeds United,2025-10-24,0.8572252668012691
Leeds United,2025-11-01,0.7273907399394202
Leeds United,2025-11-09,0.8286456079619212
Leeds United,2025-11-23,0.8973027549401413
Leeds United,2025-11-29,0.8693206404154046
Leeds United,2025-12-03,0.789496465156543
Leeds United,2025-12-06,0.7857452027124513
Leeds United,2025-12-14,0.821263704558569
Leeds United,2025-12-20,0.8587912880426943
Leeds United,2025-12-28,0.9025093740986444
Leeds United,2026-01-01,0.9199596192673781
Leeds United,2026-01-04,0.8758292471877704
Leeds United,2026-01-07,0.7570295602018745
Leeds United,2026-01-17,0.9339486587828093
Leeds United,2026-01-26,0.7335640138408305
Leeds United,2026-01-31,0.7290945790080738
Leeds United,2026-02-06,0.8008651766402307
Leeds United,2026-02-10,0.7792357606344629
Leeds United,2026-02-21,0.7123702422145328
Leeds United,2026-02-28,0.8758650519031141
Leeds United,2026-03-03,0.9129181084198386
Leeds United,2026-03-15,0.9275926727246502
Leeds United,2026-03-21,0.9241200230813618
Leeds United,2026-04-13,0.8227094525918397
Leeds United,2026-04-18,0.788296791055612
Leeds United,2026-04-22,0.9198373511472553
Leeds United,2026-05-01,0.8867595818815331
Leeds United,2026-05-11,0.8970673635307782
Leeds United,2026-05-17,0.8017416545718432
Leeds United,2026-05-24,0.7506893048904368
Leicester City,2014-10-04,0.8307070707070707
Leicester City,2014-10-18,0.87996632996633
Leicester City,2014-10-25,0.798989898989899
Leicester City,2014-11-01,0.9049062049062049
Leicester City,2014-11-08,0.7203463203463204
Leicester City,2014-11-22,0.7207792207792207
Leicester City,2014-11-29,0.7541125541125541
Leicester City,2014-12-02,0.8209235209235209
Leicester City,2014-12-07,0.7950937950937951
Leicester City,2014-12-13,0.7351875995943793
Leicester City,2014-12-20,0.6608153198897432
Leicester City,2014-12-26,0.7437980559988394
Leicester City,2014-12-28,0.7638183664587263
Leicester City,2015-01-01,0.8157551138836501
Leicester City,2015-01-10,0.8065592802205775
Leicester City,2015-01-17,0.6389493542301553
Leicester City,2015-01-31,0.7322925701069674
Leicester City,2015-02-07,0.6628175519630485
Leicester City,2015-02-10,0.723729792147806
Leicester City,2015-02-22,0.7121824480369515
Leicester City,2015-03-04,0.6815819861431871
Leicester City,2015-03-14,0.7360750360750361
Leicester City,2015-03-21,0.6458874458874458
Leicester City,2015-04-04,0.6629148629148629
Leicester City,2015-04-11,0.7056277056277056
Leicester City,2015-04-18,0.733044733044733
Leicester City,2015-04-25,0.6831168831168831
Leicester City,2015-04-29,0.7036075036075036
Leicester City,2015-05-02,0.76998556998557
Leicester City,2015-05-09,0.8380952380952381
Leicester City,2015-05-16,0.8608946608946609
Leicester City,2015-05-24,0.8525252525252526
Leicester City,2015-08-08,0.9183261183261183
Leicester City,2015-08-15,0.6784992784992785
Leicester City,2015-08-22,0.7184704184704185
Leicester City,2015-08-29,0.8227994227994228
Leicester City,2015-09-13,0.8298946760929159
Leicester City,2015-09-19,0.8287651471436814
Leicester City,2015-09-26,0.9327755337564916
Leicester City,2015-10-03,0.9473456433929602
Leicester City,2015-10-17,0.8052510098095788
Leicester City,2015-10-24,0.834535487593768
Leicester City,2015-10-31,0.8605020196191575
Leicester City,2015-11-07,0.885153657480883
Leicester City,2015-11-21,0.9158730158730158
Leicester City,2015-11-28,0.8861636127542923
Leicester City,2015-12-05,0.9699899004472659
Leicester City,2015-12-14,0.9453181359111239
Leicester City,2015-12-19,0.9453260242354299
Leicester City,2015-12-26,0.792267743796884
Leicester City,2015-12-29,0.8936814772071552
Leicester City,2016-01-02,0.9281592613964224
Leicester City,2016-01-13,0.93133294864397
Leicester City,2016-01-16,0.9666762839007501
Leicester City,2016-01-23,0.92182316457522
Leicester City,2016-02-02,0.9144547028274668
Leicester City,2016-02-06,0.9555683785343335
Leicester City,2016-02-14,0.9652387133996827
Leicester City,2016-02-27,0.9551420741381798
Leicester City,2016-03-01,0.888776102088167
Leicester City,2016-03-05,0.8903712296983759
Leicester City,2016-03-14,0.9657722987672226
Leicester City,2016-03-19,0.949238578680203
Leicester City,2016-04-03,0.9615663524292966
Leicester City,2016-04-10,0.9421319796954315
Leicester City,2016-04-17,0.9541763341067285
Leicester City,2016-04-24,0.9730236583958454
Leicester City,2016-05-01,0.9099739054798492
Leicester City,2016-05-07,0.9230211655552334
Leicester City,2016-05-15,0.8149115172613867
Leicester City,2016-08-13,0.8758520667150109
Leicester City,2016-08-20,0.7316507107629823
Leicester City,2016-08-27,0.8148846656027854
Leicester City,2016-09-10,0.7906571884520528
Leicester City,2016-09-17,0.8181030749242096
Leicester City,2016-09-24,0.6946730186227804
Leicester City,2016-10-02,0.7643918626460828
Leicester City,2016-10-15,0.8522366522366522
Leicester City,2016-10-22,0.8138528138528138
Leicester City,2016-10-29,0.8417027417027417
Leicester City,2016-11-06,0.8064935064935065
Leicester City,2016-11-19,0.7774891774891775
Leicester City,2016-11-26,0.8178932178932179
Leicester City,2016-12-03,0.82005772005772
Leicester City,2016-12-10,0.8370851370851371
Leicester City,2016-12-13,0.8165945165945165
Leicester City,2016-12-17,0.8121483191458664
Leicester City,2016-12-26,0.8137353917183667
Leicester City,2016-12-31,0.6331343718154026
Leicester City,2017-01-02,0.7530936089678265
Leicester City,2017-01-14,0.7557140777405736
Leicester City,2017-01-22,0.6099868976561362
Leicester City,2017-01-31,0.6305139030426554
Leicester City,2017-02-05,0.7115608619685498
Leicester City,2017-02-12,0.7406814210832848
Leicester City,2017-02-27,0.8418470418470418
Leicester City,2017-03-04,0.8897546897546897
Leicester City,2017-03-18,0.870725725003607
Leicester City,2017-04-01,0.8281633241956428
Leicester City,2017-04-04,0.8303275140672342
Leicester City,2017-04-09,0.907372673495888
Leicester City,2017-04-15,0.6289135766844611
Leicester City,2017-04-26,0.8551435579281489
Leicester City,2017-04-29,0.8886163612754292
Leicester City,2017-05-06,0.8926561823690665
Leicester City,2017-05-13,0.9343529072283941
Leicester City,2017-05-18,0.7984417832924542
Leicester City,2017-05-21,0.7907949790794979
Leicester City,2017-08-11,0.8101284085990478
Leicester City,2017-08-19,0.6962920213533401
Leicester City,2017-08-26,0.7496753715192613
Leicester City,2017-09-09,0.8261434136488242
Leicester City,2017-09-16,0.8134468330688213
Leicester City,2017-09-23,0.8042129562833646
Leicester City,2017-09-30,0.8333573798874622
Leicester City,2017-10-16,0.8702928870292888
Leicester City,2017-10-21,0.8626460828163324
Leicester City,2017-10-29,0.8913733410271206
Leicester City,2017-11-04,0.9157408743327081
Leicester City,2017-11-18,0.9371032890940566
Leicester City,2017-11-24,0.9205135603000577
Leicester City,2017-11-28,0.9076745527986151
Leicester City,2017-12-02,0.8740804846386846
Leicester City,2017-12-09,0.8918217221981826
Leicester City,2017-12-13,0.9828332371609925
Leicester City,2017-12-16,0.9030722630895716
Leicester City,2017-12-23,0.937536064627813
Leicester City,2017-12-26,0.9774011299435028
Leicester City,2017-12-30,0.797299259474372
Leicester City,2018-01-01,0.8059831542259658
Leicester City,2018-01-13,0.6977926227127506
Leicester City,2018-01-20,0.8216671507406331
Leicester City,2018-01-31,0.7588869463869464
Leicester City,2018-02-03,0.7660256410256411
Leicester City,2018-02-10,0.7128971420281445
Leicester City,2018-02-24,0.7708785641916341
Leicester City,2018-03-03,0.7152988855116514
Leicester City,2018-03-10,0.8131422781878709
Leicester City,2018-03-31,0.7465624547691417
Leicester City,2018-04-07,0.7994227994227994
Leicester City,2018-04-14,0.7324960300274289
Leicester City,2018-04-19,0.7016024252923343
Leicester City,2018-04-28,0.6419806554063808
Leicester City,2018-05-05,0.7653341030451725
Leicester City,2018-05-09,0.6339376359680928
Leicester City,2018-05-13,0.6552574329224076
Leicester City,2018-08-10,0.7187817258883249
Leicester City,2018-08-18,0.5759640475500145
Leicester City,2018-08-25,0.5510292838503914
Leicester City,2018-09-01,0.5183299389002036
Leicester City,2018-09-15,0.5860011641443539
Leicester City,2018-09-22,0.6880973066898349
Leicester City,2018-09-29,0.6724763979665941
Leicester City,2018-10-06,0.7796659404502542
Leicester City,2018-10-22,0.8938271604938272
Leicester City,2018-10-27,0.8881598133566637
Leicester City,2018-11-03,0.748073847943015
Leicester City,2018-11-10,0.8152347724960023
Leicester City,2018-11-24,0.7489460677424045
Leicester City,2018-12-01,0.8204608027822055
Leicester City,2018-12-05,0.8482234244772627
Leicester City,2018-12-08,0.6822634888141541
Leicester City,2018-12-15,0.8333818817360908
Leicester City,2018-12-22,0.754549424952686
Leicester City,2018-12-26,0.8309797641578105
Leicester City,2018-12-29,0.8356383753093609
Leicester City,2019-01-01,0.7979033197437391
Leicester City,2019-01-12,0.7427128427128427
Leicester City,2019-01-19,0.8575963064492859
Leicester City,2019-01-30,0.8267205309479152
Leicester City,2019-02-03,0.8459096811426923
Leicester City,2019-02-10,0.7997691863819966
Leicester City,2019-02-23,0.7551933064050779
Leicester City,2019-02-26,0.7140796306982112
Leicester City,2019-03-03,0.8545874206578188
Leicester City,2019-03-09,0.9151882302033751
Leicester City,2019-03-16,0.9258618202798211
Leicester City,2019-03-30,0.9473532381364489
Leicester City,2019-04-06,0.8974583698510079
Leicester City,2019-04-12,0.7948006426172046
Leicester City,2019-04-20,0.8735397196261683
Leicester City,2019-04-28,0.9080023364485982
Leicester City,2019-05-06,0.9037534686724112
Leicester City,2019-05-12,0.9114940850007303
Leicester City,2019-08-11,0.865926683218928
Leicester City,2019-08-18,0.8246069522573201
Leicester City,2019-08-24,0.7246105020196192
Leicester City,2019-08-31,0.6948492281056124
Leicester City,2019-09-14,0.8910691097965662
Leicester City,2019-09-21,0.8639249639249639
Leicester City,2019-09-29,0.9027417027417027
Leicester City,2019-10-05,0.8636363636363636
Leicester City,2019-10-19,0.9559884559884559
Leicester City,2019-10-25,0.913997113997114
Leicester City,2019-11-03,0.9189033189033189
Leicester City,2019-11-09,0.9624819624819625
Leicester City,2019-11-23,0.9727312076179484
Leicester City,2019-12-01,0.9832635983263598
Leicester City,2019-12-04,0.9469052084836242
Leicester City,2019-12-08,0.8744769874476988
Leicester City,2019-12-14,0.8984273553599769
Leicester City,2019-12-21,0.9150194777088443
Leicester City,2019-12-26,0.9574375991920357
Leicester City,2019-12-28,0.9445887445887445
Leicester City,2020-01-01,0.5256854256854256
Leicester City,2020-01-11,0.7831168831168831
Leicester City,2020-01-19,0.817027417027417
Leicester City,2020-01-22,0.7444444444444445
Leicester City,2020-02-01,0.8265512265512266
Leicester City,2020-02-14,0.8115440115440116
Leicester City,2020-02-22,0.8266955266955267
Leicester City,2020-02-28,0.8325863813792106
Leicester City,2020-03-09,0.8632552760913559
Leicester City,2020-06-20,0.776380456779416
Leicester City,2020-06-23,0.7559988435964151
Leicester City,2020-07-01,0.8039895923677364
Leicester City,2020-07-04,0.8743856605955479
Leicester City,2020-07-07,0.8360797918473547
Leicester City,2020-07-12,0.7946905208483624
Leicester City,2020-07-16,0.8168831168831169
Leicester City,2020-07-19,0.6393513826552772
Leicester City,2020-07-26,0.7768930070942522
Leicester City,2020-09-13,0.8057043578977848
Leicester City,2020-09-20,0.6710583466048936
Leicester City,2020-09-27,0.7440277978862024
Leicester City,2020-10-04,0.6747249565720903
Leicester City,2020-10-18,0.7184423856398379
Leicester City,2020-10-25,0.6440629057856009
Leicester City,2020-11-02,0.7128841437022074
Leicester City,2020-11-08,0.6603664694849228
Leicester City,2020-11-22,0.7531380753138075
Leicester City,2020-11-30,0.7899293031308613
Leicester City,2020-12-06,0.8389610389610389
Leicester City,2020-12-13,0.8217893217893217
Leicester City,2020-12-16,0.909825422017025
Leicester City,2020-12-20,0.7796854710719954
Leicester City,2020-12-26,0.7688645217140384
Leicester City,2020-12-28,0.7959890347713172
Leicester City,2021-01-03,0.6012119463280912
Leicester City,2021-01-16,0.7645361419708556
Leicester City,2021-01-19,0.8633674794401962
Leicester City,2021-01-27,0.8795267638147454
Leicester City,2021-01-31,0.8392728322031453
Leicester City,2021-02-03,0.798586062617227
Leicester City,2021-02-07,0.7157697301976627
Leicester City,2021-02-13,0.7577550137065359
Leicester City,2021-02-21,0.7668446111672197
Leicester City,2021-02-28,0.7409117137911136
Leicester City,2021-03-03,0.7140383783003895
Leicester City,2021-03-06,0.6290578560092339
Leicester City,2021-03-14,0.6646948492281056
Leicester City,2021-04-03,0.7338430467397576
Leicester City,2021-04-11,0.7862088863242931
Leicester City,2021-04-22,0.7914021927293711
Leicester City,2021-04-26,0.8120040398210936
Leicester City,2021-04-30,0.8327802625883711
Leicester City,2021-05-07,0.8617804068676959
Leicester City,2021-05-11,0.8685615351320156
Leicester City,2021-05-18,0.856998556998557
Leicester City,2021-05-23,0.902020202020202
Leicester City,2021-08-14,0.9308802308802309
Leicester City,2021-08-23,0.7285714285714285
Leicester City,2021-08-28,0.7642135642135642
Leicester City,2021-09-11,0.8622093023255814
Leicester City,2021-09-19,0.7258720930232558
Leicester City,2021-09-25,0.7335755813953488
Leicester City,2021-10-03,0.7837209302325582
Leicester City,2021-10-16,0.7274709302325582
Leicester City,2021-10-24,0.6848837209302325
Leicester City,2021-10-30,0.7215116279069768
Leicester City,2021-11-07,0.7601731601731602
Leicester City,2021-11-20,0.7991341991341991
Leicester City,2021-11-28,0.7373737373737373
Leicester City,2021-12-01,0.6994227994227994
Leicester City,2021-12-05,0.7476190476190476
Leicester City,2021-12-12,0.7617604617604617
Leicester City,2021-12-26,0.7727272727272727
Leicester City,2021-12-28,0.5030311778290993
Leicester City,2022-01-19,0.7277713625866051
Leicester City,2022-01-23,0.6496824480369515
Leicester City,2022-02-10,0.7097286374133949
Leicester City,2022-02-13,0.7578294126136528
Leicester City,2022-02-20,0.7814980516669072
Leicester City,2022-03-01,0.7893217893217893
Leicester City,2022-03-05,0.8366993652625505
Leicester City,2022-03-13,0.7512983266012695
Leicester City,2022-03-20,0.8015002885170225
Leicester City,2022-04-02,0.6696480092325447
Leicester City,2022-04-10,0.6183811859760496
Leicester City,2022-04-17,0.8070099524015578
Leicester City,2022-04-20,0.8107328332371609
Leicester City,2022-04-23,0.7034045008655511
Leicester City,2022-05-01,0.7240334679746105
Leicester City,2022-05-08,0.5776110790536642
Leicester City,2022-05-11,0.7238384715588363
Leicester City,2022-05-15,0.6841800550007237
Leicester City,2022-05-19,0.6835094831330534
Leicester City,2022-05-22,0.6953814970319965
Leicester City,2022-08-07,0.8245258433473288
Leicester City,2022-08-13,0.6334153757058057
Leicester City,2022-08-20,0.7212972346894455
Leicester City,2022-08-27,0.7855699855699856
Leicester City,2022-09-01,0.7253968253968254
Leicester City,2022-09-04,0.6784992784992785
Leicester City,2022-09-17,0.8594516594516595
Leicester City,2022-10-03,0.8223665223665224
Leicester City,2022-10-08,0.8582972582972583
Leicester City,2022-10-15,0.8761904761904762
Leicester City,2022-10-20,0.8095238095238095
Leicester City,2022-10-23,0.7733044733044733
Leicester City,2022-10-29,0.8691197691197691
Leicester City,2022-11-05,0.8240981240981241
Leicester City,2022-11-12,0.922077922077922
Leicester City,2022-12-26,0.8638003174145145
Leicester City,2022-12-30,0.8065214254797287
Leicester City,2023-01-03,0.817775212812004
Leicester City,2023-01-14,0.7499639301688068
Leicester City,2023-01-21,0.7154811715481172
Leicester City,2023-02-04,0.8226807098542779
Leicester City,2023-02-11,0.7085557639590246
Leicester City,2023-02-19,0.6470418470418471
Leicester City,2023-02-25,0.76002886002886
Leicester City,2023-03-04,0.758008658008658
Leicester City,2023-03-11,0.7587301587301587
Leicester City,2023-03-18,0.7923520923520924
Leicester City,2023-04-01,0.6558891454965358
Leicester City,2023-04-04,0.7752922499639198
Leicester City,2023-04-08,0.7446962043584933
Leicester City,2023-04-15,0.7189173541757128
Leicester City,2023-04-22,0.7357070487769576
Leicester City,2023-04-25,0.6445216384426111
Leicester City,2023-05-01,0.676943117672601
Leicester City,2023-05-08,0.7459123137027927
Leicester City,2023-05-15,0.8765557163531115
Leicester City,2023-05-22,0.7558610709117222
Leicester City,2023-05-28,0.7802308802308803
Leicester City,2024-08-19,0.7382395382395383
Leicester City,2024-08-24,0.3123647381330255
Leicester City,2024-08-31,0.32895686048189293
Leicester City,2024-09-14,0.4169672485932766
Leicester City,2024-09-21,0.47374495095210617
Leicester City,2024-09-28,0.5767455279861512
Leicester City,2024-10-05,0.7320063464589643
Leicester City,2024-10-19,0.7653164192013839
Leicester City,2024-10-25,0.9642445213379469
Leicester City,2024-11-02,0.8252595155709342
Leicester City,2024-11-10,0.7549019607843137
Leicester City,2024-11-23,0.6823359769286229
Leicester City,2024-11-30,0.8232155731795242
Leicester City,2024-12-03,0.7554081338332853
Leicester City,2024-12-08,0.7797979797979798
Leicester City,2024-12-14,0.7567450584331266
Leicester City,2024-12-22,0.6345404703505988
Leicester City,2024-12-26,0.7162025681719809
Leicester City,2024-12-29,0.6564709277160583
Leicester City,2025-01-04,0.6761396422388921
Leicester City,2025-01-15,0.7419587480167316
Leicester City,2025-01-18,0.7890106720507644
Leicester City,2025-01-26,0.8302322227030146
Leicester City,2025-02-01,0.8342708784076157
Leicester City,2025-02-15,0.7794923565041822
Leicester City,2025-02-21,0.6882030573983271
Leicester City,2025-02-27,0.7491706332035194
Leicester City,2025-03-09,0.8040969417195615
Leicester City,2025-03-16,0.7767998845765401
Leicester City,2025-04-02,0.816620978213822
Leicester City,2025-04-07,0.8235718407386036
Leicester City,2025-04-12,0.816620978213822
Leicester City,2025-04-20,0.7294762660510749
Leicester City,2025-04-26,0.8455214192990047
Leicester City,2025-05-03,0.8211452473676619
Leicester City,2025-05-11,0.7399394201644309
Leicester City,2025-05-18,0.8057398327083934
Leicester City,2025-05-25,0.8276608018459763
Liverpool,2012-10-07,0.7252927881651942
Liverpool,2012-10-20,0.7561891753457401
Liverpool,2012-10-28,0.7467504016357529
Liverpool,2012-11-04,0.7367349905509522
Liverpool,2012-11-11,0.7780200610553859
Liverpool,2012-11-17,0.7485099578427097
Liverpool,2012-11-25,0.853467073702573
Liverpool,2012-11-28,0.7212121212121212
Liverpool,2012-12-01,0.754978354978355
Liverpool,2012-12-09,0.78008658008658
Liverpool,2012-12-15,0.753968253968254
Liverpool,2012-12-22,0.7981240981240981
Liverpool,2012-12-26,0.8945165945165945
Liverpool,2012-12-30,0.9056277056277057
Liverpool,2013-01-02,0.9164502164502164
Liverpool,2013-01-13,0.8541125541125542
Liverpool,2013-01-19,0.8457431457431458
Liverpool,2013-01-30,0.6965367965367966
Liverpool,2013-02-03,0.7415584415584415
Liverpool,2013-02-11,0.8370851370851371
Liverpool,2013-02-17,0.7984417832924542
Liverpool,2013-03-02,0.8440340499206463
Liverpool,2013-03-10,0.8069542634540471
Liverpool,2013-03-16,0.8297503967681431
Liverpool,2013-03-31,0.7929591689510893
Liverpool,2013-04-07,0.8436012119463281
Liverpool,2013-04-13,0.9112682152647525
Liverpool,2013-04-21,0.9108225108225109
Liverpool,2013-04-27,0.9281385281385282
Liverpool,2013-05-05,0.8415584415584415
Liverpool,2013-05-12,0.8773448773448773
Liverpool,2013-05-19,0.7163059163059163
Liverpool,2013-08-17,0.7701298701298701
Liverpool,2013-08-24,0.6344877344877344
Liverpool,2013-09-01,0.6772005772005772
Liverpool,2013-09-16,0.7144300144300144
Liverpool,2013-09-21,0.6372294372294373
Liverpool,2013-09-29,0.6600288600288601
Liverpool,2013-10-05,0.6354978354978355
Liverpool,2013-10-19,0.7333333333333333
Liverpool,2013-10-26,0.6906204906204906
Liverpool,2013-11-02,0.7324675324675325
Liverpool,2013-11-09,0.8101010101010101
Liverpool,2013-11-23,0.7652236652236653
Liverpool,2013-12-01,0.7314574314574315
Liverpool,2013-12-04,0.7463203463203463
Liverpool,2013-12-07,0.6587301587301587
Liverpool,2013-12-15,0.802770163035637
Liverpool,2013-12-21,0.763093348723128
Liverpool,2013-12-26,0.8306405077899596
Liverpool,2013-12-29,0.7889497980380843
Liverpool,2014-01-01,0.8339584535487594
Liverpool,2014-01-12,0.78551853454493
Liverpool,2014-01-18,0.7416702726092601
Liverpool,2014-01-28,0.844200807847663
Liverpool,2014-02-02,0.6915753029428736
Liverpool,2014-02-08,0.7705958736113115
Liverpool,2014-02-12,0.8169095368633674
Liverpool,2014-02-23,0.8534122060308758
Liverpool,2014-03-01,0.861059010243832
Liverpool,2014-03-16,0.810561246573366
Liverpool,2014-03-22,0.8525465300822392
Liverpool,2014-03-26,0.9285920369301789
Liverpool,2014-03-30,0.9066782056829655
Liverpool,2014-04-06,0.9369681234674744
Liverpool,2014-04-13,0.8455214192990047
Liverpool,2014-04-20,0.9180611656087709
Liverpool,2014-04-27,0.8210010096639262
Liverpool,2014-05-05,0.862541468339824
Liverpool,2014-05-11,0.8903635314483554
Liverpool,2014-08-17,0.9293031308613475
Liverpool,2014-08-25,0.7215409031885731
Liverpool,2014-08-31,0.6970134179772038
Liverpool,2014-09-13,0.5604157644001733
Liverpool,2014-09-20,0.5346520358071036
Liverpool,2014-09-27,0.6409182789488882
Liverpool,2014-10-04,0.6757146982385215
Liverpool,2014-10-19,0.7946866878429107
Liverpool,2014-10-25,0.7060352295697372
Liverpool,2014-11-01,0.8456763389634763
Liverpool,2014-11-08,0.7573221757322176
Liverpool,2014-11-23,0.8255662963497331
Liverpool,2014-11-29,0.7219737411628914
Liverpool,2014-12-02,0.7150483335737988
Liverpool,2014-12-06,0.812436877795412
Liverpool,2014-12-14,0.7329774956722447
Liverpool,2014-12-21,0.7355359976915308
Liverpool,2014-12-26,0.6051074880969557
Liverpool,2014-12-29,0.7490982542201703
Liverpool,2015-01-01,0.6446400230846919
Liverpool,2015-01-10,0.7559145989613387
Liverpool,2015-01-17,0.648730525100981
Liverpool,2015-01-31,0.7224065791372096
Liverpool,2015-02-07,0.7755013706535854
Liverpool,2015-02-10,0.7776655605251768
Liverpool,2015-02-22,0.7669888904919925
Liverpool,2015-03-01,0.7371230702640311
Liverpool,2015-03-04,0.7492063492063492
Liverpool,2015-03-16,0.7327561327561327
Liverpool,2015-03-22,0.8163324195642765
Liverpool,2015-04-04,0.8575963064492859
Liverpool,2015-04-13,0.7355887904748076
Liverpool,2015-04-25,0.6796977183548902
Liverpool,2015-04-28,0.6769364917889842
Liverpool,2015-05-02,0.7796831855834908
Liverpool,2015-05-10,0.7356488882429879
Liverpool,2015-05-16,0.764389534883721
Liverpool,2015-05-24,0.784156976744186
Liverpool,2015-08-09,0.7225592143269787
Liverpool,2015-08-17,0.6095238095238096
Liverpool,2015-08-24,0.6981240981240981
Liverpool,2015-08-29,0.6148629148629149
Liverpool,2015-09-12,0.6834054834054835
Liverpool,2015-09-20,0.6723737666860128
Liverpool,2015-09-26,0.6974753337202554
Liverpool,2015-10-04,0.6273940800928612
Liverpool,2015-10-17,0.7088350500507762
Liverpool,2015-10-25,0.7150732627303061
Liverpool,2015-10-31,0.8376613956187436
Liverpool,2015-11-08,0.8700130567242129
Liverpool,2015-11-21,0.8208309290248125
Liverpool,2015-11-29,0.8280438545874207
Liverpool,2015-12-06,0.7070532237126785
Liverpool,2015-12-13,0.7667676330592818
Liverpool,2015-12-20,0.8561950093754508
Liverpool,2015-12-26,0.7572479446127217
Liverpool,2015-12-30,0.7884032886196451
Liverpool,2016-01-02,0.8279492356504182
Liverpool,2016-01-13,0.8025955299206922
Liverpool,2016-01-17,0.7344966830112489
Liverpool,2016-01-23,0.7909995672868888
Liverpool,2016-02-02,0.8361695990770118
Liverpool,2016-02-06,0.8356164383561644
Liverpool,2016-02-14,0.9077144917087239
Liverpool,2016-03-02,0.7712390018750902
Liverpool,2016-03-06,0.7309578765147143
Liverpool,2016-03-20,0.8139065204847086
Liverpool,2016-04-02,0.5399768250289687
Liverpool,2016-04-10,0.7884977545994495
Liverpool,2016-04-17,0.6027813993915688
Liverpool,2016-04-20,0.3972186006084311
Liverpool,2016-04-23,0.6807185281761553
Liverpool,2016-05-01,0.6333478197884977
Liverpool,2016-05-08,0.37519918875851077
Liverpool,2016-05-11,0.48662715049877114
Liverpool,2016-05-15,0.6508601995084574
Liverpool,2016-08-14,0.35150375939849626
Liverpool,2016-08-20,0.4190283400809717
Liverpool,2016-08-27,0.532967032967033
Liverpool,2016-09-10,0.5475708502024291
Liverpool,2016-09-16,0.597368801503542
Liverpool,2016-09-24,0.6379111367570687
Liverpool,2016-10-01,0.642723207846531
Liverpool,2016-10-17,0.7211885186787826
Liverpool,2016-10-22,0.7873936246934948
Liverpool,2016-10-29,0.8628299437472955
Liverpool,2016-11-06,0.8109316411883473
Liverpool,2016-11-19,0.8713585232189213
Liverpool,2016-11-26,0.8798499927881148
Liverpool,2016-12-04,0.894562238569162
Liverpool,2016-12-11,0.7901644072685319
Liverpool,2016-12-14,0.7880011537352177
Liverpool,2016-12-19,0.6815690798961638
Liverpool,2016-12-27,0.7998269397173349
Liverpool,2016-12-31,0.8239111623882319
Liverpool,2017-01-02,0.8831843092010384
Liverpool,2017-01-15,0.8423481898168181
Liverpool,2017-01-21,0.7424985574148875
Liverpool,2017-01-31,0.884737449509521
Liverpool,2017-02-04,0.8642723207846531
Liverpool,2017-02-11,0.729842780902928
Liverpool,2017-02-27,0.8613675706866705
Liverpool,2017-03-04,0.7751334198759555
Liverpool,2017-03-12,0.8517236405596423
Liverpool,2017-03-19,0.7795241528478731
Liverpool,2017-04-01,0.9041095890410958
Liverpool,2017-04-05,0.8616959907701183
Liverpool,2017-04-08,0.8024228439573118
Liverpool,2017-04-16,0.8006922411306605
Liverpool,2017-04-23,0.8091735179575941
Liverpool,2017-05-01,0.8337179117392558
Liverpool,2017-05-07,0.9424408540103866
Liverpool,2017-05-14,0.9210905943450663
Liverpool,2017-05-21,0.8691575302942873
Liverpool,2017-08-12,0.9574375991920357
Liverpool,2017-08-19,0.6922522002597028
Liverpool,2017-08-27,0.5816503173687247
Liverpool,2017-09-09,0.6195903058280439
Liverpool,2017-09-16,0.6343046739757646
Liverpool,2017-09-23,0.5692687890681785
Liverpool,2017-10-01,0.7613025149004216
Liverpool,2017-10-14,0.7281581625236226
Liverpool,2017-10-22,0.7918302078790522
Liverpool,2017-10-28,0.7737714451875545
Liverpool,2017-11-04,0.8013668750908827
Liverpool,2017-11-18,0.7786825650719791
Liverpool,2017-11-25,0.7695526695526695
Liverpool,2017-11-29,0.8004329004329004
Liverpool,2017-12-02,0.8393939393939394
Liverpool,2017-12-10,0.6427128427128427
Liverpool,2017-12-13,0.6831626027990189
Liverpool,2017-12-17,0.6469484922810561
Liverpool,2017-12-22,0.6896551724137931
Liverpool,2017-12-26,0.8446111672197374
Liverpool,2017-12-30,0.7032174289424326
Liverpool,2018-01-01,0.7941134035492714
Liverpool,2018-01-14,0.685471071995383
Liverpool,2018-01-22,0.7710287115856298
Liverpool,2018-01-30,0.6405077899596077
Liverpool,2018-02-04,0.7817368724754761
Liverpool,2018-02-11,0.7681765724177726
Liverpool,2018-02-24,0.816935949221004
Liverpool,2018-03-03,0.7520196191575302
Liverpool,2018-03-10,0.8514137334102712
Liverpool,2018-03-17,0.8567306305006492
Liverpool,2018-03-31,0.8702741702741703
Liverpool,2018-04-07,0.8887445887445887
Liverpool,2018-04-14,0.6735930735930736
Liverpool,2018-04-21,0.8412698412698413
Liverpool,2018-04-28,0.7415957293319867
Liverpool,2018-05-06,0.6804212956283364
Liverpool,2018-05-13,0.805222911556774
Liverpool,2018-08-12,0.7508296061174433
Liverpool,2018-08-20,0.662097821382196
Liverpool,2018-08-25,0.6964363006781128
Liverpool,2018-09-01,0.7746682054241201
Liverpool,2018-09-15,0.8128697157697302
Liverpool,2018-09-22,0.8638003174145145
Liverpool,2018-09-29,0.9166185804962492
Liverpool,2018-10-07,0.9431621465666474
Liverpool,2018-10-20,0.8817080207732256
Liverpool,2018-10-27,0.7691863819965378
Liverpool,2018-11-03,0.6967248593276584
Liverpool,2018-11-11,0.8277304862213245
Liverpool,2018-11-24,0.8988747836122332
Liverpool,2018-12-02,0.8685804962492787
Liverpool,2018-12-05,0.8232490974729242
Liverpool,2018-12-08,0.6362454873646209
Liverpool,2018-12-16,0.7699638989169675
Liverpool,2018-12-21,0.7509025270758123
Liverpool,2018-12-26,0.7753068592057761
Liverpool,2018-12-29,0.8300115540150202
Liverpool,2019-01-03,0.8324207492795389
Liverpool,2019-01-12,0.8665611055131711
Liverpool,2019-01-19,0.8520224557362891
Liverpool,2019-01-30,0.7883148654482659
Liverpool,2019-02-04,0.8286084328680385
Liverpool,2019-02-09,0.7442797524823715
Liverpool,2019-02-24,0.8186789466110231
Liverpool,2019-02-27,0.8706187797490264
Liverpool,2019-03-03,0.8671570748593682
Liverpool,2019-03-10,0.9147555170921678
Liverpool,2019-03-17,0.8897705958736113
Liverpool,2019-03-31,0.9039099697013417
Liverpool,2019-04-05,0.9222446624350836
Liverpool,2019-04-14,0.935381508726381
Liverpool,2019-04-21,0.9381130986728217
Liverpool,2019-04-26,0.9480744266551276
Liverpool,2019-05-04,0.7005625270445694
Liverpool,2019-05-12,0.7747007067647483
Liverpool,2019-08-09,0.8267705178133564
Liverpool,2019-08-17,0.8319388343912291
Liverpool,2019-08-24,0.8014716491126822
Liverpool,2019-08-31,0.8034915596595008
Liverpool,2019-09-14,0.8341991341991342
Liverpool,2019-09-22,0.8038961038961039
Liverpool,2019-09-28,0.8797979797979798
Liverpool,2019-10-05,0.9643630067811283
Liverpool,2019-10-20,0.8733410271206001
Liverpool,2019-10-27,0.773114092023655
Liverpool,2019-11-02,0.8172508293667965
Liverpool,2019-11-10,0.7567060859532737
Liverpool,2019-11-23,0.8541967118546293
Liverpool,2019-11-30,0.8311220074992789
Liverpool,2019-12-04,0.8717726813789124
Liverpool,2019-12-07,0.7565770453888407
Liverpool,2019-12-14,0.687581321382102
Liverpool,2019-12-26,0.820876102356513
Liverpool,2019-12-29,0.8215731636784268
Liverpool,2020-01-02,0.8382012724117988
Liverpool,2020-01-11,0.839358010410642
Liverpool,2020-01-19,0.8693075032528553
Liverpool,2020-01-23,0.8606462781304097
Liverpool,2020-01-29,0.8938257357184074
Liverpool,2020-02-01,0.8545874206578188
Liverpool,2020-02-15,0.898730525100981
Liverpool,2020-02-24,0.9562896710905944
Liverpool,2020-02-29,0.8620888632429313
Liverpool,2020-03-07,0.8049624927870744
Liverpool,2020-06-21,0.7039388255662964
Liverpool,2020-06-24,0.8128967109059434
Liverpool,2020-07-02,0.9174841315637623
Liverpool,2020-07-05,0.9346508944027697
Liverpool,2020-07-08,0.9238315060588574
Liverpool,2020-07-11,0.934227607096495
Liverpool,2020-07-15,0.8519907674552799
Liverpool,2020-07-22,0.8691575302942873
Liverpool,2020-07-26,0.9132881258115711
Liverpool,2020-09-12,0.8822680709854278
Liverpool,2020-09-20,0.8666859039099697
Liverpool,2020-09-28,0.802770163035637
Liverpool,2020-10-04,0.8779220779220779
Liverpool,2020-10-17,0.7516952820660799
Liverpool,2020-10-24,0.7591978069542634
Liverpool,2020-10-31,0.7600980957876514
Liverpool,2020-11-08,0.709463358338142
Liverpool,2020-11-22,0.757103706908986
Liverpool,2020-11-28,0.5853166017597
Liverpool,2020-12-06,0.7154190105293524
Liverpool,2020-12-13,0.7364396999422966
Liverpool,2020-12-16,0.7802942873629544
Liverpool,2020-12-19,0.7290434280767566
Liverpool,2020-12-27,0.8170538161881402
Liverpool,2020-12-30,0.8083694083694084
Liverpool,2021-01-04,0.8036358389842736
Liverpool,2021-01-17,0.7538949798038084
Liverpool,2021-01-21,0.8550201961915753
Liverpool,2021-01-28,0.7973167916907098
Liverpool,2021-01-31,0.8173687247547605
Liverpool,2021-02-03,0.7637045585689556
Liverpool,2021-02-07,0.7329774956722447
Liverpool,2021-02-13,0.874909825422017
Liverpool,2021-02-20,0.8568542568542569
Liverpool,2021-02-28,0.8714285714285714
Liverpool,2021-03-04,0.713997113997114
Liverpool,2021-03-07,0.7991341991341991
Liverpool,2021-03-15,0.6206349206349207
Liverpool,2021-04-03,0.744011544011544
Liverpool,2021-04-10,0.8487734487734487
Liverpool,2021-04-19,0.8789321789321789
Liverpool,2021-04-24,0.8194805194805195
Liverpool,2021-05-08,0.8598845598845599
Liverpool,2021-05-13,0.8233766233766234
Liverpool,2021-05-16,0.8459096811426923
Liverpool,2021-05-19,0.8117426428159261
Liverpool,2021-05-23,0.8721869590305829
Liverpool,2021-08-14,0.9434588201355835
Liverpool,2021-08-21,0.5736121124729632
Liverpool,2021-08-28,0.589041095890411
Liverpool,2021-09-12,0.7576412918108419
Liverpool,2021-09-18,0.7421773612112473
Liverpool,2021-09-25,0.5900504686373468
Liverpool,2021-10-03,0.716366258111031
Liverpool,2021-10-16,0.7196423420824921
Liverpool,2021-10-24,0.665464512406232
Liverpool,2021-10-30,0.7501442585112522
Liverpool,2021-11-07,0.7503967681431251
Liverpool,2021-11-20,0.7623719520992642
Liverpool,2021-11-27,0.7118326118326118
Liverpool,2021-12-01,0.7895725014442518
Liverpool,2021-12-04,0.8285673021374927
Liverpool,2021-12-11,0.8430098209127672
Liverpool,2021-12-16,0.8870758122743683
Liverpool,2021-12-19,0.795956678700361
Liverpool,2021-12-28,0.6433727981518914
Liverpool,2022-01-02,0.8062445287423402
Liverpool,2022-01-16,0.6798833819241983
Liverpool,2022-01-23,0.6640431423990671
Liverpool,2022-02-10,0.7010068583102291
Liverpool,2022-02-13,0.6761015465421651
Liverpool,2022-02-19,0.8188183807439825
Liverpool,2022-02-23,0.5298322392414296
Liverpool,2022-03-05,0.7284930715935335
Liverpool,2022-03-12,0.7453810623556582
Liverpool,2022-03-16,0.8247943426179823
Liverpool,2022-04-02,0.8825140550670318
Liverpool,2022-04-10,0.7613898500576701
Liverpool,2022-04-19,0.9110438292964245
Liverpool,2022-04-24,0.8951694304253786
Liverpool,2022-04-30,0.9316411883472743
Liverpool,2022-05-07,0.876838765503317
Liverpool,2022-05-10,0.8384304673975764
Liverpool,2022-05-17,0.838863242931333
Liverpool,2022-05-22,0.444380320300101
Liverpool,2022-08-06,0.7621933621933622
Liverpool,2022-08-15,0.6852813852813853
Liverpool,2022-08-22,0.6060606060606061
Liverpool,2022-08-27,0.6631868928519646
Liverpool,2022-08-31,0.7140785848919821
Liverpool,2022-09-03,0.7530810497317675
Liverpool,2022-10-01,0.8274612150210237
Liverpool,2022-10-09,0.8220965637233579
Liverpool,2022-10-16,0.8603740756850805
Liverpool,2022-10-19,0.8813977091489054
Liverpool,2022-10-22,0.8757934218118869
Liverpool,2022-10-29,0.7585112521638777
Liverpool,2022-11-06,0.8238603577611079
Liverpool,2022-11-12,0.8136180034622043
Liverpool,2022-12-26,0.8498485504110774
Liverpool,2022-12-30,0.7807586903216501
Liverpool,2023-01-02,0.7575364200201933
Liverpool,2023-01-14,0.8049343529072284
Liverpool,2023-01-21,0.7361131149906218
Liverpool,2023-02-04,0.7936805655749531
Liverpool,2023-02-13,0.7964218727456356
Liverpool,2023-02-18,0.7673881673881674
Liverpool,2023-02-25,0.7253317945758799
Liverpool,2023-03-01,0.7319676860934795
Liverpool,2023-03-05,0.6920080784766302
Liverpool,2023-03-11,0.8023658395845354
Liverpool,2023-04-01,0.8426139642238892
Liverpool,2023-04-04,0.8335256780150029
Liverpool,2023-04-09,0.7267743796884016
Liverpool,2023-04-17,0.7994227994227994
Liverpool,2023-04-22,0.850937950937951
Liverpool,2023-04-26,0.8574314574314574
Liverpool,2023-04-30,0.817027417027417
Liverpool,2023-05-03,0.9002886002886002
Liverpool,2023-05-06,0.9291486291486292
Liverpool,2023-05-15,0.924963924963925
Liverpool,2023-05-20,0.9240981240981241
Liverpool,2023-05-28,0.9454545454545454
Liverpool,2023-08-13,0.6230880230880231
Liverpool,2023-08-19,0.7505050505050505
Liverpool,2023-08-27,0.7536796536796537
Liverpool,2023-09-03,0.69512902290519
Liverpool,2023-09-16,0.7301053247513165
Liverpool,2023-09-24,0.7268870684610883
Liverpool,2023-09-30,0.7561796109404709
Liverpool,2023-10-08,0.8701184730144801
Liverpool,2023-10-21,0.8324940758293838
Liverpool,2023-10-29,0.7976895734597157
Liverpool,2023-11-05,0.7178655660377359
Liverpool,2023-11-12,0.8104002337131172
Liverpool,2023-11-25,0.7039146947122408
Liverpool,2023-12-03,0.8827223601577333
Liverpool,2023-12-06,0.7945085438878341
Liverpool,2023-12-09,0.7442296595499135
Liverpool,2023-12-17,0.8149163300634737
Liverpool,2023-12-23,0.8358338141950375
Liverpool,2023-12-26,0.8571840738603578
Liverpool,2024-01-01,0.7911136757068667
Liverpool,2024-01-21,0.8519480519480519
Liverpool,2024-01-31,0.5828282828282828
Liverpool,2024-02-04,0.7519838407156254
Liverpool,2024-02-10,0.7466455056990333
Liverpool,2024-02-17,0.6008081974310867
Liverpool,2024-02-21,0.7942873629544143
Liverpool,2024-03-02,0.566935949221004
Liverpool,2024-03-10,0.7074437391806117
Liverpool,2024-03-31,0.7202827466820543
Liverpool,2024-04-04,0.7551579858606262
Liverpool,2024-04-07,0.8051067512983267
Liverpool,2024-04-14,0.8942890106720508
Liverpool,2024-04-21,0.7496753715192613
Liverpool,2024-04-24,0.7798297503967682
Liverpool,2024-04-27,0.7928148896263165
Liverpool,2024-05-05,0.8199394026835954
Liverpool,2024-05-13,0.8417484131563763
Liverpool,2024-05-19,0.8133025537440485
Liverpool,2024-08-17,0.9222334439474823
Liverpool,2024-08-25,0.7844466887894964
Liverpool,2024-09-01,0.8855864954552013
Liverpool,2024-09-14,0.8013560300057704
Liverpool,2024-09-21,0.8263127524523947
Liverpool,2024-09-28,0.7147597749242534
Liverpool,2024-10-05,0.8619246861924686
Liverpool,2024-10-20,0.9166065502813446
Liverpool,2024-10-27,0.8848650988313375
Liverpool,2024-11-02,0.8609147309190593
Liverpool,2024-11-09,0.8232578271533689
Liverpool,2024-11-24,0.881130986728217
Liverpool,2024-12-01,0.8247259088286208
Liverpool,2024-12-04,0.8058560507716717
Liverpool,2024-12-14,0.8446783963080473
Liverpool,2024-12-22,0.7463224689933661
Liverpool,2024-12-26,0.8144585337414371
Liverpool,2024-12-29,0.7973760932944607
Liverpool,2025-01-05,0.7860058309037901
Liverpool,2025-01-14,0.8023323615160349
Liverpool,2025-01-18,0.8342323953929144
Liverpool,2025-01-25,0.8837853601633129
Liverpool,2025-02-01,0.8610382035578886
Liverpool,2025-02-12,0.9174722262299813
Liverpool,2025-02-16,0.9552734093204444
Liverpool,2025-02-19,0.8587301587301587
Liverpool,2025-02-23,0.9023088023088023
Liverpool,2025-02-26,0.9363636363636364
Liverpool,2025-03-08,0.897864974033468
Liverpool,2025-04-02,0.9437391806116561
Liverpool,2025-04-06,0.7801500288517023
Liverpool,2025-04-13,0.8202798211452473
Liverpool,2025-04-20,0.8825905091590942
Liverpool,2025-04-27,0.8825905091590942
Liverpool,2025-05-04,0.9007787712719931
Liverpool,2025-05-11,0.6702250432775534
Liverpool,2025-05-19,0.9013271783035199
Liverpool,2025-05-25,0.6858049624927871
Liverpool,2025-08-15,0.8425912566729188
Liverpool,2025-08-25,0.6268635113619916
Liverpool,2025-08-31,0.720220002894775
Liverpool,2025-09-14,0.7373751989581826
Liverpool,2025-09-20,0.7676168427145131
Liverpool,2025-09-27,0.8302705831283461
Liverpool,2025-10-04,0.8360584575314716
Liverpool,2025-10-19,0.8570395022428013
Liverpool,2025-10-25,0.8942737631616905
Liverpool,2025-11-01,0.8072984278090293
Liverpool,2025-11-09,0.7821067821067821
Liverpool,2025-11-22,0.9163059163059163
Liverpool,2025-11-30,0.8093795093795094
Liverpool,2025-12-03,0.7666666666666667
Liverpool,2025-12-06,0.8797979797979798
Liverpool,2025-12-13,0.8189033189033189
Liverpool,2025-12-20,0.8405483405483406
Liverpool,2025-12-27,0.823953823953824
Liverpool,2026-01-01,0.7595210617426428
Liverpool,2026-01-04,0.9040819270157219
Liverpool,2026-01-08,0.8635511322659744
Liverpool,2026-01-17,0.7871358523218921
Liverpool,2026-01-24,0.9198269646719539
Liverpool,2026-01-31,0.8444124008651767
Liverpool,2026-02-08,0.8556596971881759
Liverpool,2026-02-11,0.8603779027837877
Liverpool,2026-02-22,0.7451319774989182
Liverpool,2026-02-28,0.8308091735179576
Liverpool,2026-03-03,0.8326601269474899
Liverpool,2026-03-15,0.9166065502813446
Liverpool,2026-03-21,0.8385514355792815
Liverpool,2026-04-11,0.7875072129255626
Liverpool,2026-04-19,0.7804385458742066
Liverpool,2026-04-25,0.8293421811886902
Liverpool,2026-05-03,0.8315060588574726
Liverpool,2026-05-09,0.7769763416041546
Liverpool,2026-05-15,0.7380265435660704
Liverpool,2026-05-24,0.8033756491633006
Luton Town,2023-10-03,0.8232323232323232
Luton Town,2023-10-07,0.8474747474747475
Luton Town,2023-10-21,0.7919191919191919
Luton Town,2023-10-29,0.8408369408369408
Luton Town,2023-11-05,0.7961038961038961
Luton Town,2023-11-11,0.7767676767676768
Luton Town,2023-11-25,0.8225108225108225
Luton Town,2023-12-02,0.7828282828282829
Luton Town,2023-12-05,0.792063492063492
Luton Town,2023-12-10,0.8171717171717172
Luton Town,2023-12-23,0.7294372294372294
Luton Town,2023-12-26,0.835233011109508
Luton Town,2023-12-30,0.8059443081806377
Luton Town,2024-01-12,0.8516808541336026
Luton Town,2024-01-30,0.7882285054818234
Luton Town,2024-02-03,0.746537795729948
Luton Town,2024-02-10,0.8333814195037508
Luton Town,2024-02-18,0.7973167916907098
Luton Town,2024-02-21,0.8157553022651854
Luton Town,2024-03-02,0.867118741884288
Luton Town,2024-03-09,0.7351031597172125
Luton Town,2024-03-13,0.7894660894660894
Luton Town,2024-03-16,0.7646464646464647
Luton Town,2024-03-30,0.7914862914862915
Luton Town,2024-04-03,0.7744588744588745
Luton Town,2024-04-06,0.780952380952381
Luton Town,2024-04-13,0.8515151515151516
Luton Town,2024-04-20,0.7593073593073593
Luton Town,2024-04-27,0.9415584415584416
Luton Town,2024-05-03,0.8186147186147186
Luton Town,2024-05-11,0.7672438672438673
Luton Town,2024-05-19,0.8316017316017316
Manchester City,2012-10-06,0.7394465764492022
Manchester City,2012-10-20,0.6783369803063457
Manchester City,2012-10-27,0.7120600115406809
Manchester City,2012-11-03,0.7162418062636562
Manchester City,2012-11-11,0.7073987765802505
Manchester City,2012-11-17,0.7486529780107761
Manchester City,2012-11-25,0.7677297218581622
Manchester City,2012-11-28,0.7560798019513616
Manchester City,2012-12-01,0.709771370321829
Manchester City,2012-12-09,0.791144771337023
Manchester City,2012-12-15,0.8638396076734458
Manchester City,2012-12-22,0.7336987882285054
Manchester City,2012-12-26,0.7198095512913
Manchester City,2012-12-29,0.8167388167388168
Manchester City,2013-01-01,0.8144300144300144
Manchester City,2013-01-13,0.7209876543209877
Manchester City,2013-01-19,0.7142027301771711
Manchester City,2013-01-29,0.844732246798603
Manchester City,2013-02-03,0.7360302677532014
Manchester City,2013-02-09,0.7827415599534342
Manchester City,2013-02-24,0.8130093131548312
Manchester City,2013-03-04,0.7612048894062864
Manchester City,2013-03-16,0.8290215349038879
Manchester City,2013-03-30,0.8236739413210001
Manchester City,2013-04-08,0.7807586903216501
Manchester City,2013-04-17,0.8534544930044714
Manchester City,2013-04-21,0.6348428035765792
Manchester City,2013-04-27,0.7611768099221229
Manchester City,2013-05-04,0.8213410237923576
Manchester City,2013-05-07,0.8488388864849271
Manchester City,2013-05-14,0.5558280438545874
Manchester City,2013-05-19,0.690754363190538
Manchester City,2013-08-19,0.6978220106735901
Manchester City,2013-08-25,0.6256491633006347
Manchester City,2013-08-31,0.6930178880553952
Manchester City,2013-09-14,0.6922522002597028
Manchester City,2013-09-22,0.5554754003751262
Manchester City,2013-09-28,0.6789785023806089
Manchester City,2013-10-05,0.6575757575757576
Manchester City,2013-10-19,0.8115440115440116
Manchester City,2013-10-27,0.7108225108225108
Manchester City,2013-11-02,0.8145743145743146
Manchester City,2013-11-10,0.7103896103896103
Manchester City,2013-11-24,0.6086580086580087
Manchester City,2013-12-01,0.7536796536796537
Manchester City,2013-12-04,0.7533910533910534
Manchester City,2013-12-07,0.6567099567099567
Manchester City,2013-12-14,0.76998556998557
Manchester City,2013-12-21,0.8437229437229438
Manchester City,2013-12-26,0.6885009378156111
Manchester City,2013-12-28,0.6977348146010677
Manchester City,2014-01-01,0.6059731640455923
Manchester City,2014-01-12,0.7078343673351609
Manchester City,2014-01-18,0.8446335833814195
Manchester City,2014-01-29,0.7674552798615119
Manchester City,2014-02-03,0.7723600692440854
Manchester City,2014-02-08,0.7503967681431251
Manchester City,2014-02-22,0.7939691242244986
Manchester City,2014-03-15,0.8688500937815611
Manchester City,2014-03-22,0.8607704515942866
Manchester City,2014-03-25,0.7404758429426361
Manchester City,2014-03-29,0.8752007006276455
Manchester City,2014-04-05,0.8924244635819588
Manchester City,2014-04-13,0.8841045102904685
Manchester City,2014-04-16,0.8883374689826302
Manchester City,2014-04-21,0.7196029776674938
Manchester City,2014-04-27,0.8445482411326813
Manchester City,2014-05-03,0.8203463203463204
Manchester City,2014-05-07,0.9321789321789322
Manchester City,2014-05-11,0.8821067821067821
Manchester City,2014-08-17,0.9240981240981241
Manchester City,2014-08-25,0.8018759018759019
Manchester City,2014-08-30,0.7874458874458874
Manchester City,2014-09-13,0.7624819624819624
Manchester City,2014-09-21,0.7816738816738816
Manchester City,2014-09-27,0.6735930735930736
Manchester City,2014-10-04,0.6671010715320012
Manchester City,2014-10-18,0.7541268462206777
Manchester City,2014-10-25,0.7324066029539531
Manchester City,2014-11-02,0.7982913408630177
Manchester City,2014-11-08,0.7593397046046916
Manchester City,2014-11-22,0.7027222704894295
Manchester City,2014-11-30,0.7628149435273676
Manchester City,2014-12-03,0.8135642135642136
Manchester City,2014-12-06,0.7225918426381256
Manchester City,2014-12-13,0.7693086491177321
Manchester City,2014-12-20,0.7256291582296789
Manchester City,2014-12-26,0.6932311252531096
Manchester City,2014-12-28,0.783338154469193
Manchester City,2015-01-01,0.6961238067688748
Manchester City,2015-01-10,0.7435637836274226
Manchester City,2015-01-18,0.7818496609435868
Manchester City,2015-01-31,0.672533179457588
Manchester City,2015-02-07,0.6806116560877091
Manchester City,2015-02-11,0.8120582720323093
Manchester City,2015-02-21,0.7363334775710371
Manchester City,2015-03-01,0.683686715707486
Manchester City,2015-03-04,0.6975335352661186
Manchester City,2015-03-14,0.6291113675706866
Manchester City,2015-03-21,0.7229836964363007
Manchester City,2015-04-06,0.6958591833790218
Manchester City,2015-04-12,0.71991341991342
Manchester City,2015-04-19,0.8007215007215007
Manchester City,2015-04-25,0.7952380952380952
Manchester City,2015-05-03,0.8082527773770019
Manchester City,2015-05-10,0.692685038234021
Manchester City,2015-05-17,0.8547107199538306
Manchester City,2015-05-24,0.8596162169961045
Manchester City,2015-08-10,0.8909248304717934
Manchester City,2015-08-16,0.7183667580435723
Manchester City,2015-08-23,0.7557351031597173
Manchester City,2015-08-29,0.7265512265512265
Manchester City,2015-09-12,0.7568893377578992
Manchester City,2015-09-19,0.7462126677247151
Manchester City,2015-09-26,0.7566358915175996
Manchester City,2015-10-03,0.6252163877668783
Manchester City,2015-10-17,0.6907097518753607
Manchester City,2015-10-25,0.6983554529717253
Manchester City,2015-10-31,0.760530871321408
Manchester City,2015-11-08,0.8001731351897273
Manchester City,2015-11-21,0.8240046162723601
Manchester City,2015-11-28,0.76424758332131
Manchester City,2015-12-05,0.7351031597172125
Manchester City,2015-12-12,0.789496465156543
Manchester City,2015-12-21,0.7313087490961677
Manchester City,2015-12-26,0.8198120028922632
Manchester City,2015-12-29,0.8375994215473608
Manchester City,2016-01-02,0.8378652010413653
Manchester City,2016-01-13,0.8980329765692797
Manchester City,2016-01-16,0.6735608909459069
Manchester City,2016-01-23,0.6547584610934336
Manchester City,2016-02-02,0.7637806637806638
Manchester City,2016-02-06,0.79004329004329
Manchester City,2016-02-14,0.704040404040404
Manchester City,2016-03-02,0.7028860028860029
Manchester City,2016-03-05,0.7131313131313132
Manchester City,2016-03-12,0.7251082251082251
Manchester City,2016-03-20,0.7995670995670996
Manchester City,2016-04-02,0.7363636363636363
Manchester City,2016-04-09,0.6347763347763348
Manchester City,2016-04-16,0.6333333333333333
Manchester City,2016-04-19,0.6346847496753715
Manchester City,2016-04-23,0.6919636416101572
Manchester City,2016-05-01,0.6984562112249315
Manchester City,2016-05-08,0.5950079353628625
Manchester City,2016-05-15,0.7037945462415236
Manchester City,2016-08-13,0.7238493723849372
Manchester City,2016-08-20,0.48845931909982687
Manchester City,2016-08-28,0.6130428509594575
Manchester City,2016-09-10,0.622421007069687
Manchester City,2016-09-17,0.602510460251046
Manchester City,2016-09-24,0.6079930745924109
Manchester City,2016-10-02,0.7326403926663779
Manchester City,2016-10-15,0.67518406236466
Manchester City,2016-10-23,0.7376552122437193
Manchester City,2016-10-29,0.7503969972571098
Manchester City,2016-11-05,0.7999133824166306
Manchester City,2016-11-19,0.7349501948895626
Manchester City,2016-11-26,0.7144919168591224
Manchester City,2016-12-03,0.7049913444893249
Manchester City,2016-12-10,0.7813040969417195
Manchester City,2016-12-14,0.6640219272937103
Manchester City,2016-12-18,0.7078343673351609
Manchester City,2016-12-26,0.7150483335737988
Manchester City,2016-12-31,0.7887750685326793
Manchester City,2017-01-02,0.7376623376623377
Manchester City,2017-01-15,0.8217893217893217
Manchester City,2017-01-21,0.7297729918509895
Manchester City,2017-02-01,0.7935098952270081
Manchester City,2017-02-05,0.7027498908773462
Manchester City,2017-02-13,0.7353411901644115
Manchester City,2017-03-05,0.8086994471923189
Manchester City,2017-03-08,0.7953454545454546
Manchester City,2017-03-19,0.7520360674810936
Manchester City,2017-04-02,0.8259301990193251
Manchester City,2017-04-05,0.8181424862993942
Manchester City,2017-04-08,0.7174383383816529
Manchester City,2017-04-15,0.6275782489542766
Manchester City,2017-04-27,0.7127813040969417
Manchester City,2017-04-30,0.6965805800028856
Manchester City,2017-05-06,0.7164502164502164
Manchester City,2017-05-13,0.7366902322897129
Manchester City,2017-05-16,0.8415813013995095
Manchester City,2017-05-21,0.7375937680323139
Manchester City,2017-08-12,0.7899596076168494
Manchester City,2017-08-21,0.6669070975187537
Manchester City,2017-08-26,0.7202827466820543
Manchester City,2017-09-09,0.7526866105140866
Manchester City,2017-09-16,0.6770258495498113
Manchester City,2017-09-23,0.7446993900668022
Manchester City,2017-09-30,0.7607843137254902
Manchester City,2017-10-14,0.7708061002178649
Manchester City,2017-10-21,0.7916061574208539
Manchester City,2017-10-28,0.8146964856230032
Manchester City,2017-11-05,0.8421811886901327
Manchester City,2017-11-18,0.9344971865531669
Manchester City,2017-11-26,0.8329245419131438
Manchester City,2017-11-29,0.8700043283797432
Manchester City,2017-12-03,0.82801904487087
Manchester City,2017-12-10,0.8818181818181818
Manchester City,2017-12-13,0.8907805511470206
Manchester City,2017-12-16,0.7014860770451594
Manchester City,2017-12-23,0.8319145866397345
Manchester City,2017-12-27,0.8906362718222479
Manchester City,2017-12-31,0.837685759630645
Manchester City,2018-01-02,0.8340787765113259
Manchester City,2018-01-14,0.8389842735535997
Manchester City,2018-01-20,0.8417027417027417
Manchester City,2018-01-31,0.7604617604617605
Manchester City,2018-02-03,0.7417027417027418
Manchester City,2018-02-10,0.7556998556998556
Manchester City,2018-03-01,0.8457431457431458
Manchester City,2018-03-04,0.7370851370851371
Manchester City,2018-03-12,0.7653679653679654
Manchester City,2018-03-31,0.7946905208483624
Manchester City,2018-04-07,0.8391517599538373
Manchester City,2018-04-14,0.8016445470282747
Manchester City,2018-04-22,0.7983266012694749
Manchester City,2018-04-29,0.641806116560877
Manchester City,2018-05-06,0.7192729371032891
Manchester City,2018-05-09,0.7890940565493364
Manchester City,2018-05-13,0.4758332131005627
Manchester City,2018-08-12,0.6484848484848484
Manchester City,2018-08-19,0.668975468975469
Manchester City,2018-08-25,0.6281385281385281
Manchester City,2018-09-01,0.7261183261183262
Manchester City,2018-09-15,0.7587301587301587
Manchester City,2018-09-22,0.7317460317460317
Manchester City,2018-09-29,0.7142857142857143
Manchester City,2018-10-07,0.7284271284271284
Manchester City,2018-10-20,0.8392496392496392
Manchester City,2018-10-29,0.7363636363636363
Manchester City,2018-11-04,0.8404040404040404
Manchester City,2018-11-11,0.8421584186986005
Manchester City,2018-11-24,0.8844322608570192
Manchester City,2018-12-01,0.7481246393537219
Manchester City,2018-12-04,0.6892671667628391
Manchester City,2018-12-08,0.7606751298326602
Manchester City,2018-12-15,0.8094345066358916
Manchester City,2018-12-22,0.739469128678592
Manchester City,2018-12-26,0.7835810128408599
Manchester City,2018-12-30,0.7036502669167508
Manchester City,2019-01-03,0.7341607735603983
Manchester City,2019-01-14,0.7858276807620147
Manchester City,2019-01-20,0.8141145908500506
Manchester City,2019-01-29,0.811661134362823
Manchester City,2019-02-03,0.8646269302929716
Manchester City,2019-02-06,0.7247799105209987
Manchester City,2019-02-10,0.8566892769519411
Manchester City,2019-02-27,0.8157287157287157
Manchester City,2019-03-02,0.6607503607503608
Manchester City,2019-03-09,0.7425997425997426
Manchester City,2019-03-30,0.7204746925936517
Manchester City,2019-04-03,0.85746962115797
Manchester City,2019-04-14,0.4842030021443888
Manchester City,2019-04-20,0.7380986418870622
Manchester City,2019-04-24,0.7879914224446033
Manchester City,2019-04-28,0.7662616154395997
Manchester City,2019-05-06,0.8369878822850548
Manchester City,2019-05-12,0.8492498557414887
Manchester City,2019-08-10,0.823139065204847
Manchester City,2019-08-17,0.7634160415464513
Manchester City,2019-08-25,0.8222735141373341
Manchester City,2019-08-31,0.8434795152914022
Manchester City,2019-09-14,0.8869176402711669
Manchester City,2019-09-21,0.8466753209288909
Manchester City,2019-09-28,0.603000577034045
Manchester City,2019-10-06,0.8803924397633819
Manchester City,2019-10-19,0.8348001731351897
Manchester City,2019-10-26,0.5896696003462704
Manchester City,2019-11-02,0.6449798038084247
Manchester City,2019-11-10,0.7430715935334873
Manchester City,2019-11-23,0.6465579448693896
Manchester City,2019-11-30,0.7703853369894645
Manchester City,2019-12-03,0.8081974310867369
Manchester City,2019-12-07,0.6798960889017174
Manchester City,2019-12-15,0.8507721171886276
Manchester City,2019-12-21,0.7308025404157044
Manchester City,2019-12-27,0.8079642187274564
Manchester City,2019-12-29,0.7695859183379021
Manchester City,2020-01-01,0.6769298117612724
Manchester City,2020-01-12,0.6417627316503721
Manchester City,2020-01-18,0.671432740005836
Manchester City,2020-01-21,0.7636416690983368
Manchester City,2020-02-02,0.7118470965859353
Manchester City,2020-02-19,0.7840991976659373
Manchester City,2020-02-22,0.6236811254396248
Manchester City,2020-03-08,0.7344248044045204
Manchester City,2020-06-17,0.74007534048102
Manchester City,2020-06-22,0.8337922040284017
Manchester City,2020-06-25,0.7184057971014493
Manchester City,2020-07-02,0.8681159420289855
Manchester City,2020-07-05,0.805111821086262
Manchester City,2020-07-08,0.6389531521110469
Manchester City,2020-07-11,0.7627241179872759
Manchester City,2020-07-15,0.8302486986697513
Manchester City,2020-07-21,0.823742047426258
Manchester City,2020-07-26,0.7530721411016337
Manchester City,2020-09-21,0.8551395113488507
Manchester City,2020-09-27,0.5718614718614718
Manchester City,2020-10-03,0.5883116883116883
Manchester City,2020-10-17,0.6852813852813853
Manchester City,2020-10-24,0.6088023088023088
Manchester City,2020-10-31,0.6958152958152958
Manchester City,2020-11-08,0.7542568542568543
Manchester City,2020-11-21,0.6810966810966811
Manchester City,2020-11-28,0.8072150072150072
Manchester City,2020-12-05,0.6966810966810967
Manchester City,2020-12-12,0.6551226551226551
Manchester City,2020-12-15,0.7554112554112554
Manchester City,2020-12-19,0.7298701298701299
Manchester City,2020-12-26,0.7907647907647908
Manchester City,2021-01-03,0.7408369408369408
Manchester City,2021-01-13,0.663829173279469
Manchester City,2021-01-17,0.814745346991776
Manchester City,2021-01-20,0.8112826431972299
Manchester City,2021-01-26,0.885153657480883
Manchester City,2021-01-30,0.810561246573366
Manchester City,2021-02-03,0.6250180349155966
Manchester City,2021-02-07,0.757068667051356
Manchester City,2021-02-13,0.8314817486654162
Manchester City,2021-02-17,0.821382195931323
Manchester City,2021-02-21,0.7405857740585774
Manchester City,2021-02-27,0.7406231967686093
Manchester City,2021-03-02,0.7054241200230814
Manchester City,2021-03-07,0.7375937680323139
Manchester City,2021-03-10,0.8239792237772328
Manchester City,2021-03-13,0.6610878661087866
Manchester City,2021-04-03,0.5737988746212668
Manchester City,2021-04-10,0.7205309479151638
Manchester City,2021-04-21,0.5727272727272728
Manchester City,2021-05-01,0.7236652236652237
Manchester City,2021-05-08,0.5735657225853305
Manchester City,2021-05-14,0.725199709513435
Manchester City,2021-05-18,0.5093681917211329
Manchester City,2021-05-23,0.6628903413217139
Manchester City,2021-08-15,0.6714180749448935
Manchester City,2021-08-21,0.6543717854518736
Manchester City,2021-08-28,0.6705363703159442
Manchester City,2021-09-11,0.7351824817518248
Manchester City,2021-09-18,0.7391240875912409
Manchester City,2021-09-25,0.7091970802919708
Manchester City,2021-10-03,0.7639416058394161
Manchester City,2021-10-16,0.7453102453102453
Manchester City,2021-10-23,0.554978354978355
Manchester City,2021-10-30,0.8649545520126966
Manchester City,2021-11-06,0.8687058144567883
Manchester City,2021-11-21,0.7419401684577404
Manchester City,2021-11-28,0.6963404008132442
Manchester City,2021-12-01,0.723521720180154
Manchester City,2021-12-04,0.6119424669475519
Manchester City,2021-12-11,0.8725846287955833
Manchester City,2021-12-14,0.8111014240046498
Manchester City,2021-12-19,0.6983435047951178
Manchester City,2021-12-26,0.7823011404648477
Manchester City,2021-12-29,0.7287426014147539
Manchester City,2022-01-01,0.6274170274170274
Manchester City,2022-01-15,0.766089466089466
Manchester City,2022-01-22,0.7447330447330447
Manchester City,2022-02-09,0.7714285714285715
Manchester City,2022-02-12,0.8298701298701299
Manchester City,2022-02-19,0.5562770562770563
Manchester City,2022-02-26,0.8003187943776264
Manchester City,2022-03-06,0.8271265034053036
Manchester City,2022-03-14,0.7720620199971019
Manchester City,2022-04-02,0.778148094479061
Manchester City,2022-04-10,0.8035067381538907
Manchester City,2022-04-20,0.8411824373279235
Manchester City,2022-04-23,0.810607158382843
Manchester City,2022-04-30,0.7051948051948052
Manchester City,2022-05-08,0.7572871572871573
Manchester City,2022-05-11,0.766955266955267
Manchester City,2022-05-15,0.8331167893749097
Manchester City,2022-05-22,0.6668110293056158
Manchester City,2022-08-07,0.8705067128627111
Manchester City,2022-08-13,0.6587267215244694
Manchester City,2022-08-21,0.6982820845965064
Manchester City,2022-08-27,0.6581492709686733
Manchester City,2022-08-31,0.7228237332178432
Manchester City,2022-09-03,0.7911976911976912
Manchester City,2022-09-17,0.8375180375180376
Manchester City,2022-10-02,0.8468975468975469
Manchester City,2022-10-08,0.7614718614718615
Manchester City,2022-10-16,0.7971139971139971
Manchester City,2022-10-22,0.7896103896103897
Manchester City,2022-10-29,0.7907647907647908
Manchester City,2022-11-05,0.7792207792207793
Manchester City,2022-11-12,0.9063492063492063
Manchester City,2022-12-28,0.7799621377603029
Manchester City,2022-12-31,0.7825833697393331
Manchester City,2023-01-05,0.8415610892675113
Manchester City,2023-01-14,0.9063637687490899
Manchester City,2023-01-19,0.7453036260375709
Manchester City,2023-01-22,0.7901558176787534
Manchester City,2023-02-05,0.9030285381479325
Manchester City,2023-02-12,0.8241235031020054
Manchester City,2023-02-15,0.8480738710142837
Manchester City,2023-02-18,0.8137353917183667
Manchester City,2023-02-25,0.7586206896551724
Manchester City,2023-03-04,0.7867551579858606
Manchester City,2023-03-11,0.7675660077910835
Manchester City,2023-04-01,0.8683982683982684
Manchester City,2023-04-08,0.7344877344877345
Manchester City,2023-04-15,0.9062049062049062
Manchester City,2023-04-26,0.7741702741702742
Manchester City,2023-04-30,0.8715728715728716
Manchester City,2023-05-03,0.8272727272727273
Manchester City,2023-05-06,0.7555555555555555
Manchester City,2023-05-14,0.7141826576251623
Manchester City,2023-05-21,0.8003462204270052
Manchester City,2023-05-24,0.642146257031588
Manchester City,2023-05-28,0.6816673878551853
Manchester City,2023-08-11,0.469782201067359
Manchester City,2023-08-19,0.6574354536275783
Manchester City,2023-08-27,0.5079319296221517
Manchester City,2023-09-02,0.5664214625703159
Manchester City,2023-09-16,0.7388920946335834
Manchester City,2023-09-23,0.7305639694216068
Manchester City,2023-09-30,0.7317284128585844
Manchester City,2023-10-08,0.7453938778470912
Manchester City,2023-10-21,0.7980559988394023
Manchester City,2023-10-29,0.7961404526987812
Manchester City,2023-11-04,0.8103873494849848
Manchester City,2023-11-12,0.822283475990135
Manchester City,2023-11-25,0.8454505877231171
Manchester City,2023-12-03,0.771017859735734
Manchester City,2023-12-06,0.9238205165199826
Manchester City,2023-12-10,0.7884865098831337
Manchester City,2023-12-16,0.8284518828451883
Manchester City,2023-12-27,0.7776655605251768
Manchester City,2023-12-30,0.7877957299480669
Manchester City,2024-01-13,0.8831506058857472
Manchester City,2024-01-31,0.7797172533179457
Manchester City,2024-02-05,0.6833525678015003
Manchester City,2024-02-10,0.7903923831506059
Manchester City,2024-02-17,0.8309290248124639
Manchester City,2024-02-20,0.7541480305872168
Manchester City,2024-02-24,0.7245310245310246
Manchester City,2024-03-03,0.8278499278499278
Manchester City,2024-03-10,0.8297258297258298
Manchester City,2024-03-31,0.8411484634251911
Manchester City,2024-04-03,0.6903765690376569
Manchester City,2024-04-06,0.5932765834655894
Manchester City,2024-04-13,0.6971576973019766
Manchester City,2024-04-25,0.5447201384881708
Manchester City,2024-04-28,0.7360069244085401
Manchester City,2024-05-04,0.7854875937680323
Manchester City,2024-05-11,0.8278747655460973
Manchester City,2024-05-14,0.8692829317558793
Manchester City,2024-05-19,0.8210936372817775
Manchester City,2024-08-18,0.7709174841315638
Manchester City,2024-08-24,0.7061454125793422
Manchester City,2024-08-31,0.6888343912290825
Manchester City,2024-09-14,0.8145370637438708
Manchester City,2024-09-22,0.8556388808768388
Manchester City,2024-09-28,0.8403749098774334
Manchester City,2024-10-05,0.8481614996395097
Manchester City,2024-10-20,0.8544851456590712
Manchester City,2024-10-26,0.8100389441800087
Manchester City,2024-11-02,0.8147987884032886
Manchester City,2024-11-09,0.7609636468551645
Manchester City,2024-11-23,0.7489901904212348
Manchester City,2024-12-01,0.7669888904919925
Manchester City,2024-12-04,0.706535853412206
Manchester City,2024-12-07,0.7453469917760784
Manchester City,2024-12-15,0.6828670320161523
Manchester City,2024-12-21,0.7748267898383372
Manchester City,2024-12-26,0.7404359751696261
Manchester City,2024-12-29,0.7382705355853905
Manchester City,2025-01-04,0.7280207882200087
Manchester City,2025-01-14,0.8513064818824888
Manchester City,2025-01-19,0.761657283095135
Manchester City,2025-01-25,0.675476603119584
Manchester City,2025-02-02,0.6588744588744588
Manchester City,2025-02-15,0.7479076479076479
Manchester City,2025-02-23,0.6401154401154401
Manchester City,2025-02-26,0.6197691197691197
Manchester City,2025-03-08,0.7324675324675325
Manchester City,2025-03-15,0.8034040098081638
Manchester City,2025-04-02,0.7038799942304919
Manchester City,2025-04-06,0.5869032165007934
Manchester City,2025-04-12,0.6314347512617159
Manchester City,2025-04-19,0.7338139870223503
Manchester City,2025-04-22,0.706705118961788
Manchester City,2025-05-02,0.6611391492429705
Manchester City,2025-05-10,0.8456656570027405
Manchester City,2025-05-20,0.7246899336602249
Manchester City,2025-05-25,0.792327660801846
Manchester City,2025-08-16,0.7732928240740741
Manchester City,2025-08-23,0.49855324074074076
Manchester City,2025-08-31,0.48061342592592593
Manchester City,2025-09-14,0.5801504629629629
Manchester City,2025-09-21,0.5214874837216033
Manchester City,2025-09-27,0.6455861070911723
Manchester City,2025-10-05,0.6643994211287988
Manchester City,2025-10-18,0.7369408369408369
Manchester City,2025-10-26,0.7476190476190476
Manchester City,2025-11-02,0.8386724386724387
Manchester City,2025-11-09,0.868975468975469
Manchester City,2025-11-22,0.8227062896710906
Manchester City,2025-11-29,0.9464800923254472
Manchester City,2025-12-02,0.8920946335833814
Manchester City,2025-12-06,0.9642290494735324
Manchester City,2025-12-14,0.9713008364580329
Manchester City,2025-12-20,0.9019325064897606
Manchester City,2025-12-27,0.9162462159434914
Manchester City,2026-01-01,0.9211247296323
Manchester City,2026-01-04,0.9802451333813987
Manchester City,2026-01-07,0.8898341744772891
Manchester City,2026-01-17,0.8083357369483704
Manchester City,2026-01-24,0.691331314005481
Manchester City,2026-02-01,0.7386412808308092
Manchester City,2026-02-08,0.782972582972583
Manchester City,2026-02-11,0.7537151926128985
Manchester City,2026-02-21,0.8708886324293134
Manchester City,2026-02-28,0.8460761684939412
Manchester City,2026-03-04,0.7458165031736872
Manchester City,2026-03-14,0.8137622619734565
Manchester City,2026-04-12,0.9399884593190998
Manchester City,2026-04-19,0.8896422388920946
Manchester City,2026-04-22,0.8221035925551868
Manchester City,2026-05-04,0.795556196796999
Manchester City,2026-05-09,0.8153224642908671
Manchester City,2026-05-13,0.7785312364738133
Manchester City,2026-05-19,0.7448066935949221
Manchester City,2026-05-24,0.9124350836699365
Manchester United,2012-10-07,0.7175757575757575
Manchester United,2012-10-20,0.7587948156875947
Manchester United,2012-10-28,0.7286105901024383
Manchester United,2012-11-03,0.6952820660799307
Manchester United,2012-11-10,0.7186553166931179
Manchester United,2012-11-17,0.7149040542490261
Manchester United,2012-11-24,0.703505987591978
Manchester United,2012-11-28,0.6618092627326504
Manchester United,2012-12-01,0.7064935064935065
Manchester United,2012-12-09,0.7676767676767676
Manchester United,2012-12-15,0.8148629148629148
Manchester United,2012-12-23,0.6953823953823954
Manchester United,2012-12-26,0.6662337662337663
Manchester United,2012-12-29,0.6453102453102453
Manchester United,2013-01-01,0.6446400230846919
Manchester United,2013-01-13,0.7392872601356225
Manchester United,2013-01-20,0.766700331842447
Manchester United,2013-01-30,0.7428942432549416
Manchester United,2013-02-02,0.6817198095512913
Manchester United,2013-02-10,0.7473669023228972
Manchester United,2013-02-23,0.740874332708123
Manchester United,2013-03-02,0.7588744588744589
Manchester United,2013-03-16,0.695959595959596
Manchester United,2013-03-30,0.6301587301587301
Manchester United,2013-04-08,0.678066378066378
Manchester United,2013-04-14,0.7012987012987013
Manchester United,2013-04-17,0.6436300678112826
Manchester United,2013-04-22,0.7515510027413072
Manchester United,2013-04-28,0.6724859327658347
Manchester United,2013-05-05,0.733660366469485
Manchester United,2013-05-12,0.6092915885153658
Manchester United,2013-05-19,0.7334776334776335
Manchester United,2013-08-17,0.604906204906205
Manchester United,2013-08-26,0.7357483042286044
Manchester United,2013-09-01,0.7304084283446385
Manchester United,2013-09-14,0.7494587963631115
Manchester United,2013-09-22,0.6161062202338
Manchester United,2013-09-28,0.6005195554914129
Manchester United,2013-10-05,0.55007215007215
Manchester United,2013-10-19,0.6913419913419914
Manchester United,2013-10-26,0.6347763347763348
Manchester United,2013-11-02,0.6826839826839827
Manchester United,2013-11-10,0.6805194805194805
Manchester United,2013-11-24,0.7428571428571429
Manchester United,2013-12-01,0.5877344877344878
Manchester United,2013-12-04,0.686002886002886
Manchester United,2013-12-07,0.6588744588744588
Manchester United,2013-12-15,0.6438672438672439
Manchester United,2013-12-21,0.6404040404040404
Manchester United,2013-12-26,0.7533910533910534
Manchester United,2013-12-28,0.7418470418470419
Manchester United,2014-01-01,0.6682539682539682
Manchester United,2014-01-11,0.8085137085137085
Manchester United,2014-01-19,0.6367965367965368
Manchester United,2014-01-28,0.773015873015873
Manchester United,2014-02-01,0.7321789321789322
Manchester United,2014-02-09,0.7378066378066378
Manchester United,2014-02-12,0.7373737373737373
Manchester United,2014-02-22,0.7678210678210678
Manchester United,2014-03-08,0.6952380952380952
Manchester United,2014-03-16,0.778066378066378
Manchester United,2014-03-22,0.7688311688311689
Manchester United,2014-03-25,0.5532745409859766
Manchester United,2014-03-29,0.6981350296371259
Manchester United,2014-04-05,0.7156281624981928
Manchester United,2014-04-20,0.5006505710568165
Manchester United,2014-04-26,0.601705941882319
Manchester United,2014-05-03,0.6471013445135174
Manchester United,2014-05-06,0.618042503975712
Manchester United,2014-05-11,0.5121212121212121
Manchester United,2014-08-16,0.6525252525252525
Manchester United,2014-08-24,0.5327561327561328
Manchester United,2014-08-30,0.5714285714285714
Manchester United,2014-09-14,0.556998556998557
Manchester United,2014-09-21,0.41385281385281386
Manchester United,2014-09-27,0.5163059163059163
Manchester United,2014-10-05,0.46280514227935865
Manchester United,2014-10-20,0.5327143478891629
Manchester United,2014-10-26,0.6441317278398375
Manchester United,2014-11-02,0.5833454228927898
Manchester United,2014-11-08,0.652836210648484
Manchester United,2014-11-22,0.6683718211049401
Manchester United,2014-11-29,0.6028057869355545
Manchester United,2014-12-02,0.6497810218978102
Manchester United,2014-12-08,0.6292151162790698
Manchester United,2014-12-14,0.7083272780119169
Manchester United,2014-12-20,0.6884173811945938
Manchester United,2014-12-26,0.6727219880831274
Manchester United,2014-12-28,0.7217253317945759
Manchester United,2015-01-01,0.780551147020632
Manchester United,2015-01-11,0.7473669023228972
Manchester United,2015-01-17,0.6821526475256096
Manchester United,2015-01-31,0.7255411255411255
Manchester United,2015-02-08,0.6874909825422018
Manchester United,2015-02-11,0.6672918770740153
Manchester United,2015-02-21,0.6979226774379689
Manchester United,2015-02-28,0.7311021350259665
Manchester United,2015-03-04,0.7220138488170802
Manchester United,2015-03-15,0.740334679746105
Manchester United,2015-03-22,0.6221869590305829
Manchester United,2015-04-04,0.8019044870870005
Manchester United,2015-04-12,0.7779861511829198
Manchester United,2015-04-18,0.8786610878661087
Manchester United,2015-04-26,0.699321887173568
Manchester United,2015-05-02,0.8138796710431395
Manchester United,2015-05-09,0.8218150339056414
Manchester United,2015-05-17,0.8933775789929304
Manchester United,2015-05-24,0.7778098398499494
Manchester United,2015-08-08,0.7490620490620491
Manchester United,2015-08-14,0.6254156426196328
Manchester United,2015-08-22,0.5988145149631343
Manchester United,2015-08-30,0.5873933786323551
Manchester United,2015-09-12,0.7328321526673414
Manchester United,2015-09-20,0.6888824634957351
Manchester United,2015-09-26,0.655631053925112
Manchester United,2015-10-04,0.7445424316900391
Manchester United,2015-10-17,0.7369408369408369
Manchester United,2015-10-25,0.6666666666666666
Manchester United,2015-10-31,0.7036075036075036
Manchester United,2015-11-07,0.7936507936507936
Manchester United,2015-11-21,0.7516594516594517
Manchester United,2015-11-28,0.6688311688311688
Manchester United,2015-12-05,0.7044733044733045
Manchester United,2015-12-12,0.7103896103896103
Manchester United,2015-12-19,0.5077922077922078
Manchester United,2015-12-26,0.659067955561968
Manchester United,2015-12-28,0.7221180204876642
Manchester United,2016-01-02,0.7508296061174433
Manchester United,2016-01-12,0.8128697157697302
Manchester United,2016-01-17,0.776399307559146
Manchester United,2016-01-23,0.8312175418349682
Manchester United,2016-02-02,0.7660126947489901
Manchester United,2016-02-07,0.7994517385658635
Manchester United,2016-02-13,0.8889049199249748
Manchester United,2016-02-28,0.7989036353144836
Manchester United,2016-03-02,0.47850548182342756
Manchester United,2016-03-06,0.6488747836122332
Manchester United,2016-03-20,0.7872186959030583
Manchester United,2016-04-03,0.7419918462434478
Manchester United,2016-04-10,0.8242574257425742
Manchester United,2016-04-16,0.8535235876528829
Manchester United,2016-04-20,0.7802533857579729
Manchester United,2016-05-01,0.7919336051252184
Manchester United,2016-05-07,0.8063200815494393
Manchester United,2016-05-10,0.7174894422600845
Manchester United,2016-05-17,0.8603376136199683
Manchester United,2016-08-14,0.7942576828740442
Manchester United,2016-08-19,0.601933342951955
Manchester United,2016-08-27,0.6902322897128842
Manchester United,2016-09-10,0.7431457431457431
Manchester United,2016-09-18,0.738421584186986
Manchester United,2016-09-24,0.7338046457942576
Manchester United,2016-10-02,0.756456499783581
Manchester United,2016-10-17,0.8200836820083682
Manchester United,2016-10-23,0.852113692107921
Manchester United,2016-10-29,0.8550201961915753
Manchester United,2016-11-06,0.7067224466243508
Manchester United,2016-11-19,0.5014471780028944
Manchester United,2016-11-27,0.6314570973809869
Manchester United,2016-12-04,0.7459123137027927
Manchester United,2016-12-11,0.6977282592967733
Manchester United,2016-12-14,0.7809289538417017
Manchester United,2016-12-17,0.8066849949356099
Manchester United,2016-12-26,0.8198524092027203
Manchester United,2016-12-31,0.8247511899610558
Manchester United,2017-01-02,0.6974899019042123
Manchester United,2017-01-15,0.8661281015579919
Manchester United,2017-01-21,0.8840161569532602
Manchester United,2017-02-01,0.7417772648586266
Manchester United,2017-02-05,0.86408887606406
Manchester United,2017-02-11,0.7607848795267638
Manchester United,2017-03-04,0.8041847041847042
Manchester United,2017-03-19,0.6582972582972583
Manchester United,2017-04-01,0.5906204906204906
Manchester United,2017-04-04,0.533977780983985
Manchester United,2017-04-09,0.6856153513201558
Manchester United,2017-04-16,0.5976049632087722
Manchester United,2017-04-23,0.720386668590391
Manchester United,2017-04-27,0.6933064050778996
Manchester United,2017-04-30,0.710947641713544
Manchester United,2017-05-07,0.7328233256351039
Manchester United,2017-05-14,0.5224483903565758
Manchester United,2017-05-17,0.6408257542947885
Manchester United,2017-05-21,0.6429911938790241
Manchester United,2017-08-13,0.41634185072903135
Manchester United,2017-08-19,0.5606410626624314
Manchester United,2017-08-26,0.620072202166065
Manchester United,2017-09-09,0.6519480519480519
Manchester United,2017-09-17,0.6808080808080809
Manchester United,2017-09-23,0.6665223665223665
Manchester United,2017-09-30,0.7285714285714285
Manchester United,2017-10-14,0.701197518395614
Manchester United,2017-10-21,0.720386668590391
Manchester United,2017-10-28,0.8006347374495095
Manchester United,2017-11-05,0.8599249855741489
Manchester United,2017-11-18,0.9107168613875667
Manchester United,2017-11-25,0.7608538872061157
Manchester United,2017-11-28,0.7990768786960911
Manchester United,2017-12-02,0.8036641661858049
Manchester United,2017-12-10,0.8571840738603578
Manchester United,2017-12-13,0.8636495083863505
Manchester United,2017-12-17,0.7961249277038751
Manchester United,2017-12-23,0.8391901663051338
Manchester United,2017-12-26,0.8361532899493854
Manchester United,2017-12-30,0.6568329718004339
Manchester United,2018-01-01,0.7553145336225596
Manchester United,2018-01-15,0.6860448300795372
Manchester United,2018-01-20,0.7907949790794979
Manchester United,2018-01-31,0.8356658490838262
Manchester United,2018-02-03,0.8178015002885171
Manchester United,2018-02-11,0.7582227351413734
Manchester United,2018-02-25,0.8012117714945182
Manchester United,2018-03-05,0.7253317945758799
Manchester United,2018-03-10,0.8100115406809002
Manchester United,2018-03-31,0.7375559082383495
Manchester United,2018-04-07,0.8573283323716099
Manchester United,2018-04-15,0.8535776110790536
Manchester United,2018-04-18,0.8758113370835137
Manchester United,2018-04-29,0.5772392903504976
Manchester United,2018-05-04,0.8535987307082071
Manchester United,2018-05-10,0.640992355401702
Manchester United,2018-05-13,0.7056108466753209
Manchester United,2018-08-10,0.4351023940005769
Manchester United,2018-08-19,0.5303620366363767
Manchester United,2018-08-27,0.5822273514137334
Manchester United,2018-09-02,0.6061742642815926
Manchester United,2018-09-15,0.6775822273514137
Manchester United,2018-09-22,0.6366792016199017
Manchester United,2018-09-29,0.7071583514099783
Manchester United,2018-10-06,0.6782872848256907
Manchester United,2018-10-20,0.7161868942571966
Manchester United,2018-10-28,0.746275133805873
Manchester United,2018-11-03,0.8110805728337914
Manchester United,2018-11-11,0.7941857101533121
Manchester United,2018-11-24,0.8267455279861512
Manchester United,2018-12-01,0.8195065647092772
Manchester United,2018-12-05,0.7192324339922089
Manchester United,2018-12-08,0.641033039965373
Manchester United,2018-12-16,0.6434857884865098
Manchester United,2018-12-22,0.731207617948348
Manchester United,2018-12-26,0.701010101010101
Manchester United,2018-12-30,0.7018759018759019
Manchester United,2019-01-02,0.778066378066378
Manchester United,2019-01-13,0.7350773233126174
Manchester United,2019-01-19,0.8236739413210001
Manchester United,2019-01-29,0.8572254335260115
Manchester United,2019-02-03,0.7662187545152435
Manchester United,2019-02-09,0.9065163993642538
Manchester United,2019-02-24,0.653279399017625
Manchester United,2019-02-27,0.7204565154579601
Manchester United,2019-03-02,0.62916486369537
Manchester United,2019-03-10,0.7031588057118131
Manchester United,2019-03-30,0.7284004038655705
Manchester United,2019-04-02,0.680150245593759
Manchester United,2019-04-13,0.7655301935856689
Manchester United,2019-04-21,0.6215156794425087
Manchester United,2019-04-24,0.8134436701509872
Manchester United,2019-04-28,0.7716318234610917
Manchester United,2019-05-05,0.6305168408826946
Manchester United,2019-05-12,0.6580514011906491
Manchester United,2019-08-11,0.6096778895204781
Manchester United,2019-08-19,0.575280571345285
Manchester United,2019-08-24,0.6344647519582245
Manchester United,2019-08-31,0.7332463011314186
Manchester United,2019-09-14,0.7362924281984334
Manchester United,2019-09-22,0.6322889469103569
Manchester United,2019-09-30,0.7490935460478607
Manchester United,2019-10-06,0.7495310921944885
Manchester United,2019-10-20,0.6218438897705959
Manchester United,2019-10-27,0.7746356947049488
Manchester United,2019-11-02,0.8342469705712637
Manchester United,2019-11-10,0.8518465089440277
Manchester United,2019-11-24,0.8048182342758222
Manchester United,2019-12-01,0.758257608538872
Manchester United,2019-12-04,0.783787682100101
Manchester United,2019-12-07,0.8312418866291649
Manchester United,2019-12-15,0.9108610990913024
Manchester United,2019-12-22,0.8545874206578188
Manchester United,2019-12-26,0.8805539526832084
Manchester United,2019-12-28,0.8563185227928448
Manchester United,2020-01-01,0.7821067821067821
Manchester United,2020-01-11,0.8832611832611833
Manchester United,2020-01-19,0.7835497835497836
Manchester United,2020-01-22,0.8034632034632034
Manchester United,2020-02-01,0.7845598845598846
Manchester United,2020-02-17,0.7786435786435787
Manchester United,2020-02-23,0.7427128427128427
Manchester United,2020-03-01,0.7538949798038084
Manchester United,2020-03-08,0.8202538949798038
Manchester United,2020-06-19,0.8525678015002885
Manchester United,2020-06-24,0.8768032313906521
Manchester United,2020-06-30,0.8472302365839585
Manchester United,2020-07-04,0.8939699942296595
Manchester United,2020-07-09,0.9319099826889786
Manchester United,2020-07-13,0.9796536796536797
Manchester United,2020-07-16,0.9702741702741703
Manchester United,2020-07-22,0.8080808080808081
Manchester United,2020-07-26,0.8421356421356422
Manchester United,2020-09-19,0.9088023088023088
Manchester United,2020-09-26,0.7811598384304674
Manchester United,2020-10-04,0.8864685516445471
Manchester United,2020-10-17,0.8276359440357709
Manchester United,2020-10-24,0.7610245961286567
Manchester United,2020-11-01,0.7917636786961583
Manchester United,2020-11-07,0.8330908032596042
Manchester United,2020-11-21,0.8319266589057043
Manchester United,2020-11-29,0.7602620087336245
Manchester United,2020-12-05,0.6995633187772926
Manchester United,2020-12-12,0.7017033047022856
Manchester United,2020-12-17,0.7922377723272255
Manchester United,2020-12-20,0.7695526695526695
Manchester United,2020-12-26,0.788342230558361
Manchester United,2020-12-29,0.68792382051652
Manchester United,2021-01-01,0.7501082094935796
Manchester United,2021-01-12,0.732400461627236
Manchester United,2021-01-17,0.7856627722486658
Manchester United,2021-01-20,0.8373233342947793
Manchester United,2021-01-27,0.8833285261032593
Manchester United,2021-01-30,0.7642053648687627
Manchester United,2021-02-02,0.8491491202768965
Manchester United,2021-02-06,0.7839630804730314
Manchester United,2021-02-14,0.8331169767777297
Manchester United,2021-02-21,0.848983124188663
Manchester United,2021-02-28,0.7723600692440854
Manchester United,2021-03-03,0.8208309290248125
Manchester United,2021-03-07,0.7176453614197086
Manchester United,2021-03-14,0.8252777377001875
Manchester United,2021-04-04,0.7974610502019619
Manchester United,2021-04-11,0.874062319676861
Manchester United,2021-04-18,0.854422161304285
Manchester United,2021-04-25,0.8532890940565493
Manchester United,2021-05-09,0.9461915753029428
Manchester United,2021-05-11,0.9433064050778996
Manchester United,2021-05-13,0.2789959607616849
Manchester United,2021-05-18,0.7962775934208628
Manchester United,2021-05-23,0.7554465445101717
Manchester United,2021-08-14,0.2185831770307315
Manchester United,2021-08-22,0.6051074880969557
Manchester United,2021-08-29,0.6027990189005915
Manchester United,2021-09-11,0.5413360265473958
Manchester United,2021-09-19,0.539671090594345
Manchester United,2021-09-25,0.6966243508366994
Manchester United,2021-10-02,0.7409117137911136
Manchester United,2021-10-16,0.7198499711482977
Manchester United,2021-10-24,0.7974318280190449
Manchester United,2021-10-30,0.8202279613331409
Manchester United,2021-11-06,0.7830749166787422
Manchester United,2021-11-20,0.7976811594202898
Manchester United,2021-11-28,0.7333333333333333
Manchester United,2021-12-02,0.6696220930232558
Manchester United,2021-12-05,0.6640988372093023
Manchester United,2021-12-11,0.7424792908007557
Manchester United,2021-12-27,0.8123819212323791
Manchester United,2021-12-30,0.7786138040804514
Manchester United,2022-01-03,0.6754449428447402
Manchester United,2022-01-15,0.6412037037037037
Manchester United,2022-01-19,0.6008366993652625
Manchester United,2022-01-22,0.8118869013271783
Manchester United,2022-02-08,0.7811282643197229
Manchester United,2022-02-12,0.6828740441494734
Manchester United,2022-02-15,0.6690232289712884
Manchester United,2022-02-20,0.7219737411628914
Manchester United,2022-02-26,0.7253968253968254
Manchester United,2022-03-06,0.7082251082251082
Manchester United,2022-03-12,0.6917748917748918
Manchester United,2022-04-02,0.7124098124098124
Manchester United,2022-04-09,0.8144300144300144
Manchester United,2022-04-16,0.7737373737373737
Manchester United,2022-04-19,0.7582972582972582
Manchester United,2022-04-23,0.7106782106782107
Manchester United,2022-04-28,0.7334776334776335
Manchester United,2022-05-02,0.6665223665223665
Manchester United,2022-05-07,0.7112970711297071
Manchester United,2022-05-22,0.8017602077622277
Manchester United,2022-08-07,0.6429086711874188
Manchester United,2022-08-13,0.6042418121483192
Manchester United,2022-08-22,0.7040669166426305
Manchester United,2022-08-27,0.7020478800115374
Manchester United,2022-09-01,0.7320449956734929
Manchester United,2022-09-04,0.772714162099798
Manchester United,2022-10-02,0.8154023651571964
Manchester United,2022-10-09,0.8396308047303144
Manchester United,2022-10-16,0.7781944043841938
Manchester United,2022-10-19,0.6960473167916907
Manchester United,2022-10-22,0.8729082515868436
Manchester United,2022-10-30,0.9143104443162147
Manchester United,2022-11-06,0.7339489251190304
Manchester United,2022-11-13,0.6476698889049199
Manchester United,2022-12-27,0.659067955561968
Manchester United,2022-12-31,0.6960034627037945
Manchester United,2023-01-03,0.7447330447330447
Manchester United,2023-01-14,0.8066935949221004
Manchester United,2023-01-18,0.835401038661281
Manchester United,2023-01-22,0.7264599855803894
Manchester United,2023-02-04,0.6833453496755587
Manchester United,2023-02-08,0.7749423298731257
Manchester United,2023-02-12,0.6263736263736264
Manchester United,2023-02-19,0.6830537883169462
Manchester United,2023-03-05,0.7248011569052784
Manchester United,2023-03-12,0.846999276934201
Manchester United,2023-04-02,0.8550347222222222
Manchester United,2023-04-05,0.8541848935549723
Manchester United,2023-04-08,0.8172670263963833
Manchester United,2023-04-16,0.7081576268721826
Manchester United,2023-04-27,0.5413697833357569
Manchester United,2023-04-30,0.7225130890052356
Manchester United,2023-05-04,0.745346131471786
Manchester United,2023-05-07,0.7629435718440954
Manchester United,2023-05-13,0.8717171717171717
Manchester United,2023-05-20,0.7196248196248196
Manchester United,2023-05-25,0.7746031746031746
Manchester United,2023-05-28,0.8937950937950938
Manchester United,2023-08-14,0.7229437229437229
Manchester United,2023-08-19,0.6975468975468976
Manchester United,2023-08-26,0.7378066378066378
Manchester United,2023-09-03,0.7212121212121212
Manchester United,2023-09-16,0.6858585858585858
Manchester United,2023-09-23,0.6698412698412698
Manchester United,2023-09-30,0.5336219336219337
Manchester United,2023-10-07,0.6803751803751804
Manchester United,2023-10-21,0.76002886002886
Manchester United,2023-10-29,0.7634920634920634
Manchester United,2023-11-04,0.8183261183261183
Manchester United,2023-11-11,0.6662337662337663
Manchester United,2023-11-26,0.7928148896263165
Manchester United,2023-12-02,0.6763814745346992
Manchester United,2023-12-06,0.7477997402972154
Manchester United,2023-12-09,0.8391285528783725
Manchester United,2023-12-17,0.8430467397576457
Manchester United,2023-12-23,0.6363242931332949
Manchester United,2023-12-26,0.698066935949221
Manchester United,2023-12-30,0.706535853412206
Manchester United,2024-01-14,0.7047454204529063
Manchester United,2024-02-01,0.7880011537352177
Manchester United,2024-02-04,0.8149697144505336
Manchester United,2024-02-11,0.7776175367753101
Manchester United,2024-02-18,0.8278050187481973
Manchester United,2024-02-24,0.8419838523644751
Manchester United,2024-03-03,0.7765282583621684
Manchester United,2024-03-09,0.7659697188175919
Manchester United,2024-03-30,0.7878569368329968
Manchester United,2024-04-04,0.9089991346985866
Manchester United,2024-04-07,0.8798499927881148
Manchester United,2024-04-13,0.7408048463868455
Manchester United,2024-04-24,0.7415957293319867
Manchester United,2024-04-27,0.7499639301688068
Manchester United,2024-05-06,0.8010675129832661
Manchester United,2024-05-12,0.6702726092600606
Manchester United,2024-05-15,0.7709505264676186
Manchester United,2024-05-19,0.8309534112216933
Manchester United,2024-08-16,0.8674646668589558
Manchester United,2024-08-24,0.7137294490914335
Manchester United,2024-09-01,0.7425728295356215
Manchester United,2024-09-14,0.7087840761575076
Manchester United,2024-09-21,0.785199076745528
Manchester United,2024-09-29,0.7221581073283324
Manchester United,2024-10-06,0.8639642238892095
Manchester United,2024-10-19,0.7695772192357984
Manchester United,2024-10-27,0.7974720325439488
Manchester United,2024-11-03,0.8377396862289367
Manchester United,2024-11-10,0.82362342002034
Manchester United,2024-11-24,0.9280836844399245
Manchester United,2024-12-01,0.870841202963824
Manchester United,2024-12-04,0.835391544384716
Manchester United,2024-12-07,0.7375559082383495
Manchester United,2024-12-15,0.8513922954840571
Manchester United,2024-12-22,0.7707070707070707
Manchester United,2024-12-26,0.7742028567306305
Manchester United,2024-12-30,0.8420141393738277
Manchester United,2025-01-05,0.7799070847851336
Manchester United,2025-01-16,0.8976480836236934
Manchester United,2025-01-19,0.8603368176538908
Manchester United,2025-01-26,0.8655632984901278
Manchester United,2025-02-02,0.9523809523809523
Manchester United,2025-02-16,0.9554232612167852
Manchester United,2025-02-22,0.6185567010309279
Manchester United,2025-02-26,0.7811282643197229
Manchester United,2025-03-09,0.8241235031020054
Manchester United,2025-03-16,0.6918385129247749
Manchester United,2025-04-01,0.7487656113854196
Manchester United,2025-04-06,0.8793203601510311
Manchester United,2025-04-13,0.8306709265175719
Manchester United,2025-04-20,0.6935811792041824
Manchester United,2025-04-27,0.7509077705156136
Manchester United,2025-05-04,0.7436456063907044
Manchester United,2025-05-11,0.5209926417544366
Manchester United,2025-05-16,0.7330832491703939
Manchester United,2025-05-25,0.6851825133458376
Manchester United,2025-08-17,0.6395902467176454
Manchester United,2025-08-24,0.5152214687635261
Manchester United,2025-08-30,0.5932765834655894
Manchester United,2025-09-14,0.6143413648824123
Manchester United,2025-09-20,0.6976911976911977
Manchester United,2025-09-27,0.8370851370851371
Manchester United,2025-10-04,0.7414669571532316
Manchester United,2025-10-19,0.8325344952795933
Manchester United,2025-10-25,0.8912127814088598
Manchester United,2025-11-01,0.8381989832970225
Manchester United,2025-11-08,0.8108932461873638
Manchester United,2025-11-24,0.9403050108932461
Manchester United,2025-11-30,0.7655773420479303
Manchester United,2025-12-04,0.8067821067821068
Manchester United,2025-12-08,0.8281881130986728
Manchester United,2025-12-15,0.854731679169071
Manchester United,2025-12-21,0.874062319676861
Manchester United,2025-12-26,0.6227285837900202
Manchester United,2025-12-30,0.6560426882030574
Manchester United,2026-01-04,0.6633977502163253
Manchester United,2026-01-07,0.7153158350158638
Manchester United,2026-01-17,0.8809867282169648
Manchester United,2026-01-25,0.8437680323139065
Manchester United,2026-02-01,0.7526680126910874
Manchester United,2026-02-07,0.7885170225043278
Manchester United,2026-02-10,0.8305206981104861
Manchester United,2026-02-23,0.8485722526680127
Manchester United,2026-03-01,0.816411883472743
Manchester United,2026-03-04,0.8631578947368421
Manchester United,2026-03-15,0.9091564527757751
Manchester United,2026-03-20,0.9058127794605509
Manchester United,2026-04-13,0.9316411883472743
Manchester United,2026-04-18,0.8185495521525571
Manchester United,2026-04-27,0.8051401190649049
Manchester United,2026-05-03,0.8835487149702338
Manchester United,2026-05-09,0.9170781295381935
Manchester United,2026-05-17,0.6648758530564832
Manchester United,2026-05-24,0.8116741687236823
Middlesbrough,2016-10-01,0.7944264943457189
Middlesbrough,2016-10-16,0.7652305621003029
Middlesbrough,2016-10-22,0.8247259088286208
Middlesbrough,2016-10-29,0.8573283323716099
Middlesbrough,2016-11-05,0.7751009809578765
Middlesbrough,2016-11-20,0.8638199653779572
Middlesbrough,2016-11-26,0.8158084523294389
Middlesbrough,2016-12-05,0.8202798211452473
Middlesbrough,2016-12-11,0.8380210587047454
Middlesbrough,2016-12-14,0.7240732727534978
Middlesbrough,2016-12-17,0.8736477715274773
Middlesbrough,2016-12-26,0.9609059434506636
Middlesbrough,2016-12-31,0.9105468186408887
Middlesbrough,2017-01-02,0.83001443001443
Middlesbrough,2017-01-14,0.8194805194805195
Middlesbrough,2017-01-21,0.6759018759018759
Middlesbrough,2017-01-31,0.719047619047619
Middlesbrough,2017-02-04,0.7380952380952381
Middlesbrough,2017-02-11,0.8216450216450216
Middlesbrough,2017-02-25,0.8587301587301587
Middlesbrough,2017-03-04,0.7470418470418471
Middlesbrough,2017-03-19,0.715007215007215
Middlesbrough,2017-04-02,0.7473304473304473
Middlesbrough,2017-04-05,0.8262626262626263
Middlesbrough,2017-04-08,0.6825396825396826
Middlesbrough,2017-04-17,0.7295815295815296
Middlesbrough,2017-04-22,0.7216450216450216
Middlesbrough,2017-04-26,0.7122655122655123
Middlesbrough,2017-04-30,0.6653061224489796
Middlesbrough,2017-05-08,0.6986880466472303
Middlesbrough,2017-05-13,0.7542274052478134
Middlesbrough,2017-05-21,0.7399416909620992
Newcastle United,2012-10-07,0.6881438093314481
Newcastle United,2012-10-21,0.781013297424676
Newcastle United,2012-10-28,0.7626605107488097
Newcastle United,2012-11-04,0.7509466938537722
Newcastle United,2012-11-11,0.7748325080104864
Newcastle United,2012-11-17,0.7714285714285715
Newcastle United,2012-11-25,0.6340574427759148
Newcastle United,2012-11-28,0.7232832774456918
Newcastle United,2012-12-03,0.7068513119533528
Newcastle United,2012-12-10,0.7594752186588921
Newcastle United,2012-12-15,0.812129963898917
Newcastle United,2012-12-22,0.8381227436823104
Newcastle United,2012-12-26,0.8485067089886019
Newcastle United,2012-12-29,0.7792526330976771
Newcastle United,2013-01-02,0.7169239647958447
Newcastle United,2013-01-12,0.746031746031746
Newcastle United,2013-01-19,0.7341991341991342
Newcastle United,2013-01-29,0.8001443001443002
Newcastle United,2013-02-02,0.6376623376623377
Newcastle United,2013-02-09,0.6505050505050505
Newcastle United,2013-02-24,0.7776655605251768
Newcastle United,2013-03-02,0.7069686913865243
Newcastle United,2013-03-10,0.6657048045015149
Newcastle United,2013-03-17,0.7285446415693062
Newcastle United,2013-03-30,0.7713832395788259
Newcastle United,2013-04-07,0.6636376748882158
Newcastle United,2013-04-14,0.7258041251983268
Newcastle United,2013-04-20,0.81866705135603
Newcastle United,2013-04-27,0.757068667051356
Newcastle United,2013-05-04,0.8429251406317612
Newcastle United,2013-05-12,0.6665702718334298
Newcastle United,2013-05-19,0.6346153846153846
Newcastle United,2013-08-19,0.7029100912118141
Newcastle United,2013-08-24,0.7055161430432895
Newcastle United,2013-08-31,0.5518799183911396
Newcastle United,2013-09-14,0.6585543573302244
Newcastle United,2013-09-21,0.7358985570616529
Newcastle United,2013-09-30,0.8052646887725422
Newcastle United,2013-10-05,0.849912739965096
Newcastle United,2013-10-19,0.7513435003631082
Newcastle United,2013-10-27,0.7712418300653595
Newcastle United,2013-11-02,0.772998110739718
Newcastle United,2013-11-10,0.8257520709199244
Newcastle United,2013-11-23,0.8626653102746694
Newcastle United,2013-11-30,0.8805406190960616
Newcastle United,2013-12-04,0.8896962650777503
Newcastle United,2013-12-07,0.905550712002325
Newcastle United,2013-12-14,0.953211275791921
Newcastle United,2013-12-21,0.8539893233299668
Newcastle United,2013-12-26,0.9337757899293031
Newcastle United,2013-12-29,0.8762083393449719
Newcastle United,2014-01-01,0.9714326936949935
Newcastle United,2014-01-12,0.932621555331121
Newcastle United,2014-01-18,0.7806432917994784
Newcastle United,2014-01-28,0.8320776586496668
Newcastle United,2014-02-01,0.7470298464213272
Newcastle United,2014-02-08,0.6814159292035398
Newcastle United,2014-02-12,0.640649934716379
Newcastle United,2014-02-23,0.7069490787755695
Newcastle United,2014-03-01,0.6386188887276948
Newcastle United,2014-03-15,0.6824158358618697
Newcastle United,2014-03-22,0.6642588847154002
Newcastle United,2014-03-25,0.7502167003756139
Newcastle United,2014-03-29,0.814168229692685
Newcastle United,2014-04-05,0.7719272937103289
Newcastle United,2014-04-12,0.608338141950375
Newcastle United,2014-04-19,0.7368724754760531
Newcastle United,2014-04-28,0.7703404500865552
Newcastle United,2014-05-03,0.7677102871158563
Newcastle United,2014-05-11,0.7873322752849516
Newcastle United,2014-08-17,0.7747799740297215
Newcastle United,2014-08-23,0.5216572504708098
Newcastle United,2014-08-30,0.6146602926263943
Newcastle United,2014-09-13,0.6349942062572422
Newcastle United,2014-09-20,0.7459443800695249
Newcastle United,2014-09-29,0.7469949312092686
Newcastle United,2014-10-04,0.7955401100492325
Newcastle United,2014-10-18,0.7919200695047784
Newcastle United,2014-10-26,0.7682100100966393
Newcastle United,2014-11-01,0.7685318719353909
Newcastle United,2014-11-09,0.7005625270445694
Newcastle United,2014-11-22,0.772537141208712
Newcastle United,2014-11-29,0.7246105020196192
Newcastle United,2014-12-02,0.727600634829029
Newcastle United,2014-12-06,0.6147173630186497
Newcastle United,2014-12-13,0.725748156715339
Newcastle United,2014-12-21,0.6675836108295932
Newcastle United,2014-12-26,0.762559722021138
Newcastle United,2014-12-28,0.6613580425655132
Newcastle United,2015-01-01,0.7517011727233242
Newcastle United,2015-01-10,0.8090619571511292
Newcastle United,2015-01-17,0.6878069921987865
Newcastle United,2015-01-31,0.7620629875758451
Newcastle United,2015-02-08,0.7248593276583466
Newcastle United,2015-02-11,0.7036930178880554
Newcastle United,2015-02-21,0.8048182342758222
Newcastle United,2015-02-28,0.7774412231357277
Newcastle United,2015-03-04,0.7212925562608193
Newcastle United,2015-03-15,0.7129255626081938
Newcastle United,2015-03-21,0.7856318522792844
Newcastle United,2015-04-05,0.698594406607738
Newcastle United,2015-04-13,0.7278260869565217
Newcastle United,2015-04-19,0.7617391304347826
Newcastle United,2015-04-25,0.7890307603017992
Newcastle United,2015-05-02,0.7305571677307022
Newcastle United,2015-05-09,0.7536273940800928
Newcastle United,2015-05-16,0.7432983682983683
Newcastle United,2015-05-24,0.7782772621809745
Newcastle United,2015-08-09,0.6753190255220418
Newcastle United,2015-08-15,0.5095707656612529
Newcastle United,2015-08-22,0.5707663334781979
Newcastle United,2015-08-29,0.5461044645462504
Newcastle United,2015-09-14,0.7019258826962358
Newcastle United,2015-09-19,0.7460340775558166
Newcastle United,2015-09-26,0.7762597326281768
Newcastle United,2015-10-03,0.7442338768914353
Newcastle United,2015-10-18,0.7112220916568742
Newcastle United,2015-10-25,0.76189776733255
Newcastle United,2015-10-31,0.770016042000875
Newcastle United,2015-11-07,0.7224016441573693
Newcastle United,2015-11-21,0.8196340400813245
Newcastle United,2015-11-28,0.8533468854363293
Newcastle United,2015-12-06,0.8007840859590533
Newcastle United,2015-12-13,0.843014812663375
Newcastle United,2015-12-19,0.9278245715945397
Newcastle United,2015-12-26,0.9480180049368375
Newcastle United,2015-12-28,0.8792556260819389
Newcastle United,2016-01-02,0.8498268897864975
Newcastle United,2016-01-12,0.852690809407012
Newcastle United,2016-01-16,0.8681286971576972
Newcastle United,2016-01-23,0.835401038661281
Newcastle United,2016-02-03,0.6976777729698543
Newcastle United,2016-02-06,0.8216964800923254
Newcastle United,2016-02-13,0.7240334679746105
Newcastle United,2016-03-02,0.757680657723929
Newcastle United,2016-03-05,0.6998413385258907
Newcastle United,2016-03-14,0.7596999855762296
Newcastle United,2016-03-20,0.7572129255626082
Newcastle United,2016-04-02,0.7477997402972154
Newcastle United,2016-04-09,0.6567594863656038
Newcastle United,2016-04-16,0.743182801904487
Newcastle United,2016-04-19,0.716017316017316
Newcastle United,2016-04-23,0.7059163059163059
Newcastle United,2016-04-30,0.8365315250324629
Newcastle United,2016-05-07,0.8850093781561102
Newcastle United,2016-05-15,0.8946760929158851
Newcastle United,2017-08-13,0.7274956722446624
Newcastle United,2017-08-20,0.2996092053842814
Newcastle United,2017-08-26,0.2960535896315713
Newcastle United,2017-09-10,0.418086500655308
Newcastle United,2017-09-16,0.42703175065540344
Newcastle United,2017-09-24,0.5607340518496942
Newcastle United,2017-10-01,0.683221672006991
Newcastle United,2017-10-15,0.7705753823743627
Newcastle United,2017-10-21,0.8245028305995065
Newcastle United,2017-10-30,0.8275862068965517
Newcastle United,2017-11-04,0.8073871014283653
Newcastle United,2017-11-18,0.8816909536863368
Newcastle United,2017-11-25,0.6830183234742462
Newcastle United,2017-11-28,0.773914298081085
Newcastle United,2017-12-02,0.6255951522146876
Newcastle United,2017-12-09,0.7336219336219336
Newcastle United,2017-12-13,0.7613275613275613
Newcastle United,2017-12-16,0.7186147186147186
Newcastle United,2017-12-23,0.7694083694083694
Newcastle United,2017-12-27,0.6673881673881674
Newcastle United,2017-12-30,0.6267493868128697
Newcastle United,2018-01-01,0.7014860770451594
Newcastle United,2018-01-13,0.733660366469485
Newcastle United,2018-01-20,0.7223023658395845
Newcastle United,2018-01-31,0.794864396999423
Newcastle United,2018-02-04,0.7603866128101558
Newcastle United,2018-02-11,0.7867859203693018
Newcastle United,2018-02-24,0.7033617082672053
Newcastle United,2018-03-03,0.7468263127524524
Newcastle United,2018-03-10,0.7034045008655511
Newcastle United,2018-03-31,0.8359544077333718
Newcastle United,2018-04-07,0.8249891790506421
Newcastle United,2018-04-15,0.903188573077478
Newcastle United,2018-04-23,0.9181936228538451
Newcastle United,2018-04-28,0.953109219448853
Newcastle United,2018-05-05,0.953968253968254
Newcastle United,2018-05-09,0.9414141414141414
Newcastle United,2018-05-13,0.956998556998557
Newcastle United,2018-08-11,0.8782106782106782
Newcastle United,2018-08-18,0.7831168831168831
Newcastle United,2018-08-26,0.7609636468551645
Newcastle United,2018-09-01,0.5935147654892878
Newcastle United,2018-09-15,0.7093225246091488
Newcastle United,2018-09-22,0.7772148233931674
Newcastle United,2018-09-29,0.7945859872611465
Newcastle United,2018-10-06,0.7492762015055009
Newcastle United,2018-10-20,0.7670816444701795
Newcastle United,2018-10-27,0.7878656240949898
Newcastle United,2018-11-03,0.8467532467532467
Newcastle United,2018-11-10,0.861904761904762
Newcastle United,2018-11-26,0.7375180375180376
Newcastle United,2018-12-01,0.7057720057720057
Newcastle United,2018-12-05,0.8096955706247295
Newcastle United,2018-12-09,0.6752272399365171
Newcastle United,2018-12-15,0.813013995094503
Newcastle United,2018-12-22,0.7705131922296318
Newcastle United,2018-12-26,0.8487967526819368
Newcastle United,2018-12-29,0.5105827776167005
Newcastle United,2019-01-02,0.7330329893910769
Newcastle United,2019-01-12,0.7722383720930233
Newcastle United,2019-01-19,0.6481104651162791
Newcastle United,2019-01-29,0.7053779069767442
Newcastle United,2019-02-02,0.7821495732677564
Newcastle United,2019-02-11,0.8045993636100666
Newcastle United,2019-02-23,0.8757593288978883
Newcastle United,2019-02-26,0.9212348528563186
Newcastle United,2019-03-02,0.8061165608770917
Newcastle United,2019-03-09,0.9024812463935372
Newcastle United,2019-03-16,0.8290536641661858
Newcastle United,2019-04-01,0.7109059434506636
Newcastle United,2019-04-06,0.796710431395181
Newcastle United,2019-04-12,0.871302842302698
Newcastle United,2019-04-20,0.7863223200115423
Newcastle United,2019-04-27,0.8423026980233732
Newcastle United,2019-05-04,0.6902322897128842
Newcastle United,2019-05-12,0.7436156398788054
Newcastle United,2019-08-11,0.7609636468551645
Newcastle United,2019-08-17,0.6193017888055395
Newcastle United,2019-08-25,0.6723889209463358
Newcastle United,2019-08-31,0.6876352618669744
Newcastle United,2019-09-14,0.7000432837974319
Newcastle United,2019-09-21,0.7600634829029
Newcastle United,2019-09-29,0.7659789352185832
Newcastle United,2019-10-06,0.7619047619047619
Newcastle United,2019-10-19,0.6709283742554119
Newcastle United,2019-10-27,0.6706856478791401
Newcastle United,2019-11-02,0.6748983149331784
Newcastle United,2019-11-09,0.7468740913056121
Newcastle United,2019-11-25,0.7865658621692353
Newcastle United,2019-11-30,0.7339729611862189
Newcastle United,2019-12-05,0.6780055240587295
Newcastle United,2019-12-08,0.7580132832803927
Newcastle United,2019-12-14,0.8529963898916968
Newcastle United,2019-12-21,0.5679422382671481
Newcastle United,2019-12-26,0.7320732938969846
Newcastle United,2019-12-28,0.5802077322562031
Newcastle United,2020-01-01,0.738421584186986
Newcastle United,2020-01-11,0.7600634829029
Newcastle United,2020-01-18,0.7293319867263022
Newcastle United,2020-01-21,0.639157408743327
Newcastle United,2020-02-01,0.7138940989756168
Newcastle United,2020-02-16,0.601356225652864
Newcastle United,2020-02-22,0.6903318903318904
Newcastle United,2020-02-29,0.6292929292929293
Newcastle United,2020-03-07,0.6317460317460317
Newcastle United,2020-06-21,0.784992784992785
Newcastle United,2020-06-24,0.8331890331890331
Newcastle United,2020-07-01,0.8663973452604242
Newcastle United,2020-07-05,0.8210936372817775
Newcastle United,2020-07-08,0.8632232001154234
Newcastle United,2020-07-11,0.6674361563987881
Newcastle United,2020-07-15,0.9037656903765691
Newcastle United,2020-07-20,0.7185110373683451
Newcastle United,2020-07-26,0.8277304862213245
Newcastle United,2020-09-12,0.8148629148629148
Newcastle United,2020-09-20,0.4936507936507937
Newcastle United,2020-09-27,0.5418470418470418
Newcastle United,2020-10-03,0.5851370851370852
Newcastle United,2020-10-17,0.6007215007215008
Newcastle United,2020-10-25,0.6909536863367479
Newcastle United,2020-11-01,0.5986149184821815
Newcastle United,2020-11-06,0.7133169816765258
Newcastle United,2020-11-21,0.770884432260857
Newcastle United,2020-11-27,0.7108642331553888
Newcastle United,2020-12-12,0.7046602221901601
Newcastle United,2020-12-16,0.5940565493364108
Newcastle United,2020-12-19,0.7447698744769874
Newcastle United,2020-12-26,0.6074159572933199
Newcastle United,2020-12-30,0.6198239792237772
Newcastle United,2021-01-03,0.7320732938969846
Newcastle United,2021-01-12,0.766123214543356
Newcastle United,2021-01-18,0.6994661664983408
Newcastle United,2021-01-23,0.5633986928104575
Newcastle United,2021-01-26,0.4713144517066086
Newcastle United,2021-01-30,0.5320261437908497
Newcastle United,2021-02-02,0.6447349310094408
Newcastle United,2021-02-06,0.70079883805374
Newcastle United,2021-02-15,0.6919389978213507
Newcastle United,2021-02-21,0.6506658861407874
Newcastle United,2021-02-27,0.7329165455074149
Newcastle United,2021-03-07,0.6619656876999128
Newcastle United,2021-03-12,0.5542308810700786
Newcastle United,2021-03-20,0.6285797354266609
Newcastle United,2021-04-04,0.688181421718273
Newcastle United,2021-04-11,0.6525657799098706
Newcastle United,2021-04-17,0.5579281488962632
Newcastle United,2021-04-24,0.648730525100981
Newcastle United,2021-05-02,0.7559498052790999
Newcastle United,2021-05-07,0.7702293379489399
Newcastle United,2021-05-14,0.793133294864397
Newcastle United,2021-05-19,0.831794575879977
Newcastle United,2021-05-23,0.8959896133871899
Newcastle United,2021-08-15,0.8602135025966532
Newcastle United,2021-08-21,0.7433270812292598
Newcastle United,2021-08-28,0.6447330447330447
Newcastle United,2021-09-11,0.6742172846631078
Newcastle United,2021-09-17,0.5918337902178618
Newcastle United,2021-09-25,0.6664262011253788
Newcastle United,2021-10-02,0.6956145412579342
Newcastle United,2021-10-17,0.7505770340450086
Newcastle United,2021-10-23,0.7495672244662435
Newcastle United,2021-10-30,0.8346570397111913
Newcastle United,2021-11-06,0.8188908145580589
Newcastle United,2021-11-20,0.6993067590987868
Newcastle United,2021-11-27,0.7124909747292418
Newcastle United,2021-11-30,0.6604563835932987
Newcastle United,2021-12-04,0.6148180242634316
Newcastle United,2021-12-12,0.6150811047786059
Newcastle United,2021-12-16,0.7657276310027733
Newcastle United,2021-12-19,0.8125821048022187
Newcastle United,2021-12-27,0.6778572471172092
Newcastle United,2022-01-15,0.7681751824817519
Newcastle United,2022-01-22,0.6510948905109489
Newcastle United,2022-02-08,0.7472992700729927
Newcastle United,2022-02-13,0.7557351031597173
Newcastle United,2022-02-19,0.6889786497403346
Newcastle United,2022-02-26,0.6086831097648926
Newcastle United,2022-03-05,0.7354680513486225
Newcastle United,2022-03-10,0.8371791173925585
Newcastle United,2022-03-13,0.746647440519106
Newcastle United,2022-03-17,0.639273356401384
Newcastle United,2022-04-03,0.8522628999711732
Newcastle United,2022-04-08,0.8764595646533083
Newcastle United,2022-04-17,0.8846597462514417
Newcastle United,2022-04-20,0.8807842006631108
Newcastle United,2022-04-23,0.9112008072653885
Newcastle United,2022-04-30,0.6981404065157849
Newcastle United,2022-05-08,0.9217128027681661
Newcastle United,2022-05-16,0.7692529564464955
Newcastle United,2022-05-22,0.8214337227751334
Newcastle United,2022-08-06,0.7743005480242284
Newcastle United,2022-08-13,0.7439780758690322
Newcastle United,2022-08-21,0.6890683588116527
Newcastle United,2022-08-28,0.7889802394345882
Newcastle United,2022-08-31,0.7082492068070377
Newcastle United,2022-09-03,0.6129776496034607
Newcastle United,2022-09-17,0.7310742609949531
Newcastle United,2022-10-01,0.7953857245854362
Newcastle United,2022-10-08,0.8070656092285509
Newcastle United,2022-10-16,0.912880426943603
Newcastle United,2022-10-19,0.9258618202798211
Newcastle United,2022-10-23,0.8902351074570893
Newcastle United,2022-10-29,0.8553087132140796
Newcastle United,2022-11-06,0.9314772071552222
Newcastle United,2022-11-12,0.8819795123358822
Newcastle United,2022-12-26,0.9660943586784014
Newcastle United,2022-12-31,0.9102582599913432
Newcastle United,2023-01-03,0.9763416041546451
Newcastle United,2023-01-15,0.9826864810272687
Newcastle United,2023-01-21,0.9877362573943154
Newcastle United,2023-02-04,0.944604731679169
Newcastle United,2023-02-11,0.8612233121754184
Newcastle United,2023-02-18,0.8401615695326025
Newcastle United,2023-03-04,0.8453548759376803
Newcastle United,2023-03-12,0.8774588372431881
Newcastle United,2023-03-17,0.8550196706979455
Newcastle United,2023-04-02,0.7522949147603089
Newcastle United,2023-04-05,0.9125619352958321
Newcastle United,2023-04-08,0.9124162051879918
Newcastle United,2023-04-15,0.8880792771786651
Newcastle United,2023-04-23,0.9189858662392539
Newcastle United,2023-04-27,0.9453181359111239
Newcastle United,2023-04-30,0.9568604818929447
Newcastle United,2023-05-07,0.8824123503102006
Newcastle United,2023-05-13,0.9343718448002308
Newcastle United,2023-05-18,0.8766767633059281
Newcastle United,2023-05-22,0.91706332035194
Newcastle United,2023-05-28,0.8112745098039216
Newcastle United,2023-08-12,0.7194348327566321
Newcastle United,2023-08-19,0.8869665513264129
Newcastle United,2023-08-27,0.884532218538273
Newcastle United,2023-09-02,0.9191059841384283
Newcastle United,2023-09-16,0.8510454217736121
Newcastle United,2023-09-24,0.7573179524152848
Newcastle United,2023-09-30,0.9004472659067956
Newcastle United,2023-10-08,0.8073871014283653
Newcastle United,2023-10-21,0.7834992066926294
Newcastle United,2023-10-28,0.9124477138323958
Newcastle United,2023-11-04,0.7615750757247944
Newcastle United,2023-11-11,0.8194143949228329
Newcastle United,2023-11-25,0.6141641425068513
Newcastle United,2023-12-02,0.673925584078454
Newcastle United,2023-12-07,0.7406286043829297
Newcastle United,2023-12-10,0.6889689978370584
Newcastle United,2023-12-16,0.8461649365628604
Newcastle United,2023-12-23,0.7719146482122261
Newcastle United,2023-12-26,0.8148788927335641
Newcastle United,2024-01-01,0.8362168396770473
Newcastle United,2024-01-13,0.844844989185292
Newcastle United,2024-01-30,0.7524881003894418
Newcastle United,2024-02-03,0.8635314483554529
Newcastle United,2024-02-10,0.8508151781849661
Newcastle United,2024-02-17,0.8763526186697447
Newcastle United,2024-02-24,0.8844489324870167
Newcastle United,2024-03-02,0.8661667147389674
Newcastle United,2024-03-11,0.9498125180271128
Newcastle United,2024-03-30,0.854506128334535
Newcastle United,2024-04-02,0.7394376351838501
Newcastle United,2024-04-06,0.5954715892702624
Newcastle United,2024-04-13,0.7304586097490626
Newcastle United,2024-04-24,0.7914924297043979
Newcastle United,2024-04-27,0.8027397260273973
Newcastle United,2024-05-04,0.9035606169814041
Newcastle United,2024-05-11,0.865916955017301
Newcastle United,2024-05-15,0.8868223760092272
Newcastle United,2024-05-19,0.9282110422372783
Newcastle United,2024-08-17,0.7700735188121667
Newcastle United,2024-08-25,0.8137254901960784
Newcastle United,2024-09-01,0.8207217694994179
Newcastle United,2024-09-15,0.8457059679767104
Newcastle United,2024-09-21,0.8201135205938
Newcastle United,2024-09-28,0.7880948915732789
Newcastle United,2024-10-05,0.7898107714701601
Newcastle United,2024-10-19,0.8457059679767104
Newcastle United,2024-10-27,0.8943077594991993
Newcastle United,2024-11-02,0.8444893248701674
Newcastle United,2024-11-10,0.875937680323139
Newcastle United,2024-11-25,0.88733410271206
Newcastle United,2024-11-30,0.8931198615318044
Newcastle United,2024-12-04,0.9108610990913024
Newcastle United,2024-12-07,0.9606231068801385
Newcastle United,2024-12-14,0.9425933939131689
Newcastle United,2024-12-21,0.8755049047893826
Newcastle United,2024-12-26,0.8149163300634737
Newcastle United,2024-12-30,0.7838695714904054
Newcastle United,2025-01-04,0.8876226197345644
Newcastle United,2025-01-15,0.8264570109636469
Newcastle United,2025-01-18,0.8482619356699841
Newcastle United,2025-01-25,0.9332179431703447
Newcastle United,2025-02-01,0.9186616671473897
Newcastle United,2025-02-15,0.9492429704397981
Newcastle United,2025-02-23,0.8708002883922135
Newcastle United,2025-02-26,0.7724257282953562
Newcastle United,2025-03-10,0.7401211421978656
Newcastle United,2025-04-02,0.7087840761575076
Newcastle United,2025-04-07,0.7847973460262513
Newcastle United,2025-04-13,0.7970575508437906
Newcastle United,2025-04-16,0.8808424697057127
Newcastle United,2025-04-19,0.915464512406232
Newcastle United,2025-04-26,0.9404126388688501
Newcastle United,2025-05-04,0.9029000144279324
Newcastle United,2025-05-11,0.909825422017025
Newcastle United,2025-05-18,0.8230203375162267
Newcastle United,2025-05-25,0.7960773002595904
Newcastle United,2025-08-16,0.9353908278050187
Newcastle United,2025-08-25,0.8302567060859533
Newcastle United,2025-08-30,0.7904830569574621
Newcastle United,2025-09-13,0.8150943396226416
Newcastle United,2025-09-21,0.848766328011611
Newcastle United,2025-09-28,0.6327478589055016
Newcastle United,2025-10-05,0.8167562073471758
Newcastle United,2025-10-18,0.7806329849012776
Newcastle United,2025-10-25,0.8378809869375907
Newcastle United,2025-11-02,0.8904049934678473
Newcastle United,2025-11-09,0.8185751370060571
Newcastle United,2025-11-22,0.867176233054514
Newcastle United,2025-11-29,0.7378921497759144
Newcastle United,2025-12-02,0.7007373138643921
Newcastle United,2025-12-06,0.7713542419424773
Newcastle United,2025-12-14,0.7234749927724776
Newcastle United,2025-12-20,0.774533892180951
Newcastle United,2025-12-26,0.724960254372019
Newcastle United,2025-12-30,0.7908657320422027
Newcastle United,2026-01-04,0.7759192501802451
Newcastle United,2026-01-07,0.8434256055363322
Newcastle United,2026-01-18,0.8635511322659744
Newcastle United,2026-01-25,0.7133583381419504
Newcastle United,2026-01-31,0.7294762660510749
Newcastle United,2026-02-07,0.6470927716058289
Newcastle United,2026-02-10,0.7192324339922089
Newcastle United,2026-02-21,0.7893521858317704
Newcastle United,2026-02-28,0.7623719520992642
Newcastle United,2026-03-04,0.8427355359976916
Newcastle United,2026-03-14,0.7877651132592699
Newcastle United,2026-03-22,0.6840423987222303
Newcastle United,2026-04-12,0.8412951938434732
Newcastle United,2026-04-18,0.7258603165384057
Newcastle United,2026-04-25,0.7646973435912324
Newcastle United,2026-05-02,0.6247096399535423
Newcastle United,2026-05-10,0.7209639953542393
Newcastle United,2026-05-17,0.716504572506895
Newcastle United,2026-05-24,0.7655033169887511
Norwich City,2012-10-06,0.8414141414141414
Norwich City,2012-10-20,0.7597643097643098
Norwich City,2012-10-27,0.7359307359307359
Norwich City,2012-11-03,0.768465089440277
Norwich City,2012-11-10,0.7543277553375649
Norwich City,2012-11-17,0.7559145989613387
Norwich City,2012-11-24,0.8586266589728794
Norwich City,2012-11-28,0.7836434443963652
Norwich City,2012-12-02,0.8019616327708063
Norwich City,2012-12-08,0.8322757427170464
Norwich City,2012-12-15,0.7357184073860358
Norwich City,2012-12-22,0.8887927304197317
Norwich City,2012-12-26,0.8334534967555876
Norwich City,2012-12-29,0.8493150684931506
Norwich City,2013-01-01,0.7982405537929045
Norwich City,2013-01-12,0.6733487164695703
Norwich City,2013-01-19,0.8524448290783211
Norwich City,2013-01-30,0.8191259195153613
Norwich City,2013-02-02,0.8837276399307559
Norwich City,2013-02-09,0.8767676767676768
Norwich City,2013-02-23,0.7936507936507936
Norwich City,2013-03-02,0.8121212121212121
Norwich City,2013-03-09,0.8702741702741703
Norwich City,2013-03-17,0.8760640600201991
Norwich City,2013-03-30,0.8728899148751984
Norwich City,2013-04-06,0.8774559743850968
Norwich City,2013-04-13,0.9499345073497307
Norwich City,2013-04-20,0.708193858244797
Norwich City,2013-04-27,0.8814027939464494
Norwich City,2013-05-04,0.8010768335273574
Norwich City,2013-05-12,0.8401979333430359
Norwich City,2013-05-19,0.7465075669383003
Norwich City,2013-08-17,0.7197057126370456
Norwich City,2013-08-24,0.5326698398961488
Norwich City,2013-08-31,0.6278667243617482
Norwich City,2013-09-14,0.5653491055972303
Norwich City,2013-09-21,0.70600115406809
Norwich City,2013-09-29,0.7188401615695326
Norwich City,2013-10-06,0.6618092627326504
Norwich City,2013-10-19,0.6818640888760641
Norwich City,2013-10-26,0.6841269841269841
Norwich City,2013-11-02,0.8548340548340548
Norwich City,2013-11-09,0.6962481962481962
Norwich City,2013-11-23,0.7744588744588745
Norwich City,2013-11-30,0.7601731601731602
Norwich City,2013-12-04,0.6962481962481962
Norwich City,2013-12-07,0.7635261866974462
Norwich City,2013-12-15,0.8169095368633674
Norwich City,2013-12-21,0.7749891821722198
Norwich City,2013-12-26,0.7296985431991923
Norwich City,2013-12-28,0.795615173806433
Norwich City,2014-01-01,0.8049906245492572
Norwich City,2014-01-11,0.927159959613443
Norwich City,2014-01-18,0.7824956672443674
Norwich City,2014-01-28,0.6705661467359908
Norwich City,2014-02-01,0.8240392950014447
Norwich City,2014-02-08,0.8623083598495805
Norwich City,2014-02-11,0.7370552502169511
Norwich City,2014-02-23,0.8393347794649313
Norwich City,2014-03-02,0.8303687635574837
Norwich City,2014-03-08,0.7719196879965333
Norwich City,2014-03-15,0.837353748374982
Norwich City,2014-03-22,0.7297414415715731
Norwich City,2014-03-29,0.8788053671908815
Norwich City,2014-04-05,0.7639590246717646
Norwich City,2014-04-12,0.8025974025974026
Norwich City,2014-04-20,0.6588744588744588
Norwich City,2014-04-26,0.6434343434343435
Norwich City,2014-05-04,0.8053391053391054
Norwich City,2014-05-11,0.7451659451659451
Norwich City,2015-08-08,0.7653679653679654
Norwich City,2015-08-15,0.574025974025974
Norwich City,2015-08-22,0.6053391053391053
Norwich City,2015-08-30,0.6593073593073593
Norwich City,2015-09-12,0.7414141414141414
Norwich City,2015-09-20,0.6921397379912664
Norwich City,2015-09-26,0.7417758369723435
Norwich City,2015-10-03,0.8451237263464337
Norwich City,2015-10-18,0.9224163027656478
Norwich City,2015-10-24,0.9292576419213974
Norwich City,2015-10-31,0.8005822416302766
Norwich City,2015-11-07,0.7703056768558952
Norwich City,2015-11-21,0.6895207852193995
Norwich City,2015-11-29,0.7374801558666474
Norwich City,2015-12-05,0.7239139847019772
Norwich City,2015-12-12,0.6820609034492712
Norwich City,2015-12-19,0.757396449704142
Norwich City,2015-12-26,0.8040121229614663
Norwich City,2015-12-28,0.7448405253283302
Norwich City,2016-01-02,0.7675660077910835
Norwich City,2016-01-13,0.8415584415584415
Norwich City,2016-01-16,0.8142857142857143
Norwich City,2016-01-23,0.8617377383204774
Norwich City,2016-02-02,0.7292970455537767
Norwich City,2016-02-06,0.547081938582448
Norwich City,2016-02-13,0.708193858244797
Norwich City,2016-02-27,0.6876728278270994
Norwich City,2016-03-01,0.6432833648668316
Norwich City,2016-03-05,0.6899461661574277
Norwich City,2016-03-12,0.749134448932487
Norwich City,2016-03-19,0.6547893825735719
Norwich City,2016-04-02,0.698066935949221
Norwich City,2016-04-09,0.7537862397230636
Norwich City,2016-04-16,0.7552286167604212
Norwich City,2016-04-30,0.7584018462426079
Norwich City,2016-05-07,0.7798297503967682
Norwich City,2016-05-11,0.7385658635117588
Norwich City,2016-05-15,0.7123070264031164
Norwich City,2019-08-09,0.763093348723128
Norwich City,2019-08-17,0.0
Norwich City,2019-08-24,0.12597402597402596
Norwich City,2019-08-31,0.2813446833068821
Norwich City,2019-09-14,0.38277304862213246
Norwich City,2019-09-21,0.3807531380753138
Norwich City,2019-09-28,0.5644207185110374
Norwich City,2019-10-05,0.6399307559145989
Norwich City,2019-10-19,0.7810155799192152
Norwich City,2019-10-27,0.8227062896710906
Norwich City,2019-11-02,0.9083958453548759
Norwich City,2019-11-08,0.7807270628967109
Norwich City,2019-11-23,0.8040969417195615
Norwich City,2019-12-01,0.7563473744950953
Norwich City,2019-12-04,0.7269186381996537
Norwich City,2019-12-08,0.8814195037507213
Norwich City,2019-12-14,0.8325158684362377
Norwich City,2019-12-21,0.9154523156831627
Norwich City,2019-12-26,0.8289094056549337
Norwich City,2019-12-28,0.88199653779573
Norwich City,2020-01-01,0.8250144258511252
Norwich City,2020-01-11,0.8539893233299668
Norwich City,2020-01-18,0.8046739757645701
Norwich City,2020-01-22,0.8365551067512983
Norwich City,2020-02-01,0.7850845497904322
Norwich City,2020-02-15,0.92065327359445
Norwich City,2020-02-23,0.8916028327793034
Norwich City,2020-02-28,0.771209712386183
Norwich City,2020-03-07,0.8102326925856338
Norwich City,2020-06-19,0.81945649031512
Norwich City,2020-06-24,0.6896501879155825
Norwich City,2020-07-01,0.8427355359976916
Norwich City,2020-07-04,0.7948051948051948
Norwich City,2020-07-07,0.8673881673881674
Norwich City,2020-07-11,0.8059163059163059
Norwich City,2020-07-14,0.8613275613275613
Norwich City,2020-07-18,0.9004329004329005
Norwich City,2020-07-26,0.8867243867243867
Norwich City,2021-08-14,0.7160005855658029
Norwich City,2021-08-21,0.3428947753548954
Norwich City,2021-08-28,0.47080345382701594
Norwich City,2021-09-11,0.554222157178399
Norwich City,2021-09-18,0.5703205034391922
Norwich City,2021-09-25,0.5769061905458803
Norwich City,2021-10-02,0.649056051514708
Norwich City,2021-10-16,0.7299480669359493
Norwich City,2021-10-23,0.8081084980522291
Norwich City,2021-10-31,0.8718984420080784
Norwich City,2021-11-06,0.718546402200666
Norwich City,2021-11-20,0.780657304184161
Norwich City,2021-11-27,0.7795309785755645
Norwich City,2021-11-30,0.8070632508322478
Norwich City,2021-12-05,0.746996671008829
Norwich City,2021-12-11,0.7656340474811812
Norwich City,2021-12-14,0.6467351961777906
Norwich City,2021-12-26,0.6488747836122332
Norwich City,2021-12-28,0.6602712060011541
Norwich City,2022-01-12,0.5309479151637571
Norwich City,2022-01-15,0.6645021645021645
Norwich City,2022-01-21,0.6493506493506493
Norwich City,2022-02-09,0.7441558441558441
Norwich City,2022-02-12,0.7177896407444813
Norwich City,2022-02-19,0.740874332708123
Norwich City,2022-02-25,0.8118597604963209
Norwich City,2022-03-05,0.8039243976338191
Norwich City,2022-03-10,0.8369643630067811
Norwich City,2022-03-13,0.7037945462415236
Norwich City,2022-04-02,0.7791083537729043
Norwich City,2022-04-10,0.6414141414141414
Norwich City,2022-04-16,0.720386668590391
Norwich City,2022-04-23,0.7460683883999423
Norwich City,2022-04-30,0.7254364449574376
Norwich City,2022-05-08,0.7486654162458519
Norwich City,2022-05-11,0.6641177319290146
Norwich City,2022-05-15,0.5896020911995353
Norwich City,2022-05-22,0.7432174805689984
Nottingham Forest,2022-09-16,0.7315693799232478
Nottingham Forest,2022-10-03,0.8279750883689615
Nottingham Forest,2022-10-10,0.7944019621988169
Nottingham Forest,2022-10-15,0.7241379310344828
Nottingham Forest,2022-10-18,0.8182342758222735
Nottingham Forest,2022-10-22,0.8646855164454703
Nottingham Forest,2022-10-30,0.8939546962920214
Nottingham Forest,2022-11-05,0.9381041696724859
Nottingham Forest,2022-11-12,0.8962631654883855
Nottingham Forest,2022-12-27,0.7021061742642816
Nottingham Forest,2023-01-01,0.5943450663589152
Nottingham Forest,2023-01-04,0.6853267926706103
Nottingham Forest,2023-01-14,0.7537151926128985
Nottingham Forest,2023-01-21,0.7377001875631222
Nottingham Forest,2023-02-05,0.7388544221613043
Nottingham Forest,2023-02-11,0.6185254653008224
Nottingham Forest,2023-02-18,0.7085557639590246
Nottingham Forest,2023-02-25,0.6928293175587938
Nottingham Forest,2023-03-05,0.6175155100274131
Nottingham Forest,2023-03-11,0.7385658635117588
Nottingham Forest,2023-03-17,0.8173423748376858
Nottingham Forest,2023-04-01,0.7114413504544799
Nottingham Forest,2023-04-04,0.6885458742065782
Nottingham Forest,2023-04-08,0.699321887173568
Nottingham Forest,2023-04-16,0.7602077622276727
Nottingham Forest,2023-04-22,0.7098542778819795
Nottingham Forest,2023-04-26,0.8187851680854134
Nottingham Forest,2023-04-29,0.8112826431972299
Nottingham Forest,2023-05-08,0.7482325782715337
Nottingham Forest,2023-05-13,0.8083694083694084
Nottingham Forest,2023-05-20,0.8373737373737373
Nottingham Forest,2023-05-28,0.8663973452604242
Nottingham Forest,2023-08-12,0.6598384304673975
Nottingham Forest,2023-08-18,0.6389209463358339
Nottingham Forest,2023-08-26,0.7588693394865879
Nottingham Forest,2023-09-02,0.7107843137254902
Nottingham Forest,2023-09-18,0.7189353392159699
Nottingham Forest,2023-09-23,0.5579343266309851
Nottingham Forest,2023-10-01,0.5866608796296297
Nottingham Forest,2023-10-07,0.5905078859788743
Nottingham Forest,2023-10-21,0.6152392031409044
Nottingham Forest,2023-10-29,0.7226181818181818
Nottingham Forest,2023-11-05,0.7763713080168776
Nottingham Forest,2023-11-12,0.6618329466357309
Nottingham Forest,2023-11-25,0.8101798143851509
Nottingham Forest,2023-12-02,0.6576772509786863
Nottingham Forest,2023-12-06,0.6952739924615831
Nottingham Forest,2023-12-09,0.8286208886324293
Nottingham Forest,2023-12-15,0.6511829197922677
Nottingham Forest,2023-12-23,0.6852279284477785
Nottingham Forest,2023-12-26,0.7791402192729371
Nottingham Forest,2023-12-30,0.6755024759685406
Nottingham Forest,2024-01-20,0.8652978010776176
Nottingham Forest,2024-01-30,0.505825808330906
Nottingham Forest,2024-02-04,0.7818234780075736
Nottingham Forest,2024-02-10,0.5866588989222254
Nottingham Forest,2024-02-17,0.6286588029707296
Nottingham Forest,2024-02-24,0.6764234745886122
Nottingham Forest,2024-03-02,0.7421401788289588
Nottingham Forest,2024-03-10,0.7375937680323139
Nottingham Forest,2024-03-16,0.8201096364685516
Nottingham Forest,2024-03-30,0.7272071552221581
Nottingham Forest,2024-04-02,0.7208597807270629
Nottingham Forest,2024-04-07,0.8441783292454191
Nottingham Forest,2024-04-13,0.856297792526331
Nottingham Forest,2024-04-21,0.7919191919191919
Nottingham Forest,2024-04-28,0.8339105339105339
Nottingham Forest,2024-05-04,0.882972582972583
Nottingham Forest,2024-05-11,0.7802308802308803
Nottingham Forest,2024-05-19,0.8192440854010387
Nottingham Forest,2024-08-17,0.758799769186382
Nottingham Forest,2024-08-24,0.8537218695903058
Nottingham Forest,2024-08-31,0.7751009809578765
Nottingham Forest,2024-09-14,0.7304586097490626
Nottingham Forest,2024-09-22,0.7403402537485583
Nottingham Forest,2024-09-28,0.7750865051903114
Nottingham Forest,2024-10-06,0.747509744478129
Nottingham Forest,2024-10-21,0.8705067128627111
Nottingham Forest,2024-10-25,0.833116413593637
Nottingham Forest,2024-11-02,0.8795372378886479
Nottingham Forest,2024-11-10,0.913207001301895
Nottingham Forest,2024-11-23,0.9761250180871075
Nottingham Forest,2024-11-30,0.8946606858631168
Nottingham Forest,2024-12-04,0.9447817288233593
Nottingham Forest,2024-12-07,0.8742411101474414
Nottingham Forest,2024-12-14,0.8978354978354979
Nottingham Forest,2024-12-21,0.893521858317703
Nottingham Forest,2024-12-26,0.9222446624350836
Nottingham Forest,2024-12-29,0.905826362849726
Nottingham Forest,2025-01-06,0.7339198154023652
Nottingham Forest,2025-01-14,0.963513123738102
Nottingham Forest,2025-01-19,0.976059994231324
Nottingham Forest,2025-01-25,0.9927922733169958
Nottingham Forest,2025-02-01,0.9240196078431373
Nottingham Forest,2025-02-15,0.8856524873828406
Nottingham Forest,2025-02-23,0.88749459108611
Nottingham Forest,2025-02-26,0.8786960911582288
Nottingham Forest,2025-03-08,0.9267272465022357
Nottingham Forest,2025-03-15,0.9476417135439203
Nottingham Forest,2025-04-01,0.9831168831168832
Nottingham Forest,2025-04-05,0.8427128427128427
Nottingham Forest,2025-04-12,0.7815295815295815
Nottingham Forest,2025-04-21,0.8510822510822511
Nottingham Forest,2025-05-01,0.8997113997113997
Nottingham Forest,2025-05-05,0.9180493435290723
Nottingham Forest,2025-05-11,0.8499495022363295
Nottingham Forest,2025-05-18,0.8046457942576829
Nottingham Forest,2025-05-25,0.9376803231390652
Nottingham Forest,2025-08-17,0.9160657629074127
Nottingham Forest,2025-08-24,0.7868474185174502
Nottingham Forest,2025-08-31,0.8100663397750216
Nottingham Forest,2025-09-13,0.8338381652964085
Nottingham Forest,2025-09-20,0.8012404442521275
Nottingham Forest,2025-09-27,0.7477282561661618
Nottingham Forest,2025-10-05,0.7393248701673398
Nottingham Forest,2025-10-18,0.735968835665849
Nottingham Forest,2025-10-26,0.7948348001731352
Nottingham Forest,2025-11-01,0.6996104458231136
Nottingham Forest,2025-11-09,0.7518395613908527
Nottingham Forest,2025-11-22,0.7903923831506059
Nottingham Forest,2025-11-30,0.7866416618580496
Nottingham Forest,2025-12-03,0.8286208886324293
Nottingham Forest,2025-12-06,0.8619246861924686
Nottingham Forest,2025-12-14,0.8860357761107905
Nottingham Forest,2025-12-22,0.7881979512335883
Nottingham Forest,2025-12-27,0.729803808424697
Nottingham Forest,2025-12-30,0.7488459319099827
Nottingham Forest,2026-01-03,0.7175825760853887
Nottingham Forest,2026-01-06,0.7966248377325833
Nottingham Forest,2026-01-17,0.7726813789124477
Nottingham Forest,2026-01-25,0.8026543566070398
Nottingham Forest,2026-02-01,0.8360017308524448
Nottingham Forest,2026-02-06,0.7918349682631275
Nottingham Forest,2026-02-11,0.66511762997386
Nottingham Forest,2026-02-22,0.6989106753812636
Nottingham Forest,2026-03-01,0.8704429920116195
Nottingham Forest,2026-03-04,0.831397037467325
Nottingham Forest,2026-03-15,0.8559395875689806
Nottingham Forest,2026-03-22,0.8617886178861789
Nottingham Forest,2026-04-12,0.8622241579558653
Nottingham Forest,2026-04-19,0.8663302090843548
Nottingham Forest,2026-04-24,0.8679163662581111
Nottingham Forest,2026-05-04,0.8220620043258832
Nottingham Forest,2026-05-10,0.7017594462070955
Nottingham Forest,2026-05-17,0.6673878551853455
Nottingham Forest,2026-05-24,0.8148896263165488
QPR,2012-10-06,0.6630303030303031
QPR,2012-10-21,0.6549105636179547
QPR,2012-10-27,0.6902834008097166
QPR,2012-11-04,0.6873915558126085
QPR,2012-11-10,0.6727483347813495
QPR,2012-11-17,0.7206776715899218
QPR,2012-11-24,0.7290761656530553
QPR,2012-11-27,0.7263249348392702
QPR,2012-12-01,0.7687861271676301
QPR,2012-12-08,0.7258670520231214
QPR,2012-12-15,0.7579479768786127
QPR,2012-12-22,0.6324675324675325
QPR,2012-12-26,0.7147597749242534
QPR,2012-12-30,0.7108642331553888
QPR,2013-01-02,0.7785312364738133
QPR,2013-01-12,0.6504111960756024
QPR,2013-01-19,0.6591663060724073
QPR,2013-01-29,0.769508149430261
QPR,2013-02-02,0.7058993220827925
QPR,2013-02-09,0.6518603980386501
QPR,2013-02-23,0.7421401788289588
QPR,2013-03-02,0.6247476204211133
QPR,2013-03-09,0.5513412171906548
QPR,2013-03-16,0.5639065204847086
QPR,2013-04-01,0.731534910559723
QPR,2013-04-07,0.7927005193306406
QPR,2013-04-13,0.8447330447330448
QPR,2013-04-20,0.7144731088762571
QPR,2013-04-28,0.6445124617402711
QPR,2013-05-04,0.6612738667832677
QPR,2013-05-12,0.6646261477918671
QPR,2013-05-19,0.769746429612358
QPR,2014-08-16,0.6636549111046343
QPR,2014-08-24,0.3006412124744972
QPR,2014-08-30,0.40657913720963784
QPR,2014-09-14,0.48073871014283653
QPR,2014-09-20,0.4428736295441431
QPR,2014-09-27,0.5542412002308136
QPR,2014-10-05,0.6204010965228682
QPR,2014-10-19,0.6310777665560525
QPR,2014-10-27,0.5652863944596739
QPR,2014-11-01,0.7186553166931179
QPR,2014-11-08,0.7406231967686093
QPR,2014-11-22,0.7228394171115279
QPR,2014-11-29,0.7290434280767566
QPR,2014-12-02,0.7576107343817631
QPR,2014-12-06,0.7544720138488171
QPR,2014-12-15,0.8651182919792267
QPR,2014-12-20,0.6817459170400347
QPR,2014-12-26,0.8746747614917606
QPR,2014-12-28,0.7294015611448396
QPR,2015-01-01,0.7447239086441167
QPR,2015-01-10,0.7729112460248627
QPR,2015-01-17,0.7870464074020529
QPR,2015-01-31,0.8732109295937546
QPR,2015-02-07,0.8526695526695527
QPR,2015-02-10,0.7845598845598846
QPR,2015-02-21,0.5675324675324676
QPR,2015-03-04,0.552958152958153
QPR,2015-03-07,0.6477008149010477
QPR,2015-03-14,0.610302677532014
QPR,2015-03-22,0.6350938454823222
QPR,2015-04-04,0.7442164993452641
QPR,2015-04-07,0.802124254328532
QPR,2015-04-12,0.7580387021679034
QPR,2015-04-25,0.8109995635093845
QPR,2015-05-02,0.8176572417772648
QPR,2015-05-10,0.848528563185228
QPR,2015-05-16,0.7420193557706197
QPR,2015-05-24,0.776830853676152
Reading,2012-10-20,0.541010101010101
Reading,2012-10-27,0.7390572390572391
Reading,2012-11-04,0.6930735930735931
Reading,2012-11-10,0.6443001443001443
Reading,2012-11-17,0.6875901875901876
Reading,2012-11-24,0.5901875901875901
Reading,2012-11-27,0.6884559884559884
Reading,2012-12-01,0.6923520923520924
Reading,2012-12-08,0.7832611832611832
Reading,2012-12-11,0.8177489177489178
Reading,2012-12-17,0.6331890331890332
Reading,2012-12-22,0.7968253968253968
Reading,2012-12-26,0.5783549783549784
Reading,2012-12-29,0.6004329004329004
Reading,2013-01-01,0.6318903318903318
Reading,2013-01-12,0.7564213564213564
Reading,2013-01-19,0.6881673881673882
Reading,2013-01-30,0.7264069264069264
Reading,2013-02-02,0.8346320346320346
Reading,2013-02-09,0.765079365079365
Reading,2013-02-23,0.8090909090909091
Reading,2013-03-02,0.7923520923520924
Reading,2013-03-09,0.662799129804206
Reading,2013-03-16,0.7118201595358956
Reading,2013-03-30,0.6437998549673677
Reading,2013-04-06,0.7366207396664249
Reading,2013-04-13,0.6803480783176215
Reading,2013-04-20,0.5514140681653372
Reading,2013-04-28,0.5238578680203045
Reading,2013-05-04,0.7161616161616161
Reading,2013-05-14,0.7712842712842712
Reading,2013-05-19,0.832034632034632
Sheffield United,2019-09-28,0.8703741152679474
Sheffield United,2019-10-05,0.885256950294861
Sheffield United,2019-10-21,0.9090252707581228
Sheffield United,2019-10-26,0.9329963898916968
Sheffield United,2019-11-02,0.9062815884476534
Sheffield United,2019-11-09,0.9322743682310469
Sheffield United,2019-11-24,0.9249097472924188
Sheffield United,2019-12-01,0.8137353917183667
Sheffield United,2019-12-05,0.9510893089020344
Sheffield United,2019-12-08,0.9510963646855164
Sheffield United,2019-12-14,0.9437391806116561
Sheffield United,2019-12-21,0.9369590305828044
Sheffield United,2019-12-26,0.8615318044136737
Sheffield United,2019-12-29,0.9366796480600029
Sheffield United,2020-01-02,0.8677149451817657
Sheffield United,2020-01-10,0.9718695903058281
Sheffield United,2020-01-18,0.9725869282931756
Sheffield United,2020-01-21,0.9132881258115711
Sheffield United,2020-02-01,0.9252633097677103
Sheffield United,2020-02-09,0.9002886002886002
Sheffield United,2020-02-22,0.9219448852979368
Sheffield United,2020-03-07,0.9132881258115711
Sheffield United,2020-06-17,0.9445967392872602
Sheffield United,2020-06-21,0.7862088863242931
Sheffield United,2020-06-24,0.8648297749567224
Sheffield United,2020-07-02,0.6571387115496228
Sheffield United,2020-07-05,0.7209808473592572
Sheffield United,2020-07-08,0.8504062681369704
Sheffield United,2020-07-11,0.7717643644805572
Sheffield United,2020-07-16,0.8260301799187464
Sheffield United,2020-07-20,0.8930489043680162
Sheffield United,2020-07-26,0.8884051661587578
Sheffield United,2020-09-14,0.7512624440917617
Sheffield United,2020-09-21,0.7675660077910835
Sheffield United,2020-09-27,0.7481962481962482
Sheffield United,2020-10-04,0.696584938704028
Sheffield United,2020-10-18,0.7841506129597198
Sheffield United,2020-10-24,0.74620548744892
Sheffield United,2020-10-31,0.7555458260361938
Sheffield United,2020-11-07,0.7965557501459428
Sheffield United,2020-11-22,0.8102743724460012
Sheffield United,2020-11-28,0.8003502626970228
Sheffield United,2020-12-06,0.7226551226551227
Sheffield United,2020-12-13,0.8193362193362194
Sheffield United,2020-12-17,0.7411255411255411
Sheffield United,2020-12-20,0.7272727272727273
Sheffield United,2020-12-26,0.7066378066378066
Sheffield United,2020-12-29,0.7261627906976744
Sheffield United,2021-01-02,0.7828488372093023
Sheffield United,2021-01-12,0.6382267441860465
Sheffield United,2021-01-17,0.6940320232896652
Sheffield United,2021-01-27,0.7570950371125018
Sheffield United,2021-01-30,0.6959685635278707
Sheffield United,2021-02-02,0.8017755785184107
Sheffield United,2021-02-07,0.7851466551076434
Sheffield United,2021-02-15,0.7510475364831671
Sheffield United,2021-02-20,0.7613061696286664
Sheffield United,2021-02-28,0.8154667436156399
Sheffield United,2021-03-03,0.7494949494949495
Sheffield United,2021-03-06,0.745021645021645
Sheffield United,2021-03-14,0.7917935334203277
Sheffield United,2021-04-03,0.7039292445991011
Sheffield United,2021-04-11,0.8081774684645499
Sheffield United,2021-04-17,0.7759895606785558
Sheffield United,2021-04-24,0.7704799188052777
Sheffield United,2021-05-02,0.8090474119182253
Sheffield United,2021-05-08,0.7377120487168334
Sheffield United,2021-05-16,0.792063492063492
Sheffield United,2021-05-19,0.6911976911976911
Sheffield United,2021-05-23,0.7372294372294372
Sheffield United,2023-08-12,0.835233011109508
Sheffield United,2023-08-18,0.43803203001009955
Sheffield United,2023-08-27,0.45173856586351174
Sheffield United,2023-09-02,0.6189583032751407
Sheffield United,2023-09-16,0.5737988746212668
Sheffield United,2023-09-24,0.4627037945462415
Sheffield United,2023-09-30,0.653008223921512
Sheffield United,2023-10-07,0.6405483405483405
Sheffield United,2023-10-21,0.7489177489177489
Sheffield United,2023-10-28,0.7202020202020202
Sheffield United,2023-11-04,0.7215007215007215
Sheffield United,2023-11-12,0.7681096681096681
Sheffield United,2023-11-25,0.8089741740008657
Sheffield United,2023-12-02,0.9101269474899019
Sheffield United,2023-12-06,0.845931909982689
Sheffield United,2023-12-09,0.7862639756062146
Sheffield United,2023-12-16,0.7268767242631043
Sheffield United,2023-12-22,0.754900537244083
Sheffield United,2023-12-26,0.8318571221141281
Sheffield United,2023-12-30,0.8518948744010455
Sheffield United,2024-01-21,0.6874818472262562
Sheffield United,2024-01-30,0.8516044721939887
Sheffield United,2024-02-03,0.8779572994806694
Sheffield United,2024-02-10,0.7927005193306406
Sheffield United,2024-02-18,0.6547893825735719
Sheffield United,2024-02-25,0.76933064050779
Sheffield United,2024-03-04,0.6852932594105632
Sheffield United,2024-03-09,0.753574555004377
Sheffield United,2024-03-30,0.786225010944112
Sheffield United,2024-04-04,0.7787830147380709
Sheffield United,2024-04-07,0.8279836591771228
Sheffield United,2024-04-13,0.8361540706156989
Sheffield United,2024-04-20,0.7272064186725018
Sheffield United,2024-04-24,0.79503822299149
Sheffield United,2024-04-27,0.7324390595701716
Sheffield United,2024-05-04,0.789124477138324
Sheffield United,2024-05-11,0.7866724361748161
Sheffield United,2024-05-19,0.6279572994806694
Southampton,2012-10-07,0.5858585858585859
Southampton,2012-10-20,0.7399427705773439
Southampton,2012-10-28,0.7765113259269947
Southampton,2012-11-05,0.7651132592699467
Southampton,2012-11-10,0.7767998845765401
Southampton,2012-11-17,0.7019189150194777
Southampton,2012-11-25,0.8730341941999712
Southampton,2012-11-28,0.8674264281592614
Southampton,2012-12-01,0.8166474321984997
Southampton,2012-12-08,0.9037795729948067
Southampton,2012-12-22,0.8390075014425851
Southampton,2012-12-26,0.7947201384881708
Southampton,2012-12-29,0.8457876514714369
Southampton,2013-01-01,0.6821001009663926
Southampton,2013-01-12,0.7628390075014426
Southampton,2013-01-16,0.7599192035781273
Southampton,2013-01-21,0.8180637714615495
Southampton,2013-01-30,0.8603376136199683
Southampton,2013-02-02,0.8420141393738277
Southampton,2013-02-09,0.8698600490549704
Southampton,2013-02-24,0.7855699855699856
Southampton,2013-03-02,0.9427128427128427
Southampton,2013-03-09,0.834920634920635
Southampton,2013-03-16,0.8261183261183261
Southampton,2013-03-30,0.9016015005049777
Southampton,2013-04-06,0.8561535132015582
Southampton,2013-04-13,0.8776511325926994
Southampton,2013-04-20,0.8777954119174722
Southampton,2013-04-27,0.8819795123358822
Southampton,2013-05-04,0.8990044726590679
Southampton,2013-05-12,0.7204114153266695
Southampton,2013-05-19,0.8230947551434367
Southampton,2013-08-17,0.7736887858591712
Southampton,2013-08-24,0.6851637206606781
Southampton,2013-08-31,0.6569607417065044
Southampton,2013-09-15,0.6830363610024627
Southampton,2013-09-21,0.7619875416485586
Southampton,2013-09-28,0.8625018034915597
Southampton,2013-10-06,0.8772182946183812
Southampton,2013-10-19,0.8360986870581446
Southampton,2013-10-26,0.9223777232722551
Southampton,2013-11-02,0.8223665223665224
Southampton,2013-11-09,0.8461982397922377
Southampton,2013-11-23,0.9785023806088587
Southampton,2013-12-01,0.8883278026258837
Southampton,2013-12-04,0.9663829173279469
Southampton,2013-12-07,0.7941134035492714
Southampton,2013-12-14,0.6574808829894676
Southampton,2013-12-22,0.6977784189267167
Southampton,2013-12-26,0.6255049047893826
Southampton,2013-12-29,0.7031159838430467
Southampton,2014-01-01,0.7020049040819271
Southampton,2014-01-11,0.7983556901774124
Southampton,2014-01-18,0.7337371989037934
Southampton,2014-01-28,0.8443899625036054
Southampton,2014-02-01,0.6858502812635223
Southampton,2014-02-08,0.8093177556613299
Southampton,2014-02-11,0.8484061733737199
Southampton,2014-02-22,0.8527120600115407
Southampton,2014-03-01,0.9039376893119861
Southampton,2014-03-08,0.8973027549401413
Southampton,2014-03-15,0.8457876514714369
Southampton,2014-03-23,0.7862088863242931
Southampton,2014-03-29,0.834535487593768
Southampton,2014-04-05,0.9009086975335353
Southampton,2014-04-12,0.8207383905393713
Southampton,2014-04-19,0.7697966248377326
Southampton,2014-04-26,0.818693206404154
Southampton,2014-05-03,0.7895875396596481
Southampton,2014-05-11,0.8640230713770728
Southampton,2014-08-17,0.9307758869339486
Southampton,2014-08-23,0.39073993942016444
Southampton,2014-08-30,0.5515002885170225
Southampton,2014-09-13,0.5679457587997692
Southampton,2014-09-20,0.6820542412002308
Southampton,2014-09-27,0.7763670466022219
Southampton,2014-10-05,0.7607503607503607
Southampton,2014-10-18,0.7879093925840427
Southampton,2014-10-25,0.895397489539749
Southampton,2014-11-01,0.8776511325926994
Southampton,2014-11-08,0.9451817657241778
Southampton,2014-11-24,0.9718695903058281
Southampton,2014-11-30,0.9058127794605509
Southampton,2014-12-03,0.9659599019183615
Southampton,2014-12-08,0.9153202538949798
Southampton,2014-12-13,0.8026543566070398
Southampton,2014-12-20,0.885603000577034
Southampton,2014-12-26,0.6916750829606118
Southampton,2014-12-28,0.7987303419419998
Southampton,2015-01-01,0.7875901875901876
Southampton,2015-01-11,0.8595554272517321
Southampton,2015-01-17,0.8077367205542725
Southampton,2015-02-01,0.7068418013856813
Southampton,2015-02-07,0.7370092378752887
Southampton,2015-02-11,0.7963337182448037
Southampton,2015-02-22,0.8179849884526559
Southampton,2015-02-28,0.8081697459584296
Southampton,2015-03-03,0.8372294372294372
Southampton,2015-03-15,0.8161616161616162
Southampton,2015-03-21,0.7526695526695527
Southampton,2015-04-04,0.7278499278499279
Southampton,2015-04-11,0.7406926406926407
Southampton,2015-04-18,0.7756132756132756
Southampton,2015-04-25,0.832034632034632
Southampton,2015-05-02,0.832034632034632
Southampton,2015-05-09,0.841869860049055
Southampton,2015-05-16,0.7049608355091384
Southampton,2015-05-24,0.8185378590078329
Southampton,2015-08-09,0.835509138381201
Southampton,2015-08-15,0.5134899912967799
Southampton,2015-08-23,0.6041485349579344
Southampton,2015-08-30,0.6498404409631564
Southampton,2015-09-12,0.5820397504714928
Southampton,2015-09-20,0.6966810966810967
Southampton,2015-09-26,0.7855699855699856
Southampton,2015-10-03,0.7448773448773449
Southampton,2015-10-17,0.8727272727272727
Southampton,2015-10-25,0.7540037512624441
Southampton,2015-11-01,0.7941134035492714
Southampton,2015-11-07,0.9157408743327081
Southampton,2015-11-21,0.7807486631016043
Southampton,2015-11-28,0.9060693641618497
Southampton,2015-12-05,0.769364161849711
Southampton,2015-12-12,0.8907514450867052
Southampton,2015-12-19,0.8418846654140771
Southampton,2015-12-26,0.8439080792021969
Southampton,2015-12-28,0.7911547911547911
Southampton,2016-01-02,0.7652575385947193
Southampton,2016-01-13,0.7953823953823954
Southampton,2016-01-16,0.7128598293071026
Southampton,2016-01-23,0.8167221177491683
Southampton,2016-02-02,0.7753507883697381
Southampton,2016-02-06,0.7757847533632287
Southampton,2016-02-13,0.7631997685520034
Southampton,2016-02-27,0.7590869438790346
Southampton,2016-03-01,0.8596975865077058
Southampton,2016-03-05,0.8242204496011603
Southampton,2016-03-12,0.707324147933285
Southampton,2016-03-20,0.7751307379430563
Southampton,2016-04-03,0.8548808832074375
Southampton,2016-04-09,0.7870424171993027
Southampton,2016-04-16,0.7969359734065616
Southampton,2016-04-23,0.810377222141928
Southampton,2016-05-01,0.7790143084260731
Southampton,2016-05-08,0.8655875126463362
Southampton,2016-05-15,0.9305916305916306
Southampton,2016-08-13,0.8815295815295815
Southampton,2016-08-19,0.4844155844155844
Southampton,2016-08-27,0.6518037518037518
Southampton,2016-09-10,0.687012987012987
Southampton,2016-09-18,0.7976911976911977
Southampton,2016-09-25,0.8357864357864357
Southampton,2016-10-02,0.8417027417027417
Southampton,2016-10-16,0.8760461760461761
Southampton,2016-10-23,0.7418470418470419
Southampton,2016-10-30,0.8041847041847042
Southampton,2016-11-06,0.8887445887445887
Southampton,2016-11-19,0.8207792207792208
Southampton,2016-11-27,0.7764790764790764
Southampton,2016-12-03,0.7516594516594517
Southampton,2016-12-11,0.7522366522366523
Southampton,2016-12-14,0.7438672438672439
Southampton,2016-12-18,0.7759018759018759
Southampton,2016-12-28,0.6305916305916306
Southampton,2016-12-31,0.8218150339056414
Southampton,2017-01-02,0.6332270223253117
Southampton,2017-01-14,0.6678265912715673
Southampton,2017-01-22,0.6742061765985211
Southampton,2017-01-31,0.7564158329708569
Southampton,2017-02-04,0.6837755545889517
Southampton,2017-02-11,0.7197332173408728
Southampton,2017-03-04,0.7660962877030162
Southampton,2017-03-19,0.8367729831144465
Southampton,2017-04-01,0.8978354978354979
Southampton,2017-04-05,0.8966810966810966
Southampton,2017-04-08,0.8222222222222222
Southampton,2017-04-15,0.738421584186986
Southampton,2017-04-25,0.888760640600202
Southampton,2017-04-29,0.9391141249458953
Southampton,2017-05-07,0.8659645072861059
Southampton,2017-05-10,0.9232433992208916
Southampton,2017-05-13,0.9360842591256673
Southampton,2017-05-17,0.5857740585774058
Southampton,2017-05-21,0.7825396825396825
Southampton,2017-08-12,0.8847041847041847
Southampton,2017-08-19,0.8854256854256854
Southampton,2017-08-26,0.8750360750360751
Southampton,2017-09-09,0.8747474747474747
Southampton,2017-09-16,0.8028860028860029
Southampton,2017-09-23,0.793939393939394
Southampton,2017-09-30,0.8796710431395182
Southampton,2017-10-15,0.8554321165776945
Southampton,2017-10-21,0.8814023950367912
Southampton,2017-10-29,0.9052084836242966
Southampton,2017-11-04,0.8134468330688213
Southampton,2017-11-18,0.8698600490549704
Southampton,2017-11-26,0.8568955568378535
Southampton,2017-11-29,0.7972875486942721
Southampton,2017-12-03,0.7615062761506276
Southampton,2017-12-10,0.782282498917905
Southampton,2017-12-13,0.7747799740297215
Southampton,2017-12-16,0.844899725869283
Southampton,2017-12-23,0.7388544221613043
Southampton,2017-12-26,0.6675324675324675
Southampton,2017-12-30,0.6282828282828283
Southampton,2018-01-02,0.6362193362193362
Southampton,2018-01-13,0.6607503607503608
Southampton,2018-01-21,0.6481962481962482
Southampton,2018-01-31,0.6846508944027697
Southampton,2018-02-03,0.7407674552798615
Southampton,2018-02-11,0.7981823427582228
Southampton,2018-02-24,0.8752163877668783
Southampton,2018-03-03,0.7924120023081361
Southampton,2018-03-10,0.8030871321407963
Southampton,2018-03-31,0.8616560877091748
Southampton,2018-04-08,0.8225108225108225
Southampton,2018-04-14,0.7571428571428571
Southampton,2018-04-19,0.7088023088023088
Southampton,2018-04-28,0.7700187563122205
Southampton,2018-05-05,0.8498052229115568
Southampton,2018-05-08,0.8824123503102006
Southampton,2018-05-13,0.8228414669361825
Southampton,2018-08-12,0.8844932139763211
Southampton,2018-08-18,0.5993358359803639
Southampton,2018-08-25,0.7082009818076812
Southampton,2018-09-01,0.7444043321299639
Southampton,2018-09-17,0.7864583333333334
Southampton,2018-09-22,0.7252604166666666
Southampton,2018-09-29,0.7892149775914413
Southampton,2018-10-07,0.7994795431545467
Southampton,2018-10-20,0.7663727049298829
Southampton,2018-10-27,0.8567297961544021
Southampton,2018-11-04,0.7980338296949545
Southampton,2018-11-10,0.8271284271284272
Southampton,2018-11-24,0.7870678431939824
Southampton,2018-12-01,0.6940546795891798
Southampton,2018-12-05,0.6031286210892236
Southampton,2018-12-08,0.6684935565101466
Southampton,2018-12-16,0.627906976744186
Southampton,2018-12-22,0.5748583358186699
Southampton,2018-12-27,0.7176541717049577
Southampton,2018-12-30,0.6948996783580946
Southampton,2019-01-02,0.6240099394315888
Southampton,2019-01-12,0.6210230817217717
Southampton,2019-01-19,0.6925068534876637
Southampton,2019-01-30,0.8378918254456054
Southampton,2019-02-02,0.8208454143140547
Southampton,2019-02-09,0.8148259755913817
Southampton,2019-02-24,0.731168245376635
Southampton,2019-02-27,0.7669485239578697
Southampton,2019-03-02,0.6840785008115685
Southampton,2019-03-09,0.7122195985832349
Southampton,2019-03-30,0.7948792977322604
Southampton,2019-04-05,0.7597659107534748
Southampton,2019-04-13,0.8849583394240608
Southampton,2019-04-20,0.900735824556341
Southampton,2019-04-23,0.7778098398499494
Southampton,2019-04-27,0.877362573943154
Southampton,2019-05-04,0.816620978213822
Southampton,2019-05-12,0.7463203463203463
Southampton,2019-08-10,0.8220779220779221
Southampton,2019-08-17,0.7759018759018759
Southampton,2019-08-24,0.7942279942279943
Southampton,2019-08-31,0.6825396825396826
Southampton,2019-09-14,0.6334776334776335
Southampton,2019-09-20,0.6625198900622017
Southampton,2019-09-28,0.7843505929997108
Southampton,2019-10-06,0.7681515765114261
Southampton,2019-10-19,0.8035869250795488
Southampton,2019-10-25,0.8594156783338155
Southampton,2019-11-02,0.8274515475846109
Southampton,2019-11-09,0.6818314803978935
Southampton,2019-11-23,0.642930103604261
Southampton,2019-11-30,0.644389318546622
Southampton,2019-12-04,0.703633445206479
Southampton,2019-12-08,0.7781993287611265
Southampton,2019-12-14,0.7412811907193929
Southampton,2019-12-21,0.8742156719684809
Southampton,2019-12-26,0.8812581157120185
Southampton,2019-12-28,0.8659645072861059
Southampton,2020-01-01,0.8988455988455989
Southampton,2020-01-11,0.9551226551226552
Southampton,2020-01-18,0.9724426489684028
Southampton,2020-01-21,0.9774956722446624
Southampton,2020-02-01,0.8664166185804962
Southampton,2020-02-15,0.8320830929024813
Southampton,2020-02-22,0.741200230813618
Southampton,2020-02-29,0.8140507789959608
Southampton,2020-03-07,0.8280438545874207
Southampton,2020-06-19,0.7586206896551724
Southampton,2020-06-25,0.8105707629586488
Southampton,2020-06-28,0.8988207890522638
Southampton,2020-07-05,0.6833673172152637
Southampton,2020-07-09,0.7739586367608505
Southampton,2020-07-13,0.8813164409494685
Southampton,2020-07-16,0.8706858890345129
Southampton,2020-07-19,0.7423911460608709
Southampton,2020-07-26,0.8510607591283014
Southampton,2020-09-12,0.8718429787848174
Southampton,2020-09-20,0.9036492139045147
Southampton,2020-09-26,0.8257608538872061
Southampton,2020-10-04,0.7551933064050779
Southampton,2020-10-17,0.8541546451240624
Southampton,2020-10-25,0.7867859203693018
Southampton,2020-11-01,0.8515579919215234
Southampton,2020-11-06,0.8770740152936084
Southampton,2020-11-23,0.7927849927849928
Southampton,2020-11-29,0.8448773448773449
Southampton,2020-12-07,0.8792382051651998
Southampton,2020-12-13,0.9688446559930766
Southampton,2020-12-16,0.9339391316890235
Southampton,2020-12-19,0.9711524592528487
Southampton,2020-12-26,0.8859079763450166
Southampton,2020-12-29,0.758257608538872
Southampton,2021-01-04,0.886085075702956
Southampton,2021-01-16,0.649697144505336
Southampton,2021-01-26,0.7450952106174265
Southampton,2021-01-30,0.6420946335833814
Southampton,2021-02-02,0.8025100980957877
Southampton,2021-02-06,0.6458453548759376
Southampton,2021-02-14,0.6086257309941521
Southampton,2021-02-20,0.7129277566539924
Southampton,2021-02-23,0.6494589061128985
Southampton,2021-03-01,0.7831554320807136
Southampton,2021-03-06,0.6648632841058635
Southampton,2021-03-10,0.7534727299312765
Southampton,2021-03-14,0.7620997221816055
Southampton,2021-04-04,0.7540037512624441
Southampton,2021-04-12,0.8092627326504112
Southampton,2021-04-21,0.8362429663829173
Southampton,2021-04-30,0.793073593073593
Southampton,2021-05-08,0.7458874458874459
Southampton,2021-05-11,0.7839731426069187
Southampton,2021-05-15,0.7512771858122902
Southampton,2021-05-18,0.7943365931980733
Southampton,2021-05-23,0.8079112538315575
Southampton,2021-08-14,0.7464603707487958
Southampton,2021-08-22,0.5588965114581813
Southampton,2021-08-28,0.638300977959422
Southampton,2021-09-11,0.6357864357864358
Southampton,2021-09-18,0.6016495442048908
Southampton,2021-09-26,0.7393763596809282
Southampton,2021-10-02,0.74072457442165
Southampton,2021-10-16,0.7978676792755951
Southampton,2021-10-23,0.6514486391571555
Southampton,2021-10-30,0.7632514065738821
Southampton,2021-11-05,0.8563295880149813
Southampton,2021-11-20,0.7892457057505601
Southampton,2021-11-27,0.8439271859146523
Southampton,2021-12-01,0.8188611567777612
Southampton,2021-12-04,0.8548362758412554
Southampton,2021-12-11,0.783068783068783
Southampton,2021-12-15,0.5882975506501361
Southampton,2021-12-26,0.5917258040163068
Southampton,2021-12-28,0.6921550671550671
Southampton,2022-01-11,0.5081006017589879
Southampton,2022-01-15,0.6665114835505896
Southampton,2022-01-22,0.6953221809169765
Southampton,2022-02-09,0.7432453537404342
Southampton,2022-02-12,0.6920550516108852
Southampton,2022-02-19,0.769918444165621
Southampton,2022-02-25,0.7423312883435583
Southampton,2022-03-05,0.7606985525487728
Southampton,2022-03-10,0.8086983926883076
Southampton,2022-03-13,0.8433849068519104
Southampton,2022-04-02,0.8995109638744282
Southampton,2022-04-09,0.9054032889584964
Southampton,2022-04-16,0.9318609022556391
Southampton,2022-04-21,0.7616252124208249
Southampton,2022-04-24,0.8662243480944298
Southampton,2022-04-30,0.7862772369031061
Southampton,2022-05-07,0.8509923664122138
Southampton,2022-05-17,0.7816004849954532
Southampton,2022-05-22,0.6294261294261294
Southampton,2022-08-06,0.6581796005488642
Southampton,2022-08-13,0.6969512195121951
Southampton,2022-08-20,0.5812481157672595
Southampton,2022-08-27,0.5876579925650558
Southampton,2022-08-30,0.7060570071258907
Southampton,2022-09-03,0.7393876645466647
Southampton,2022-09-16,0.7584294263611152
Southampton,2022-10-01,0.8237415260349055
Southampton,2022-10-08,0.7010963646855164
Southampton,2022-10-16,0.9086711874188429
Southampton,2022-10-19,0.897979797979798
Southampton,2022-10-23,0.8665223665223665
Southampton,2022-10-29,0.7415584415584415
Southampton,2022-11-06,0.7796536796536796
Southampton,2022-11-12,0.8339105339105339
Southampton,2022-12-26,0.8834054834054834
Southampton,2022-12-31,0.8603174603174604
Southampton,2023-01-04,0.883982683982684
Southampton,2023-01-14,0.8885042550122602
Southampton,2023-01-21,0.8309534112216933
Southampton,2023-02-04,0.8172508293667965
Southampton,2023-02-11,0.6668109043704025
Southampton,2023-02-18,0.6906101254868022
Southampton,2023-02-25,0.6272897735468052
Southampton,2023-03-04,0.6700317277184886
Southampton,2023-03-12,0.6655605251767421
Southampton,2023-03-15,0.6962920213533401
Southampton,2023-03-18,0.7907949790794979
Southampton,2023-04-02,0.885153657480883
Southampton,2023-04-08,0.8179194921367768
Southampton,2023-04-15,0.8913576684461116
Southampton,2023-04-21,0.7668109668109668
Southampton,2023-04-27,0.8210678210678211
Southampton,2023-04-30,0.7704184704184704
Southampton,2023-05-08,0.7675324675324675
Southampton,2023-05-13,0.7522366522366523
Southampton,2023-05-21,0.7935064935064935
Southampton,2023-05-28,0.7090909090909091
Southampton,2024-08-17,0.7652236652236653
Southampton,2024-08-24,0.37258297258297257
Southampton,2024-08-31,0.4070707070707071
Southampton,2024-09-14,0.39581529581529584
Southampton,2024-09-21,0.3984126984126984
Southampton,2024-09-30,0.4504986269692152
Southampton,2024-10-05,0.5484104046242775
Southampton,2024-10-19,0.6446531791907515
Southampton,2024-10-26,0.7561046091605259
Southampton,2024-11-02,0.731460023174971
Southampton,2024-11-09,0.8752896871378911
Southampton,2024-11-24,0.8243556327830872
Southampton,2024-11-29,0.6997253144426775
Southampton,2024-12-04,0.7293233082706767
Southampton,2024-12-07,0.5615151077056527
Southampton,2024-12-15,0.7008011653313911
Southampton,2024-12-22,0.7489466802266453
Southampton,2024-12-26,0.7541769577219236
Southampton,2024-12-29,0.8020924149956408
Southampton,2025-01-04,0.7598081952920662
Southampton,2025-01-16,0.7134553908747457
Southampton,2025-01-19,0.8526376980090103
Southampton,2025-01-25,0.8224177726485863
Southampton,2025-02-01,0.7244264896840282
Southampton,2025-02-15,0.7599192035781273
Southampton,2025-02-22,0.819047619047619
Southampton,2025-02-25,0.8203463203463204
Southampton,2025-03-08,0.7777777777777778
Southampton,2025-03-15,0.8288600288600289
Southampton,2025-04-02,0.7662337662337663
Southampton,2025-04-06,0.8007502524888184
Southampton,2025-04-12,0.8352567801500288
Southampton,2025-04-19,0.7919792267743797
Southampton,2025-04-26,0.7971725331794576
Southampton,2025-05-03,0.7965954991344489
Southampton,2025-05-10,0.9140219272937103
Southampton,2025-05-18,0.831794575879977
Southampton,2025-05-25,0.6389209463358339
Stoke City,2012-10-07,0.9013942210547585
Stoke City,2012-10-20,0.9146320929449402
Stoke City,2012-10-27,0.8538028575552028
Stoke City,2012-11-03,0.9119896118886164
Stoke City,2012-11-10,0.9024671764536142
Stoke City,2012-11-19,0.917616505554754
Stoke City,2012-11-24,0.8715728715728716
Stoke City,2012-11-28,0.9082251082251083
Stoke City,2012-12-01,0.8696969696969697
Stoke City,2012-12-08,0.8529581529581529
Stoke City,2012-12-15,0.834920634920635
Stoke City,2012-12-22,0.9030303030303031
Stoke City,2012-12-26,0.9142857142857143
Stoke City,2012-12-29,0.9292929292929293
Stoke City,2013-01-01,0.7767676767676768
Stoke City,2013-01-12,0.8784546375343655
Stoke City,2013-01-19,0.9266386919403848
Stoke City,2013-01-29,0.8532773838807698
Stoke City,2013-02-02,0.9408189842280422
Stoke City,2013-02-09,0.8851106930979598
Stoke City,2013-02-23,0.908696281290696
Stoke City,2013-03-02,0.8262190710461583
Stoke City,2013-03-10,0.7317460317460317
Stoke City,2013-03-16,0.7890331890331891
Stoke City,2013-03-30,0.8471861471861472
Stoke City,2013-04-06,0.8375180375180376
Stoke City,2013-04-14,0.7753246753246753
Stoke City,2013-04-20,0.8333333333333334
Stoke City,2013-04-27,0.9095238095238095
Stoke City,2013-05-06,0.8766411773192901
Stoke City,2013-05-12,0.8848650988313375
Stoke City,2013-05-19,0.9060877091748413
Stoke City,2013-08-17,0.8593409783713166
Stoke City,2013-08-24,0.7482943823486718
Stoke City,2013-08-31,0.8191319494846857
Stoke City,2013-09-14,0.7300043547684715
Stoke City,2013-09-22,0.8163472706155633
Stoke City,2013-09-29,0.7513066202090593
Stoke City,2013-10-05,0.848700450123421
Stoke City,2013-10-19,0.8408369408369408
Stoke City,2013-10-26,0.7935064935064935
Stoke City,2013-11-02,0.8665416245851969
Stoke City,2013-11-10,0.7804068676958592
Stoke City,2013-11-23,0.9078055114702063
Stoke City,2013-11-30,0.8184966094358679
Stoke City,2013-12-04,0.6717645361419708
Stoke City,2013-12-07,0.7720386668590391
Stoke City,2013-12-14,0.8187851680854134
Stoke City,2013-12-21,0.8613275613275613
Stoke City,2013-12-26,0.8378300389554177
Stoke City,2013-12-29,0.7646804212956283
Stoke City,2014-01-01,0.7035411179397132
Stoke City,2014-01-12,0.7793386011120866
Stoke City,2014-01-18,0.7654375182908985
Stoke City,2014-01-29,0.8558677202224173
Stoke City,2014-02-01,0.8497219783435762
Stoke City,2014-02-08,0.8177136972193615
Stoke City,2014-02-12,0.7731352067088422
Stoke City,2014-02-22,0.8862779228314477
Stoke City,2014-03-01,0.833623440673049
Stoke City,2014-03-08,0.845082680591819
Stoke City,2014-03-15,0.8418914998549464
Stoke City,2014-03-23,0.8115373437954083
Stoke City,2014-03-29,0.8207574443480775
Stoke City,2014-04-05,0.8967909800520382
Stoke City,2014-04-12,0.9408788667244868
Stoke City,2014-04-19,0.9504191962995086
Stoke City,2014-04-26,0.9460826828563168
Stoke City,2014-05-03,0.94275802254987
Stoke City,2014-05-11,0.801363900174115
Stoke City,2014-08-16,0.791207196749855
Stoke City,2014-08-24,0.7165240098650805
Stoke City,2014-08-30,0.7523574640940084
Stoke City,2014-09-13,0.7221819236907007
Stoke City,2014-09-20,0.7176846075729001
Stoke City,2014-09-29,0.7291455099376178
Stoke City,2014-10-04,0.7687202423892656
Stoke City,2014-10-19,0.7856009233876785
Stoke City,2014-10-25,0.784992784992785
Stoke City,2014-11-01,0.8418470418470418
Stoke City,2014-11-09,0.6695526695526696
Stoke City,2014-11-22,0.7770562770562771
Stoke City,2014-11-29,0.7877344877344877
Stoke City,2014-12-02,0.7855699855699856
Stoke City,2014-12-06,0.7417027417027418
Stoke City,2014-12-13,0.7763347763347763
Stoke City,2014-12-22,0.8297258297258298
Stoke City,2014-12-26,0.8494949494949495
Stoke City,2014-12-28,0.8294372294372294
Stoke City,2015-01-01,0.8860193334295196
Stoke City,2015-01-11,0.7948348001731352
Stoke City,2015-01-17,0.8153224642908671
Stoke City,2015-01-31,0.7338046457942576
Stoke City,2015-02-08,0.7211080652142547
Stoke City,2015-02-11,0.710142836531525
Stoke City,2015-02-21,0.7082672053094792
Stoke City,2015-02-28,0.6514211513490117
Stoke City,2015-03-04,0.7649689799451739
Stoke City,2015-03-14,0.8522579714326937
Stoke City,2015-03-21,0.8169095368633674
Stoke City,2015-04-04,0.6310777665560525
Stoke City,2015-04-11,0.8215264752560958
Stoke City,2015-04-18,0.86827297648247
Stoke City,2015-04-25,0.8088023088023089
Stoke City,2015-05-02,0.8126984126984127
Stoke City,2015-05-09,0.7434343434343434
Stoke City,2015-05-16,0.7383015597920277
Stoke City,2015-05-24,0.7654534950895436
Stoke City,2015-08-09,0.8463316002310803
Stoke City,2015-08-15,0.5986424032351242
Stoke City,2015-08-22,0.7151935297515887
Stoke City,2015-08-29,0.696317689530686
Stoke City,2015-09-12,0.7702527075812274
Stoke City,2015-09-19,0.6838548552960187
Stoke City,2015-09-26,0.6347877185250478
Stoke City,2015-10-03,0.8038783605112384
Stoke City,2015-10-19,0.8229763478771852
Stoke City,2015-10-24,0.7988835022770677
Stoke City,2015-10-31,0.7953276520717014
Stoke City,2015-11-07,0.7691742580076403
Stoke City,2015-11-21,0.8704371663540614
Stoke City,2015-11-28,0.9223777232722551
Stoke City,2015-12-05,0.9516664262011254
Stoke City,2015-12-12,0.8781939605110337
Stoke City,2015-12-19,0.8809523809523809
Stoke City,2015-12-26,0.9263937282229965
Stoke City,2015-12-28,0.9374274099883856
Stoke City,2016-01-02,0.9417743574851168
Stoke City,2016-01-13,0.9593436910120517
Stoke City,2016-01-17,0.8359011627906977
Stoke City,2016-01-23,0.8786653185035389
Stoke City,2016-02-02,0.7558861765130723
Stoke City,2016-02-06,0.7197746641629351
Stoke City,2016-02-13,0.7365304058933988
Stoke City,2016-02-27,0.7537194857720642
Stoke City,2016-03-02,0.7833309258991766
Stoke City,2016-03-05,0.7818181818181819
Stoke City,2016-03-12,0.7851370851370851
Stoke City,2016-03-19,0.8186408887606406
Stoke City,2016-04-02,0.7469705712637046
Stoke City,2016-04-10,0.6938834391229083
Stoke City,2016-04-18,0.6960473167916907
Stoke City,2016-04-23,0.6889786497403346
Stoke City,2016-04-30,0.6622908251586843
Stoke City,2016-05-07,0.6780150028851702
Stoke City,2016-05-15,0.6900880103881114
Stoke City,2016-08-13,0.7546897546897547
Stoke City,2016-08-20,0.667965367965368
Stoke City,2016-08-27,0.6708513708513708
Stoke City,2016-09-10,0.7614718614718615
Stoke City,2016-09-18,0.6731601731601732
Stoke City,2016-09-24,0.5818181818181818
Stoke City,2016-10-02,0.6252525252525253
Stoke City,2016-10-15,0.7171717171717171
Stoke City,2016-10-22,0.7310633386235752
Stoke City,2016-10-31,0.7737700187563122
Stoke City,2016-11-05,0.7753570913288126
Stoke City,2016-11-19,0.7007646804212956
Stoke City,2016-11-27,0.8034915596595008
Stoke City,2016-12-03,0.529793680565575
Stoke City,2016-12-10,0.7278891934785745
Stoke City,2016-12-14,0.6917748917748918
Stoke City,2016-12-17,0.8096681096681096
Stoke City,2016-12-27,0.7562290543494099
Stoke City,2016-12-31,0.727418414918415
Stoke City,2017-01-03,0.7795745920745921
Stoke City,2017-01-14,0.8162878787878788
Stoke City,2017-01-21,0.7537878787878788
Stoke City,2017-02-01,0.8496503496503497
Stoke City,2017-02-04,0.7113927738927739
Stoke City,2017-02-11,0.8000288558649545
Stoke City,2017-02-26,0.9057720057720058
Stoke City,2017-03-04,0.8554112554112554
Stoke City,2017-03-08,0.8378066378066378
Stoke City,2017-03-18,0.6997113997113997
Stoke City,2017-04-01,0.7871572871572872
Stoke City,2017-04-04,0.8503823402106478
Stoke City,2017-04-08,0.7323618525465301
Stoke City,2017-04-15,0.8529793680565575
Stoke City,2017-04-22,0.7655460972442649
Stoke City,2017-04-29,0.7441927571778965
Stoke City,2017-05-06,0.6792670610301543
Stoke City,2017-05-13,0.7555908238349445
Stoke City,2017-05-21,0.8378300389554177
Stoke City,2017-08-12,0.7032174289424326
Stoke City,2017-08-19,0.5825158684362377
Stoke City,2017-08-27,0.699798038084247
Stoke City,2017-09-09,0.7002308136180034
Stoke City,2017-09-16,0.6924408540103866
Stoke City,2017-09-23,0.6967686093479515
Stoke City,2017-09-30,0.6986004905497042
Stoke City,2017-10-14,0.7815611022940413
Stoke City,2017-10-21,0.8008945318135912
Stoke City,2017-10-28,0.7786755157985861
Stoke City,2017-11-04,0.7844466887894964
Stoke City,2017-11-20,0.8324917039388255
Stoke City,2017-11-25,0.7515510027413072
Stoke City,2017-11-29,0.8133025537440485
Stoke City,2017-12-02,0.738421584186986
Stoke City,2017-12-09,0.8916305916305917
Stoke City,2017-12-12,0.8643578643578643
Stoke City,2017-12-16,0.9181818181818182
Stoke City,2017-12-23,0.7603174603174603
Stoke City,2017-12-26,0.8318903318903319
Stoke City,2017-12-30,0.8626262626262626
Stoke City,2018-01-01,0.4932178932178932
Stoke City,2018-01-15,0.7581529581529581
Stoke City,2018-01-20,0.691053391053391
Stoke City,2018-01-31,0.791053391053391
Stoke City,2018-02-03,0.7062472947626605
Stoke City,2018-02-10,0.6856153513201558
Stoke City,2018-02-24,0.7196652719665272
Stoke City,2018-03-03,0.6368489395469629
Stoke City,2018-03-12,0.7948348001731352
Stoke City,2018-03-17,0.7265906795556197
Stoke City,2018-04-01,0.6703217428942433
Stoke City,2018-04-07,0.6786026200873363
Stoke City,2018-04-16,0.7951965065502183
Stoke City,2018-04-22,0.8179304322514918
Stoke City,2018-04-28,0.8064328336486684
Stoke City,2018-05-05,0.8337942075389317
Stoke City,2018-05-13,0.8412167079027798
Sunderland,2012-10-21,0.8569985861442133
Sunderland,2012-10-27,0.8607978454805588
Sunderland,2012-11-03,0.9142980810849806
Sunderland,2012-11-10,0.8789496465156543
Sunderland,2012-11-18,0.8951089308902034
Sunderland,2012-11-24,0.8675515798586063
Sunderland,2012-11-27,0.9753246753246754
Sunderland,2012-12-02,0.9054834054834054
Sunderland,2012-12-08,0.7834054834054834
Sunderland,2012-12-11,0.8433126532967826
Sunderland,2012-12-15,0.9085269080940701
Sunderland,2012-12-22,0.7874765546097244
Sunderland,2012-12-26,0.9078055114702063
Sunderland,2012-12-29,0.8850093781561102
Sunderland,2013-01-02,0.8744769874476988
Sunderland,2013-01-12,0.8612032895686048
Sunderland,2013-01-19,0.7789321789321789
Sunderland,2013-01-29,0.8085137085137085
Sunderland,2013-02-02,0.8369643630067811
Sunderland,2013-02-09,0.8860193334295196
Sunderland,2013-02-23,0.8425912566729188
Sunderland,2013-03-02,0.8968402827874765
Sunderland,2013-03-09,0.870725725003607
Sunderland,2013-03-17,0.9637858894820373
Sunderland,2013-03-30,0.8192180060597316
Sunderland,2013-04-07,0.8523809523809524
Sunderland,2013-04-14,0.7369408369408369
Sunderland,2013-04-20,0.7422799422799423
Sunderland,2013-04-29,0.7544011544011544
Sunderland,2013-05-06,0.843024094647237
Sunderland,2013-05-12,0.8244827087252207
Sunderland,2013-05-19,0.8227829638273045
Sunderland,2013-08-17,0.7157234539089848
Sunderland,2013-08-24,0.40432685279929836
Sunderland,2013-08-31,0.49554158748720945
Sunderland,2013-09-14,0.48121619646250546
Sunderland,2013-09-21,0.4172524897480961
Sunderland,2013-09-29,0.5461448598130841
Sunderland,2013-10-05,0.6361002462697378
Sunderland,2013-10-19,0.7377951615239751
Sunderland,2013-10-27,0.7704538884070541
Sunderland,2013-11-02,0.6951431049436253
Sunderland,2013-11-10,0.6305290546400694
Sunderland,2013-11-23,0.7004385964912281
Sunderland,2013-11-30,0.7378654970760234
Sunderland,2013-12-04,0.7553787208959623
Sunderland,2013-12-07,0.7908930150309461
Sunderland,2013-12-14,0.8355437665782494
Sunderland,2013-12-21,0.847332743884468
Sunderland,2013-12-26,0.8608900677866195
Sunderland,2013-12-28,0.7250254471426494
Sunderland,2014-01-01,0.7543987203722553
Sunderland,2014-01-11,0.7257250036069831
Sunderland,2014-01-18,0.8108498052229115
Sunderland,2014-01-29,0.7835810128408599
Sunderland,2014-02-01,0.770884432260857
Sunderland,2014-02-08,0.7016303563699322
Sunderland,2014-02-22,0.6901875901875902
Sunderland,2014-03-15,0.7660724722384571
Sunderland,2014-03-22,0.787697253068381
Sunderland,2014-03-26,0.9257744009351256
Sunderland,2014-03-31,0.7431326709526592
Sunderland,2014-04-07,0.7830216247808299
Sunderland,2014-04-12,0.717270601987142
Sunderland,2014-04-16,0.7239918176504968
Sunderland,2014-04-19,0.6813852813852814
Sunderland,2014-04-27,0.7458874458874459
Sunderland,2014-05-03,0.8258548549992786
Sunderland,2014-05-07,0.8689943731063339
Sunderland,2014-05-11,0.8981387967104314
Sunderland,2014-08-16,0.7616505554754004
Sunderland,2014-08-24,0.5890924830471793
Sunderland,2014-08-30,0.6610878661087866
Sunderland,2014-09-13,0.7603520415524455
Sunderland,2014-09-20,0.7594516594516595
Sunderland,2014-09-27,0.8028860028860029
Sunderland,2014-10-04,0.7678210678210678
Sunderland,2014-10-18,0.8301587301587302
Sunderland,2014-10-25,0.9233766233766234
Sunderland,2014-11-03,0.9331890331890332
Sunderland,2014-11-09,0.7281385281385281
Sunderland,2014-11-22,0.6875901875901876
Sunderland,2014-11-29,0.7770562770562771
Sunderland,2014-12-03,0.772005772005772
Sunderland,2014-12-06,0.6952380952380952
Sunderland,2014-12-13,0.8154401154401154
Sunderland,2014-12-21,0.8487734487734487
Sunderland,2014-12-26,0.8647907647907648
Sunderland,2014-12-28,0.703505987591978
Sunderland,2015-01-01,0.82383494445246
Sunderland,2015-01-10,0.7622276727744914
Sunderland,2015-01-17,0.6923964795844756
Sunderland,2015-01-31,0.721044992743106
Sunderland,2015-02-07,0.7149905674067625
Sunderland,2015-02-10,0.6864025540560151
Sunderland,2015-02-21,0.8229317851959361
Sunderland,2015-02-28,0.7822931785195936
Sunderland,2015-03-03,0.841799709724238
Sunderland,2015-03-14,0.8148579752367079
Sunderland,2015-03-21,0.7604981175789168
Sunderland,2015-04-05,0.8628530050687907
Sunderland,2015-04-11,0.6947139753801593
Sunderland,2015-04-25,0.7281679942070963
Sunderland,2015-05-02,0.6059377262853005
Sunderland,2015-05-09,0.8139029688631426
Sunderland,2015-05-16,0.7392496392496393
Sunderland,2015-05-20,0.787012987012987
Sunderland,2015-05-24,0.8392496392496392
Sunderland,2015-08-08,0.6431457431457431
Sunderland,2015-08-15,0.6792207792207792
Sunderland,2015-08-22,0.6842712842712843
Sunderland,2015-08-29,0.7937950937950938
Sunderland,2015-09-13,0.7610734381763093
Sunderland,2015-09-19,0.6681575530226519
Sunderland,2015-09-26,0.7586206896551724
Sunderland,2015-10-03,0.7086044830079538
Sunderland,2015-10-17,0.7029645697758496
Sunderland,2015-10-25,0.6901060584047654
Sunderland,2015-11-01,0.7903530437309313
Sunderland,2015-11-07,0.6265620459168846
Sunderland,2015-11-23,0.7375762859633828
Sunderland,2015-11-28,0.7237721592560302
Sunderland,2015-12-05,0.7808060307335459
Sunderland,2015-12-12,0.7399246158306756
Sunderland,2015-12-19,0.7738816738816738
Sunderland,2015-12-26,0.7464646464646465
Sunderland,2015-12-30,0.6395382395382395
Sunderland,2016-01-02,0.6327561327561327
Sunderland,2016-01-13,0.7194805194805195
Sunderland,2016-01-16,0.7184704184704185
Sunderland,2016-01-23,0.6653679653679654
Sunderland,2016-02-02,0.8189033189033189
Sunderland,2016-02-06,0.7480519480519481
Sunderland,2016-02-13,0.7165945165945166
Sunderland,2016-02-27,0.6688311688311688
Sunderland,2016-03-01,0.677056277056277
Sunderland,2016-03-05,0.778066378066378
Sunderland,2016-03-20,0.7626262626262627
Sunderland,2016-04-02,0.9024671764536142
Sunderland,2016-04-10,0.8456211224931467
Sunderland,2016-04-16,0.9336315106045304
Sunderland,2016-04-24,0.8867407300533834
Sunderland,2016-04-30,0.8909248304717934
Sunderland,2016-05-07,0.9484922810561247
Sunderland,2016-05-11,0.949502236329534
Sunderland,2016-05-15,0.970995670995671
Sunderland,2016-08-13,0.3124098124098124
Sunderland,2016-08-21,0.5971139971139972
Sunderland,2016-08-27,0.37186147186147184
Sunderland,2016-09-12,0.488023088023088
Sunderland,2016-09-18,0.5222222222222223
Sunderland,2016-09-24,0.4639249639249639
Sunderland,2016-10-01,0.577261578415813
Sunderland,2016-10-15,0.634396191025826
Sunderland,2016-10-22,0.6151182919792267
Sunderland,2016-10-29,0.7107616849394114
Sunderland,2016-11-05,0.7753894979803808
Sunderland,2016-11-19,0.6559434506635892
Sunderland,2016-11-26,0.7046211791974504
Sunderland,2016-12-03,0.7190262280828865
Sunderland,2016-12-10,0.7958266917837995
Sunderland,2016-12-14,0.7536231884057971
Sunderland,2016-12-17,0.6447826086956522
Sunderland,2016-12-26,0.7423188405797101
Sunderland,2016-12-31,0.8055354296478772
Sunderland,2017-01-02,0.7515151515151515
Sunderland,2017-01-14,0.5430673784446689
Sunderland,2017-01-21,0.612754292309912
Sunderland,2017-01-31,0.7502524888183524
Sunderland,2017-02-04,0.6069831193190016
Sunderland,2017-02-11,0.6286250180349156
Sunderland,2017-02-25,0.7122655122655123
Sunderland,2017-03-05,0.627994227994228
Sunderland,2017-03-18,0.7045159428653874
Sunderland,2017-04-01,0.7584764103303997
Sunderland,2017-04-04,0.7907949790794979
Sunderland,2017-04-09,0.7789640744481315
Sunderland,2017-04-15,0.7501082094935796
Sunderland,2017-04-26,0.7780360255665311
Sunderland,2017-04-29,0.8075246949447995
Sunderland,2017-05-06,0.5401714368734564
Sunderland,2017-05-13,0.723667005666134
Sunderland,2017-05-16,0.8343745459828563
Sunderland,2017-05-21,0.7477843963388058
Sunderland,2025-08-16,0.5430771465930554
Sunderland,2025-08-23,0.0
Sunderland,2025-08-30,0.14283653152503245
Sunderland,2025-09-13,0.2481604386091473
Sunderland,2025-09-21,0.34093204443803204
Sunderland,2025-09-27,0.45975187536064627
Sunderland,2025-10-04,0.547847585805701
Sunderland,2025-10-18,0.7086969168121
Sunderland,2025-10-25,0.8003199534613147
Sunderland,2025-11-03,0.7789412449098313
Sunderland,2025-11-08,0.8118091913903432
Sunderland,2025-11-22,0.8753635834787667
Sunderland,2025-11-29,0.9016727272727273
Sunderland,2025-12-03,0.9441800086542622
Sunderland,2025-12-06,0.8918217221981826
Sunderland,2025-12-14,0.9062590135563888
Sunderland,2025-12-20,0.9236982547237848
Sunderland,2025-12-28,0.7276792153468917
Sunderland,2026-01-01,0.6725804125198327
Sunderland,2026-01-04,0.7054666089715852
Sunderland,2026-01-07,0.8068099841292743
Sunderland,2026-01-17,0.860481892944741
Sunderland,2026-01-24,0.7815295815295815
Sunderland,2026-02-02,0.7575757575757576
Sunderland,2026-02-07,0.755988455988456
Sunderland,2026-02-11,0.7847041847041847
Sunderland,2026-02-22,0.835930735930736
Sunderland,2026-02-28,0.8661087866108786
Sunderland,2026-03-03,0.7061030154378878
Sunderland,2026-03-14,0.6288228505481823
Sunderland,2026-03-22,0.6541179864416559
Sunderland,2026-04-12,0.7361892398673013
Sunderland,2026-04-19,0.7395818312905551
Sunderland,2026-04-24,0.8209342560553633
Sunderland,2026-05-02,0.7394376351838501
Sunderland,2026-05-09,0.7640951694304253
Sunderland,2026-05-17,0.714618520675597
Sunderland,2026-05-24,0.9385556202679092
Swansea City,2012-10-06,0.8254745866503368
Swansea City,2012-10-20,0.9252844285956868
Swansea City,2012-10-27,0.9230992876871639
Swansea City,2012-11-03,0.9418520133740369
Swansea City,2012-11-10,0.8111644134321849
Swansea City,2012-11-17,0.7929834734705712
Swansea City,2012-11-25,0.7779066396056828
Swansea City,2012-11-28,0.8759018759018758
Swansea City,2012-12-01,0.8896103896103896
Swansea City,2012-12-08,0.7701298701298701
Swansea City,2012-12-16,0.7815295815295815
Swansea City,2012-12-23,0.8054834054834055
Swansea City,2012-12-26,0.7418470418470419
Swansea City,2012-12-29,0.7937950937950938
Swansea City,2013-01-01,0.7532467532467533
Swansea City,2013-01-12,0.8311688311688312
Swansea City,2013-01-19,0.8451659451659451
Swansea City,2013-01-29,0.6825396825396826
Swansea City,2013-02-02,0.7251082251082251
Swansea City,2013-02-09,0.7415584415584415
Swansea City,2013-02-17,0.7803751803751804
Swansea City,2013-03-02,0.6352092352092352
Swansea City,2013-03-09,0.7981240981240981
Swansea City,2013-03-16,0.7891774891774892
Swansea City,2013-03-30,0.8213564213564214
Swansea City,2013-04-06,0.8327561327561328
Swansea City,2013-04-20,0.8197691197691198
Swansea City,2013-04-28,0.8370851370851371
Swansea City,2013-05-04,0.8326118326118326
Swansea City,2013-05-07,0.8825396825396825
Swansea City,2013-05-12,0.7533910533910534
Swansea City,2013-05-19,0.7946608946608946
Swansea City,2013-08-17,0.8575757575757575
Swansea City,2013-08-25,0.7847041847041847
Swansea City,2013-09-01,0.7313131313131314
Swansea City,2013-09-16,0.767965367965368
Swansea City,2013-09-22,0.7943722943722944
Swansea City,2013-09-28,0.8232323232323232
Swansea City,2013-10-06,0.6874458874458874
Swansea City,2013-10-19,0.7643578643578643
Swansea City,2013-10-27,0.7298701298701299
Swansea City,2013-11-03,0.7073593073593074
Swansea City,2013-11-10,0.8085137085137085
Swansea City,2013-11-23,0.7124098124098124
Swansea City,2013-12-01,0.7097099985572067
Swansea City,2013-12-04,0.581794575879977
Swansea City,2013-12-09,0.6842181188690133
Swansea City,2013-12-15,0.6791690709751875
Swansea City,2013-12-22,0.6986439699942296
Swansea City,2013-12-26,0.7557703404500865
Swansea City,2013-12-28,0.6433929601846509
Swansea City,2014-01-01,0.816620978213822
Swansea City,2014-01-11,0.7738816738816738
Swansea City,2014-01-19,0.6911976911976911
Swansea City,2014-01-28,0.6818181818181818
Swansea City,2014-02-01,0.8278499278499278
Swansea City,2014-02-08,0.7646464646464647
Swansea City,2014-02-12,0.6751803751803752
Swansea City,2014-02-23,0.76998556998557
Swansea City,2014-03-02,0.734237483768576
Swansea City,2014-03-15,0.8264319722983696
Swansea City,2014-03-22,0.7203120485408842
Swansea City,2014-03-25,0.8900606761051719
Swansea City,2014-03-29,0.8668015024559376
Swansea City,2014-04-05,0.8838485986709044
Swansea City,2014-04-13,0.8972840219589714
Swansea City,2014-04-19,0.8883109377257622
Swansea City,2014-04-26,0.7926099021469256
Swansea City,2014-05-03,0.842205045938457
Swansea City,2014-05-11,0.8077876622429634
Swansea City,2014-08-16,0.617908706431384
Swansea City,2014-08-23,0.5551990666472219
Swansea City,2014-08-30,0.6323465072189004
Swansea City,2014-09-13,0.6768737241178187
Swansea City,2014-09-20,0.7259088286208887
Swansea City,2014-09-27,0.6980233732506131
Swansea City,2014-10-04,0.7824127906976744
Swansea City,2014-10-19,0.7704846456119925
Swansea City,2014-10-25,0.8435453354679086
Swansea City,2014-11-01,0.950807742686654
Swansea City,2014-11-09,0.9640465793304221
Swansea City,2014-11-22,0.6741097489784005
Swansea City,2014-11-29,0.8168417980151781
Swansea City,2014-12-02,0.8255830798203679
Swansea City,2014-12-07,0.8353587962962963
Swansea City,2014-12-14,0.7703993055555556
Swansea City,2014-12-20,0.8203193033381713
Swansea City,2014-12-26,0.6946298984034833
Swansea City,2014-12-29,0.8067458019687319
Swansea City,2015-01-01,0.8210770121598147
Swansea City,2015-01-10,0.7636074116965836
Swansea City,2015-01-17,0.6725086906141368
Swansea City,2015-02-01,0.6128331402085747
Swansea City,2015-02-07,0.628068149003754
Swansea City,2015-02-11,0.6927963043164429
Swansea City,2015-02-21,0.7079543814060921
Swansea City,2015-02-28,0.7043453154323661
Swansea City,2015-03-04,0.7608256351039261
Swansea City,2015-03-16,0.7991058552062301
Swansea City,2015-03-21,0.794635131237381
Swansea City,2015-04-04,0.927747331987309
Swansea City,2015-04-11,0.9195269685607154
Swansea City,2015-04-18,0.8481614996395097
Swansea City,2015-04-25,0.7581831290555155
Swansea City,2015-05-02,0.7117104124603404
Swansea City,2015-05-11,0.7951529140219273
Swansea City,2015-05-17,0.8158084523294389
Swansea City,2015-05-24,0.7457089283138613
Swansea City,2015-08-08,0.4633583381419504
Swansea City,2015-08-15,0.7222622998124368
Swansea City,2015-08-22,0.7858894820372241
Swansea City,2015-08-30,0.7597749242533545
Swansea City,2015-09-12,0.7665560525176742
Swansea City,2015-09-19,0.8761904761904762
Swansea City,2015-09-26,0.8867243867243867
Swansea City,2015-10-04,0.9194805194805195
Swansea City,2015-10-19,0.8672438672438673
Swansea City,2015-10-24,0.8984126984126984
Swansea City,2015-10-31,0.9554112554112554
Swansea City,2015-11-07,0.9050642042995238
Swansea City,2015-11-21,0.9205020920502092
Swansea City,2015-11-29,0.8391285528783725
Swansea City,2015-12-05,0.7941134035492714
Swansea City,2015-12-12,0.8096955706247295
Swansea City,2015-12-20,0.79613331409609
Swansea City,2015-12-26,0.8518251334583754
Swansea City,2015-12-28,0.8135642135642136
Swansea City,2016-01-02,0.6508944027697634
Swansea City,2016-01-13,0.8277553375649164
Swansea City,2016-01-18,0.900461627236007
Swansea City,2016-01-24,0.8805232558139535
Swansea City,2016-02-02,0.8879360465116279
Swansea City,2016-02-06,0.8930388024996366
Swansea City,2016-02-13,0.8696410405464322
Swansea City,2016-02-28,0.8893734554441053
Swansea City,2016-03-02,0.8935891844744875
Swansea City,2016-03-05,0.6707370257304841
Swansea City,2016-03-12,0.8827178303519908
Swansea City,2016-03-19,0.7901038661281016
Swansea City,2016-04-02,0.7682874044149474
Swansea City,2016-04-09,0.8297503967681431
Swansea City,2016-04-16,0.853267926706103
Swansea City,2016-04-24,0.870148607704516
Swansea City,2016-05-01,0.8493723849372385
Swansea City,2016-05-07,0.6956709956709957
Swansea City,2016-05-15,0.6610878661087866
Swansea City,2016-08-13,0.6185804962492787
Swansea City,2016-08-20,0.7325447201384881
Swansea City,2016-08-27,0.6586843623773803
Swansea City,2016-09-11,0.7195614541257934
Swansea City,2016-09-18,0.740334679746105
Swansea City,2016-09-24,0.8156376226197346
Swansea City,2016-10-01,0.7476554609724426
Swansea City,2016-10-15,0.7098124098124098
Swansea City,2016-10-22,0.817027417027417
Swansea City,2016-10-31,0.6054834054834055
Swansea City,2016-11-06,0.7712842712842712
Swansea City,2016-11-19,0.7187590187590187
Swansea City,2016-11-26,0.6492063492063492
Swansea City,2016-12-03,0.7196248196248196
Swansea City,2016-12-10,0.7727272727272727
Swansea City,2016-12-14,0.6142857142857143
Swansea City,2016-12-17,0.7428571428571429
Swansea City,2016-12-26,0.8076479076479076
Swansea City,2016-12-31,0.6574314574314575
Swansea City,2017-01-03,0.6851370851370852
Swansea City,2017-01-14,0.7252525252525253
Swansea City,2017-01-21,0.5945165945165946
Swansea City,2017-01-31,0.670995670995671
Swansea City,2017-02-05,0.7030731496176598
Swansea City,2017-02-12,0.7339489251190304
Swansea City,2017-02-25,0.7952676381474535
Swansea City,2017-03-04,0.838262876929736
Swansea City,2017-03-11,0.8391285528783725
Swansea City,2017-03-18,0.8620888632429313
Swansea City,2017-04-02,0.8147720715522215
Swansea City,2017-04-05,0.8193622853845044
Swansea City,2017-04-08,0.9017457798297503
Swansea City,2017-04-15,0.9572994806693594
Swansea City,2017-04-22,0.8359780727062897
Swansea City,2017-04-30,0.7399019042123486
Swansea City,2017-05-06,0.8343673351608715
Swansea City,2017-05-13,0.8844322608570192
Swansea City,2017-05-21,0.92786033761362
Swansea City,2017-08-12,0.8362429663829173
Swansea City,2017-08-19,0.6912422449862935
Swansea City,2017-08-26,0.6667147597749242
Swansea City,2017-09-10,0.6955706247294763
Swansea City,2017-09-16,0.727600634829029
Swansea City,2017-09-23,0.8069542634540471
Swansea City,2017-09-30,0.8470639157408744
Swansea City,2017-10-14,0.8870292887029289
Swansea City,2017-10-21,0.8591630591630591
Swansea City,2017-10-28,0.7943722943722944
Swansea City,2017-11-04,0.7981240981240981
Swansea City,2017-11-18,0.7861471861471861
Swansea City,2017-11-25,0.8392496392496392
Swansea City,2017-11-29,0.7696969696969697
Swansea City,2017-12-02,0.7173160173160174
Swansea City,2017-12-09,0.83001443001443
Swansea City,2017-12-13,0.7858585858585858
Swansea City,2017-12-18,0.8636363636363636
Swansea City,2017-12-23,0.8056277056277056
Swansea City,2017-12-26,0.705050505050505
Swansea City,2017-12-30,0.733044733044733
Swansea City,2018-01-02,0.7769119769119769
Swansea City,2018-01-13,0.6685425685425685
Swansea City,2018-01-22,0.6585858585858586
Swansea City,2018-01-30,0.7675324675324675
Swansea City,2018-02-03,0.8053391053391054
Swansea City,2018-02-10,0.8436012119463281
Swansea City,2018-02-24,0.8280438545874207
Swansea City,2018-03-03,0.8847540747151306
Swansea City,2018-03-10,0.8965815664214626
Swansea City,2018-03-31,0.8658782809345256
Swansea City,2018-04-07,0.8787746170678337
Swansea City,2018-04-14,0.899781181619256
Swansea City,2018-04-22,0.8145608403851765
Swansea City,2018-04-28,0.9467386546038231
Swansea City,2018-05-05,0.8561004086398132
Swansea City,2018-05-08,0.8274956217162872
Swansea City,2018-05-13,0.8841045102904685
Tottenham Hotspur,2012-10-07,0.8204040404040404
Tottenham Hotspur,2012-10-20,0.7645177579532065
Tottenham Hotspur,2012-10-28,0.759486365603809
Tottenham Hotspur,2012-11-03,0.8642331553888328
Tottenham Hotspur,2012-11-11,0.8821407963069822
Tottenham Hotspur,2012-11-17,0.8810038944180009
Tottenham Hotspur,2012-11-25,0.757103706908986
Tottenham Hotspur,2012-11-28,0.806385770520484
Tottenham Hotspur,2012-12-01,0.8247557953054381
Tottenham Hotspur,2012-12-09,0.7673130193905817
Tottenham Hotspur,2012-12-16,0.8059483889779852
Tottenham Hotspur,2012-12-22,0.7370953630796151
Tottenham Hotspur,2012-12-26,0.7517130777081207
Tottenham Hotspur,2012-12-29,0.8023035427904942
Tottenham Hotspur,2013-01-01,0.8251586843623774
Tottenham Hotspur,2013-01-12,0.8175129832660127
Tottenham Hotspur,2013-01-20,0.8906520484708598
Tottenham Hotspur,2013-01-30,0.6933064050778996
Tottenham Hotspur,2013-02-03,0.7169648009232544
Tottenham Hotspur,2013-02-09,0.7818496609435868
Tottenham Hotspur,2013-02-25,0.7791083537729043
Tottenham Hotspur,2013-03-03,0.7514425851125216
Tottenham Hotspur,2013-03-10,0.8122925984706392
Tottenham Hotspur,2013-03-17,0.7450952106174265
Tottenham Hotspur,2013-03-30,0.7886917640271167
Tottenham Hotspur,2013-04-07,0.7399394201644309
Tottenham Hotspur,2013-04-21,0.6958026828212894
Tottenham Hotspur,2013-04-27,0.8274917063320352
Tottenham Hotspur,2013-05-04,0.7892383150605886
Tottenham Hotspur,2013-05-08,0.8254472013848817
Tottenham Hotspur,2013-05-12,0.7897850238060886
Tottenham Hotspur,2013-05-19,0.8483405483405484
Tottenham Hotspur,2013-08-18,0.8943722943722944
Tottenham Hotspur,2013-08-25,0.5126984126984127
Tottenham Hotspur,2013-09-01,0.5225108225108225
Tottenham Hotspur,2013-09-14,0.5636363636363636
Tottenham Hotspur,2013-09-22,0.5884559884559885
Tottenham Hotspur,2013-09-28,0.6083694083694083
Tottenham Hotspur,2013-10-06,0.726984126984127
Tottenham Hotspur,2013-10-20,0.7746031746031746
Tottenham Hotspur,2013-10-27,0.7842712842712842
Tottenham Hotspur,2013-11-03,0.8017316017316017
Tottenham Hotspur,2013-11-10,0.8764790764790765
Tottenham Hotspur,2013-11-24,0.7834054834054834
Tottenham Hotspur,2013-12-01,0.7405483405483405
Tottenham Hotspur,2013-12-04,0.8386724386724387
Tottenham Hotspur,2013-12-07,0.7616161616161616
Tottenham Hotspur,2013-12-15,0.6858585858585858
Tottenham Hotspur,2013-12-22,0.7292929292929293
Tottenham Hotspur,2013-12-26,0.547732869766768
Tottenham Hotspur,2013-12-29,0.5684485006518905
Tottenham Hotspur,2014-01-01,0.6631899174272056
Tottenham Hotspur,2014-01-11,0.7062146892655368
Tottenham Hotspur,2014-01-19,0.7635810517166449
Tottenham Hotspur,2014-01-29,0.7635810517166449
Tottenham Hotspur,2014-02-01,0.8181949876865131
Tottenham Hotspur,2014-02-09,0.6863570391872279
Tottenham Hotspur,2014-02-12,0.7560586271948919
Tottenham Hotspur,2014-02-23,0.651719634305616
Tottenham Hotspur,2014-03-02,0.7586707299375998
Tottenham Hotspur,2014-03-08,0.6125380931649979
Tottenham Hotspur,2014-03-16,0.6981570163982006
Tottenham Hotspur,2014-03-23,0.6574344023323615
Tottenham Hotspur,2014-03-30,0.6704347826086956
Tottenham Hotspur,2014-04-07,0.7722858385273228
Tottenham Hotspur,2014-04-12,0.6260327583707783
Tottenham Hotspur,2014-04-19,0.7037251775619655
Tottenham Hotspur,2014-04-26,0.7706914045513843
Tottenham Hotspur,2014-05-03,0.8106972024931149
Tottenham Hotspur,2014-05-11,0.795959595959596
Tottenham Hotspur,2014-08-16,0.6696285506190823
Tottenham Hotspur,2014-08-24,0.669482884195193
Tottenham Hotspur,2014-08-31,0.6077307466196356
Tottenham Hotspur,2014-09-13,0.6030276308054086
Tottenham Hotspur,2014-09-21,0.7134038800705468
Tottenham Hotspur,2014-09-27,0.7548500881834215
Tottenham Hotspur,2014-10-05,0.7776308054085832
Tottenham Hotspur,2014-10-18,0.8325811617411559
Tottenham Hotspur,2014-10-26,0.7970887918486171
Tottenham Hotspur,2014-11-02,0.8731905037637522
Tottenham Hotspur,2014-11-09,0.8297625940938043
Tottenham Hotspur,2014-11-23,0.809206716850029
Tottenham Hotspur,2014-11-30,0.5364334347385195
Tottenham Hotspur,2014-12-03,0.576271186440678
Tottenham Hotspur,2014-12-06,0.6733304360423005
Tottenham Hotspur,2014-12-14,0.7454361054766734
Tottenham Hotspur,2014-12-20,0.7338628158844765
Tottenham Hotspur,2014-12-26,0.8023104693140795
Tottenham Hotspur,2014-12-28,0.7827028587929541
Tottenham Hotspur,2015-01-01,0.7629490693983552
Tottenham Hotspur,2015-01-10,0.8011830904631366
Tottenham Hotspur,2015-01-17,0.6818640888760641
Tottenham Hotspur,2015-01-31,0.6796998990044727
Tottenham Hotspur,2015-02-07,0.8408599047756457
Tottenham Hotspur,2015-02-10,0.8248448997258693
Tottenham Hotspur,2015-02-22,0.8211194460473168
Tottenham Hotspur,2015-03-04,0.8537218695903058
Tottenham Hotspur,2015-03-07,0.8557414887478362
Tottenham Hotspur,2015-03-15,0.8429024812463936
Tottenham Hotspur,2015-03-21,0.9239757645701097
Tottenham Hotspur,2015-04-05,0.9033467974610502
Tottenham Hotspur,2015-04-11,0.7758222735141374
Tottenham Hotspur,2015-04-19,0.6935064935064935
Tottenham Hotspur,2015-04-25,0.784992784992785
Tottenham Hotspur,2015-05-03,0.7372294372294372
Tottenham Hotspur,2015-05-09,0.7935064935064935
Tottenham Hotspur,2015-05-16,0.7582972582972582
Tottenham Hotspur,2015-05-24,0.8193295602960383
Tottenham Hotspur,2015-08-08,0.8062971561230412
Tottenham Hotspur,2015-08-15,0.7202959524154939
Tottenham Hotspur,2015-08-22,0.8122733207601915
Tottenham Hotspur,2015-08-29,0.782823153924271
Tottenham Hotspur,2015-09-13,0.7298708835050051
Tottenham Hotspur,2015-09-20,0.7218917742637458
Tottenham Hotspur,2015-09-26,0.7417772648586266
Tottenham Hotspur,2015-10-04,0.7984417832924542
Tottenham Hotspur,2015-10-17,0.861904761904762
Tottenham Hotspur,2015-10-25,0.732034632034632
Tottenham Hotspur,2015-11-02,0.8144300144300144
Tottenham Hotspur,2015-11-08,0.874025974025974
Tottenham Hotspur,2015-11-22,0.8790764790764791
Tottenham Hotspur,2015-11-29,0.82801904487087
Tottenham Hotspur,2015-12-05,0.8642527409117138
Tottenham Hotspur,2015-12-13,0.9492210040392384
Tottenham Hotspur,2015-12-19,0.8775245239469128
Tottenham Hotspur,2015-12-26,0.8854587420657819
Tottenham Hotspur,2015-12-28,0.9035049762007789
Tottenham Hotspur,2016-01-03,0.8665801240444252
Tottenham Hotspur,2016-01-13,0.8368436237738026
Tottenham Hotspur,2016-01-16,0.9193478574520271
Tottenham Hotspur,2016-01-23,0.8646855164454703
Tottenham Hotspur,2016-02-02,0.7424985574148875
Tottenham Hotspur,2016-02-06,0.8173687247547605
Tottenham Hotspur,2016-02-14,0.8173687247547605
Tottenham Hotspur,2016-02-28,0.8433578537429685
Tottenham Hotspur,2016-03-02,0.7741237559498053
Tottenham Hotspur,2016-03-05,0.7765757969133131
Tottenham Hotspur,2016-03-13,0.8788228505481823
Tottenham Hotspur,2016-03-20,0.870600115406809
Tottenham Hotspur,2016-04-02,0.9075436319053801
Tottenham Hotspur,2016-04-10,0.872638107601327
Tottenham Hotspur,2016-04-18,0.8727639930755915
Tottenham Hotspur,2016-04-25,0.8883600173085244
Tottenham Hotspur,2016-05-02,0.9022209402942025
Tottenham Hotspur,2016-05-08,0.8547945205479452
Tottenham Hotspur,2016-05-15,0.7892156862745098
Tottenham Hotspur,2016-08-13,0.7407354001441961
Tottenham Hotspur,2016-08-20,0.8221805595615806
Tottenham Hotspur,2016-08-27,0.7914623593885204
Tottenham Hotspur,2016-09-10,0.8115356885364096
Tottenham Hotspur,2016-09-18,0.8171593366979092
Tottenham Hotspur,2016-09-24,0.7724257282953562
Tottenham Hotspur,2016-10-02,0.6923409779316313
Tottenham Hotspur,2016-10-15,0.816411883472743
Tottenham Hotspur,2016-10-22,0.8503244412400865
Tottenham Hotspur,2016-10-29,0.7958183129055515
Tottenham Hotspur,2016-11-06,0.729842780902928
Tottenham Hotspur,2016-11-19,0.7163877668782458
Tottenham Hotspur,2016-11-26,0.8227062896710906
Tottenham Hotspur,2016-12-03,0.8012117714945182
Tottenham Hotspur,2016-12-11,0.853845044005194
Tottenham Hotspur,2016-12-14,0.8101010101010101
Tottenham Hotspur,2016-12-18,0.8417027417027417
Tottenham Hotspur,2016-12-28,0.9145743145743146
Tottenham Hotspur,2017-01-01,0.93997113997114
Tottenham Hotspur,2017-01-04,0.7144300144300144
Tottenham Hotspur,2017-01-14,0.9483405483405484
Tottenham Hotspur,2017-01-21,0.9349300245274852
Tottenham Hotspur,2017-01-31,0.9003173687247548
Tottenham Hotspur,2017-02-04,0.7853433352567801
Tottenham Hotspur,2017-02-11,0.8280438545874207
Tottenham Hotspur,2017-02-26,0.8521563536708495
Tottenham Hotspur,2017-03-05,0.9079763450165873
Tottenham Hotspur,2017-03-19,0.8887927304197317
Tottenham Hotspur,2017-04-01,0.8450887061877975
Tottenham Hotspur,2017-04-05,0.789671090594345
Tottenham Hotspur,2017-04-08,0.7448066935949221
Tottenham Hotspur,2017-04-15,0.8147987884032886
Tottenham Hotspur,2017-04-26,0.9343623773802654
Tottenham Hotspur,2017-04-30,0.9407097518753607
Tottenham Hotspur,2017-05-05,0.9500937545074283
Tottenham Hotspur,2017-05-14,0.9515361315447858
Tottenham Hotspur,2017-05-18,0.9288908120582721
Tottenham Hotspur,2017-05-21,0.8051629650995097
Tottenham Hotspur,2017-08-13,0.9600519180847995
Tottenham Hotspur,2017-08-20,0.9149120276896452
Tottenham Hotspur,2017-08-27,0.9602018745493872
Tottenham Hotspur,2017-09-09,0.890843547224225
Tottenham Hotspur,2017-09-16,0.9041095890410958
Tottenham Hotspur,2017-09-23,0.7779379956741168
Tottenham Hotspur,2017-09-30,0.8327083934237093
Tottenham Hotspur,2017-10-14,0.9104585563431217
Tottenham Hotspur,2017-10-22,0.8391436424128453
Tottenham Hotspur,2017-10-28,0.8930999566035006
Tottenham Hotspur,2017-11-05,0.7528935185185185
Tottenham Hotspur,2017-11-18,0.6595282882361453
Tottenham Hotspur,2017-11-25,0.8415798611111112
Tottenham Hotspur,2017-11-28,0.8046875
Tottenham Hotspur,2017-12-02,0.7466820542412003
Tottenham Hotspur,2017-12-09,0.8537218695903058
Tottenham Hotspur,2017-12-13,0.8096619759175976
Tottenham Hotspur,2017-12-16,0.8459306542869578
Tottenham Hotspur,2017-12-23,0.8761241659413983
Tottenham Hotspur,2017-12-26,0.8481067749891193
Tottenham Hotspur,2018-01-02,0.8869867982010735
Tottenham Hotspur,2018-01-04,0.7980559988394023
Tottenham Hotspur,2018-01-13,0.8211228782823153
Tottenham Hotspur,2018-01-21,0.875486942721108
Tottenham Hotspur,2018-01-31,0.7449141538017602
Tottenham Hotspur,2018-02-04,0.8735930735930736
Tottenham Hotspur,2018-02-10,0.8656759486365604
Tottenham Hotspur,2018-02-25,0.8805539526832084
Tottenham Hotspur,2018-03-03,0.8035199076745528
Tottenham Hotspur,2018-03-11,0.923398730525101
Tottenham Hotspur,2018-04-01,0.8029428736295442
Tottenham Hotspur,2018-04-07,0.9213791113675707
Tottenham Hotspur,2018-04-14,0.8642527409117138
Tottenham Hotspur,2018-04-17,0.8818352330111096
Tottenham Hotspur,2018-04-30,0.6917748917748918
Tottenham Hotspur,2018-05-05,0.8790764790764791
Tottenham Hotspur,2018-05-09,0.7425685425685425
Tottenham Hotspur,2018-05-13,0.845021645021645
Tottenham Hotspur,2018-08-11,0.7056277056277056
Tottenham Hotspur,2018-08-18,0.7476190476190476
Tottenham Hotspur,2018-08-27,0.7816108545034642
Tottenham Hotspur,2018-09-02,0.7453810623556582
Tottenham Hotspur,2018-09-15,0.6804272517321016
Tottenham Hotspur,2018-09-22,0.6626732101616628
Tottenham Hotspur,2018-09-29,0.7007794457274826
Tottenham Hotspur,2018-10-06,0.6860565819861432
Tottenham Hotspur,2018-10-20,0.6565160917881369
Tottenham Hotspur,2018-10-29,0.726446400230847
Tottenham Hotspur,2018-11-03,0.7782426778242678
Tottenham Hotspur,2018-11-10,0.7502524888183524
Tottenham Hotspur,2018-11-24,0.6753715192612899
Tottenham Hotspur,2018-12-02,0.6433415091617372
Tottenham Hotspur,2018-12-05,0.6798441783292454
Tottenham Hotspur,2018-12-08,0.7530685920577618
Tottenham Hotspur,2018-12-15,0.75971119133574
Tottenham Hotspur,2018-12-23,0.7148014440433214
Tottenham Hotspur,2018-12-26,0.7669314079422382
Tottenham Hotspur,2018-12-29,0.7048375451263538
Tottenham Hotspur,2019-01-01,0.7423826714801444
Tottenham Hotspur,2019-01-13,0.7262093862815885
Tottenham Hotspur,2019-01-20,0.7675324675324675
Tottenham Hotspur,2019-01-30,0.6073593073593073
Tottenham Hotspur,2019-02-02,0.7595959595959596
Tottenham Hotspur,2019-02-10,0.8044733044733045
Tottenham Hotspur,2019-02-23,0.7913419913419913
Tottenham Hotspur,2019-02-27,0.7512265512265512
Tottenham Hotspur,2019-03-02,0.8391053391053391
Tottenham Hotspur,2019-03-09,0.8028860028860029
Tottenham Hotspur,2019-03-31,0.6854256854256854
Tottenham Hotspur,2019-04-03,0.8326118326118326
Tottenham Hotspur,2019-04-13,0.8109940845476843
Tottenham Hotspur,2019-04-20,0.6723889209463358
Tottenham Hotspur,2019-04-23,0.6086266589728794
Tottenham Hotspur,2019-04-27,0.6917195614541258
Tottenham Hotspur,2019-05-04,0.6946487811914034
Tottenham Hotspur,2019-05-12,0.8042694360305784
Tottenham Hotspur,2019-08-10,0.6101694915254238
Tottenham Hotspur,2019-08-17,0.5278386672512057
Tottenham Hotspur,2019-08-25,0.5922840859272249
Tottenham Hotspur,2019-09-01,0.7163939216832261
Tottenham Hotspur,2019-09-14,0.6829339567504383
Tottenham Hotspur,2019-09-21,0.7350577232208095
Tottenham Hotspur,2019-09-28,0.6975010960105217
Tottenham Hotspur,2019-10-05,0.7941431044431622
Tottenham Hotspur,2019-10-19,0.777567646203084
Tottenham Hotspur,2019-10-27,0.7997963043794558
Tottenham Hotspur,2019-11-03,0.7619324796274738
Tottenham Hotspur,2019-11-09,0.5660651920838184
Tottenham Hotspur,2019-11-23,0.6356747303993004
Tottenham Hotspur,2019-11-30,0.823958029728942
Tottenham Hotspur,2019-12-04,0.8160886039055669
Tottenham Hotspur,2019-12-07,0.8488657708423638
Tottenham Hotspur,2019-12-15,0.7939604103453258
Tottenham Hotspur,2019-12-22,0.8922121080768675
Tottenham Hotspur,2019-12-26,0.9092878809764553
Tottenham Hotspur,2019-12-28,0.8573497465604635
Tottenham Hotspur,2020-01-01,0.7359884141926141
Tottenham Hotspur,2020-01-11,0.7753801593048516
Tottenham Hotspur,2020-01-18,0.6493337195828505
Tottenham Hotspur,2020-01-22,0.6759849362688297
Tottenham Hotspur,2020-02-02,0.6709154113557358
Tottenham Hotspur,2020-02-16,0.6434366850188351
Tottenham Hotspur,2020-02-22,0.6724386724386724
Tottenham Hotspur,2020-03-01,0.7294762660510749
Tottenham Hotspur,2020-03-07,0.6209782138219593
Tottenham Hotspur,2020-06-19,0.7259088286208887
Tottenham Hotspur,2020-06-23,0.5816503173687247
Tottenham Hotspur,2020-07-02,0.7856318522792844
Tottenham Hotspur,2020-07-06,0.8097230236583959
Tottenham Hotspur,2020-07-09,0.7762550490478938
Tottenham Hotspur,2020-07-12,0.7487016733987305
Tottenham Hotspur,2020-07-15,0.7984999278811481
Tottenham Hotspur,2020-07-19,0.8717726813789124
Tottenham Hotspur,2020-07-26,0.913037207960773
Tottenham Hotspur,2020-09-13,0.9463590483056957
Tottenham Hotspur,2020-09-20,0.744232987312572
Tottenham Hotspur,2020-09-27,0.726643598615917
Tottenham Hotspur,2020-10-04,0.7656813266041816
Tottenham Hotspur,2020-10-18,0.7267089702913181
Tottenham Hotspur,2020-10-26,0.7405163709793741
Tottenham Hotspur,2020-11-01,0.7504327755337565
Tottenham Hotspur,2020-11-08,0.7576457010963646
Tottenham Hotspur,2020-11-21,0.7710287115856298
Tottenham Hotspur,2020-11-29,0.7639590246717646
Tottenham Hotspur,2020-12-06,0.7856009233876785
Tottenham Hotspur,2020-12-13,0.8206866705135603
Tottenham Hotspur,2020-12-16,0.8834559353815087
Tottenham Hotspur,2020-12-20,0.8574931487090726
Tottenham Hotspur,2020-12-27,0.869734564339296
Tottenham Hotspur,2021-01-02,0.7589440276976341
Tottenham Hotspur,2021-01-13,0.7784189267166762
Tottenham Hotspur,2021-01-17,0.7344200807847663
Tottenham Hotspur,2021-01-28,0.7609291588515366
Tottenham Hotspur,2021-01-31,0.768465089440277
Tottenham Hotspur,2021-02-04,0.620600115406809
Tottenham Hotspur,2021-02-07,0.7018176572417772
Tottenham Hotspur,2021-02-13,0.731534910559723
Tottenham Hotspur,2021-02-21,0.6865714697822011
Tottenham Hotspur,2021-02-28,0.6557046011827492
Tottenham Hotspur,2021-03-04,0.6906101254868022
Tottenham Hotspur,2021-03-07,0.7744914153801761
Tottenham Hotspur,2021-03-14,0.705381618814024
Tottenham Hotspur,2021-03-21,0.8182080507863223
Tottenham Hotspur,2021-04-04,0.6323550672256759
Tottenham Hotspur,2021-04-11,0.7773279352226721
Tottenham Hotspur,2021-04-16,0.7060439560439561
Tottenham Hotspur,2021-04-21,0.7325043377674957
Tottenham Hotspur,2021-05-02,0.6460893450918028
Tottenham Hotspur,2021-05-08,0.6502819141246206
Tottenham Hotspur,2021-05-16,0.8103223941014891
Tottenham Hotspur,2021-05-19,0.7563122204588083
Tottenham Hotspur,2021-05-23,0.737844466887895
Tottenham Hotspur,2021-08-15,0.7020631943442505
Tottenham Hotspur,2021-08-22,0.6348817080207733
Tottenham Hotspur,2021-08-29,0.7945758799769186
Tottenham Hotspur,2021-09-11,0.7781624116544065
Tottenham Hotspur,2021-09-19,0.662339535554594
Tottenham Hotspur,2021-09-26,0.7074337052601072
Tottenham Hotspur,2021-10-03,0.8239385596290393
Tottenham Hotspur,2021-10-17,0.6872916968555282
Tottenham Hotspur,2021-10-24,0.7388405797101449
Tottenham Hotspur,2021-10-30,0.835628351935063
Tottenham Hotspur,2021-11-07,0.826206696622699
Tottenham Hotspur,2021-11-21,0.9025945789244818
Tottenham Hotspur,2021-12-02,0.7506853267926706
Tottenham Hotspur,2021-12-05,0.8511037368345116
Tottenham Hotspur,2021-12-19,0.7701630356369932
Tottenham Hotspur,2021-12-26,0.8083970567017746
Tottenham Hotspur,2021-12-28,0.79613331409609
Tottenham Hotspur,2022-01-01,0.8131313131313131
Tottenham Hotspur,2022-01-19,0.8790764790764791
Tottenham Hotspur,2022-01-23,0.7609291588515366
Tottenham Hotspur,2022-02-09,0.7617948348001732
Tottenham Hotspur,2022-02-13,0.7219737411628914
Tottenham Hotspur,2022-02-19,0.6897994517385658
Tottenham Hotspur,2022-02-23,0.7645361419708556
Tottenham Hotspur,2022-02-26,0.7776976341604155
Tottenham Hotspur,2022-03-07,0.7530294287362954
Tottenham Hotspur,2022-03-12,0.8016743648960739
Tottenham Hotspur,2022-03-16,0.8507505773672055
Tottenham Hotspur,2022-03-20,0.8764434180138568
Tottenham Hotspur,2022-04-03,0.9024390243902439
Tottenham Hotspur,2022-04-09,0.9070841148463425
Tottenham Hotspur,2022-04-16,0.9434343434343434
Tottenham Hotspur,2022-04-23,0.8972582972582973
Tottenham Hotspur,2022-05-01,0.8538872061156786
Tottenham Hotspur,2022-05-07,0.8825905091590942
Tottenham Hotspur,2022-05-12,0.8932640992355402
Tottenham Hotspur,2022-05-15,0.8378768210010097
Tottenham Hotspur,2022-05-22,0.870148607704516
Tottenham Hotspur,2022-08-06,0.9078188113098673
Tottenham Hotspur,2022-08-14,0.9291690709751875
Tottenham Hotspur,2022-08-20,0.9438834391229083
Tottenham Hotspur,2022-08-28,0.9081073283323716
Tottenham Hotspur,2022-08-31,0.93133294864397
Tottenham Hotspur,2022-09-03,0.7977495672244662
Tottenham Hotspur,2022-09-17,0.8059723023658396
Tottenham Hotspur,2022-10-01,0.9121338912133892
Tottenham Hotspur,2022-10-08,0.8612032895686048
Tottenham Hotspur,2022-10-15,0.7734318412284514
Tottenham Hotspur,2022-10-19,0.8038818076477404
Tottenham Hotspur,2022-10-23,0.8290140437237585
Tottenham Hotspur,2022-10-29,0.7742542716478424
Tottenham Hotspur,2022-11-06,0.8343469446857805
Tottenham Hotspur,2022-11-12,0.7832319721980886
Tottenham Hotspur,2022-12-26,0.8066898349261512
Tottenham Hotspur,2023-01-01,0.6537851478010094
Tottenham Hotspur,2023-01-04,0.7387166546503244
Tottenham Hotspur,2023-01-15,0.7671667628390075
Tottenham Hotspur,2023-01-19,0.8253029428736296
Tottenham Hotspur,2023-01-23,0.8456433929601846
Tottenham Hotspur,2023-02-05,0.7642815926139642
Tottenham Hotspur,2023-02-11,0.8019616327708063
Tottenham Hotspur,2023-02-19,0.6634434983403088
Tottenham Hotspur,2023-02-26,0.7577944572748267
Tottenham Hotspur,2023-03-04,0.7383083140877598
Tottenham Hotspur,2023-03-11,0.7501443418013857
Tottenham Hotspur,2023-03-18,0.7657332563510393
Tottenham Hotspur,2023-04-03,0.9184586520421417
Tottenham Hotspur,2023-04-08,0.7162240184757506
Tottenham Hotspur,2023-04-15,0.7670659546832155
Tottenham Hotspur,2023-04-23,0.8455988455988456
Tottenham Hotspur,2023-04-27,0.8567099567099568
Tottenham Hotspur,2023-04-30,0.9298701298701298
Tottenham Hotspur,2023-05-06,0.8704184704184704
Tottenham Hotspur,2023-05-13,0.8467753570913288
Tottenham Hotspur,2023-05-20,0.8528350887317847
Tottenham Hotspur,2023-05-28,0.7130083645803288
Tottenham Hotspur,2023-08-13,0.7009952401557767
Tottenham Hotspur,2023-08-19,0.4849315068493151
Tottenham Hotspur,2023-08-26,0.6136986301369863
Tottenham Hotspur,2023-09-02,0.6882480173035328
Tottenham Hotspur,2023-09-16,0.7331602480888504
Tottenham Hotspur,2023-09-24,0.7366219529785086
Tottenham Hotspur,2023-09-30,0.7460340351889242
Tottenham Hotspur,2023-10-07,0.8810210556677243
Tottenham Hotspur,2023-10-23,0.9335160080761465
Tottenham Hotspur,2023-10-27,0.8703918722786648
Tottenham Hotspur,2023-11-06,0.8641509433962264
Tottenham Hotspur,2023-11-11,0.9091568712813816
Tottenham Hotspur,2023-11-26,0.6042065009560229
Tottenham Hotspur,2023-12-03,0.5708400765043401
Tottenham Hotspur,2023-12-07,0.7206120347212005
Tottenham Hotspur,2023-12-10,0.8159211300765156
Tottenham Hotspur,2023-12-15,0.8415204678362573
Tottenham Hotspur,2023-12-23,0.8668323344540272
Tottenham Hotspur,2023-12-28,0.8056003518545668
Tottenham Hotspur,2023-12-31,0.8381310574280342
Tottenham Hotspur,2024-01-14,0.815709532764357
Tottenham Hotspur,2024-01-31,0.5899030811514537
Tottenham Hotspur,2024-02-03,0.6711516203703703
Tottenham Hotspur,2024-02-10,0.7754954433675684
Tottenham Hotspur,2024-02-17,0.8734085648148148
Tottenham Hotspur,2024-03-02,0.7721829461838119
Tottenham Hotspur,2024-03-10,0.7573221757322176
Tottenham Hotspur,2024-03-16,0.8140775998846098
Tottenham Hotspur,2024-03-30,0.8537429684119429
Tottenham Hotspur,2024-04-02,0.8804269436030578
Tottenham Hotspur,2024-04-07,0.9270051933064051
Tottenham Hotspur,2024-04-13,0.9019183614596855
Tottenham Hotspur,2024-04-28,0.9412952545795471
Tottenham Hotspur,2024-05-02,0.8580700995240156
Tottenham Hotspur,2024-05-05,0.8202279613331409
Tottenham Hotspur,2024-05-11,0.8085413360265474
Tottenham Hotspur,2024-05-14,0.8343673351608715
Tottenham Hotspur,2024-05-19,0.795556196796999
Tottenham Hotspur,2024-08-19,0.8554321165776945
Tottenham Hotspur,2024-08-24,0.8235463858029144
Tottenham Hotspur,2024-09-01,0.8097504687725371
Tottenham Hotspur,2024-09-15,0.8032597721044281
Tottenham Hotspur,2024-09-21,0.8430693783354969
Tottenham Hotspur,2024-09-29,0.8887927304197317
Tottenham Hotspur,2024-10-06,0.8302322227030146
Tottenham Hotspur,2024-10-19,0.8401615695326025
Tottenham Hotspur,2024-10-27,0.943594922100404
Tottenham Hotspur,2024-11-03,0.8834054834054834
Tottenham Hotspur,2024-11-10,0.8545454545454545
Tottenham Hotspur,2024-11-23,0.8845598845598845
Tottenham Hotspur,2024-12-01,0.7714285714285715
Tottenham Hotspur,2024-12-05,0.621465666474322
Tottenham Hotspur,2024-12-08,0.770085100245204
Tottenham Hotspur,2024-12-15,0.8557622962642435
Tottenham Hotspur,2024-12-22,0.7431126496466176
Tottenham Hotspur,2024-12-26,0.7787393624693495
Tottenham Hotspur,2024-12-29,0.9094187220539449
Tottenham Hotspur,2025-01-04,0.8729265830087986
Tottenham Hotspur,2025-01-15,0.7863223200115423
Tottenham Hotspur,2025-01-19,0.7763347763347763
Tottenham Hotspur,2025-01-26,0.6178932178932179
Tottenham Hotspur,2025-02-02,0.6038961038961039
Tottenham Hotspur,2025-02-16,0.6683018323474246
Tottenham Hotspur,2025-02-22,0.6990333285240226
Tottenham Hotspur,2025-02-26,0.6629634973308325
Tottenham Hotspur,2025-03-09,0.7381330255374405
Tottenham Hotspur,2025-03-16,0.6175155100274131
Tottenham Hotspur,2025-04-03,0.6498340787765113
Tottenham Hotspur,2025-04-06,0.6697446255951522
Tottenham Hotspur,2025-04-13,0.8085137085137085
Tottenham Hotspur,2025-04-21,0.7259740259740259
Tottenham Hotspur,2025-04-27,0.7678210678210678
Tottenham Hotspur,2025-05-04,0.729004329004329
Tottenham Hotspur,2025-05-11,0.5025974025974026
Tottenham Hotspur,2025-05-16,0.5606060606060606
Tottenham Hotspur,2025-05-25,0.6810966810966811
Tottenham Hotspur,2025-08-16,0.7875901875901876
Tottenham Hotspur,2025-08-23,0.6621933621933622
Tottenham Hotspur,2025-08-30,0.6243867243867244
Tottenham Hotspur,2025-09-13,0.6498340787765113
Tottenham Hotspur,2025-09-20,0.710142836531525
Tottenham Hotspur,2025-09-27,0.6918193622853845
Tottenham Hotspur,2025-10-04,0.8476410330399654
Tottenham Hotspur,2025-10-19,0.8433126532967826
Tottenham Hotspur,2025-10-26,0.8506924408540104
Tottenham Hotspur,2025-11-01,0.8323716099249856
Tottenham Hotspur,2025-11-08,0.9662435083669937
Tottenham Hotspur,2025-11-23,0.8682919792267744
Tottenham Hotspur,2025-11-29,0.947201384881708
Tottenham Hotspur,2025-12-02,0.8374206578188114
Tottenham Hotspur,2025-12-06,0.7615406809001731
Tottenham Hotspur,2025-12-14,0.8721685182513346
Tottenham Hotspur,2025-12-20,0.8277304862213245
Tottenham Hotspur,2025-12-28,0.8578643578643579
Tottenham Hotspur,2026-01-01,0.7830641641204714
Tottenham Hotspur,2026-01-04,0.7795722391968573
Tottenham Hotspur,2026-01-07,0.8619234686454241
Tottenham Hotspur,2026-01-17,0.8363160192055871
Tottenham Hotspur,2026-01-24,0.7209369998545031
Tottenham Hotspur,2026-02-01,0.6515856851905731
Tottenham Hotspur,2026-02-07,0.5246545454545455
Tottenham Hotspur,2026-02-10,0.6829655271888072
Tottenham Hotspur,2026-02-22,0.7088183934807916
Tottenham Hotspur,2026-03-01,0.7363213038416764
Tottenham Hotspur,2026-03-05,0.7910360884749709
Tottenham Hotspur,2026-03-15,0.7819001891459334
Tottenham Hotspur,2026-03-22,0.646041055718475
Tottenham Hotspur,2026-04-12,0.769208211143695
Tottenham Hotspur,2026-04-18,0.7291391699662707
Tottenham Hotspur,2026-04-25,0.7066860465116279
Tottenham Hotspur,2026-05-03,0.7232558139534884
Tottenham Hotspur,2026-05-11,0.6908879523325098
Tottenham Hotspur,2026-05-19,0.6822144725370531
Tottenham Hotspur,2026-05-24,0.7568503028554947
Watford,2015-09-27,0.8275792038992689
Watford,2015-10-03,0.8561041596212378
Watford,2015-10-17,0.7856315179606026
Watford,2015-10-24,0.8383779869659667
Watford,2015-10-31,0.7976828385228095
Watford,2015-11-07,0.8367849384503983
Watford,2015-11-21,0.8650253439536568
Watford,2015-11-28,0.9258404270668014
Watford,2015-12-05,0.9225220025970279
Watford,2015-12-12,0.9565719232433992
Watford,2015-12-20,0.9463280911845332
Watford,2015-12-26,0.9699899004472659
Watford,2015-12-28,0.8890491992497475
Watford,2016-01-02,0.9588863242931333
Watford,2016-01-13,0.8518464880521361
Watford,2016-01-18,0.9060101375814628
Watford,2016-01-23,0.8389572773352643
Watford,2016-02-03,0.9112108922363847
Watford,2016-02-06,0.8401158580738595
Watford,2016-02-13,0.8977552498189718
Watford,2016-02-27,0.7665121668597914
Watford,2016-03-02,0.7740585774058577
Watford,2016-03-05,0.7537151926128985
Watford,2016-03-19,0.6947049487808397
Watford,2016-04-02,0.7462126677247151
Watford,2016-04-09,0.7952380952380952
Watford,2016-04-16,0.7438672438672439
Watford,2016-04-20,0.7782106782106782
Watford,2016-04-30,0.5703361708267205
Watford,2016-05-08,0.6274707834367336
Watford,2016-05-11,0.7418842879815323
Watford,2016-05-15,0.7818496609435868
Watford,2016-08-13,0.820805078632232
Watford,2016-08-20,0.7092771605828885
Watford,2016-08-27,0.6220905016625705
Watford,2016-09-10,0.5112042793118404
Watford,2016-09-18,0.6259939280034698
Watford,2016-09-26,0.7217001590284805
Watford,2016-10-01,0.7578779994217982
Watford,2016-10-16,0.7583116507661174
Watford,2016-10-22,0.7957502168256722
Watford,2016-10-29,0.888199653779573
Watford,2016-11-06,0.9265618236906651
Watford,2016-11-19,0.8552878372529217
Watford,2016-11-27,0.7782426778242678
Watford,2016-12-03,0.9075169528206608
Watford,2016-12-10,0.6861924686192469
Watford,2016-12-14,0.778082587352007
Watford,2016-12-17,0.8100187671430634
Watford,2016-12-26,0.8461094268803234
Watford,2017-01-01,0.8640103941100044
Watford,2017-01-03,0.6818247437563159
Watford,2017-01-14,0.749639041293676
Watford,2017-01-21,0.7170083742419867
Watford,2017-01-31,0.7532823546385803
Watford,2017-02-04,0.6494949494949495
Watford,2017-02-11,0.6988455988455988
Watford,2017-02-25,0.7447330447330447
Watford,2017-03-04,0.7787878787878788
Watford,2017-03-18,0.8317460317460318
Watford,2017-04-01,0.8255411255411256
Watford,2017-04-04,0.7386724386724387
Watford,2017-04-08,0.806060606060606
Watford,2017-04-15,0.6418537291817523
Watford,2017-04-22,0.755394641564084
Watford,2017-05-01,0.8241853729181753
Watford,2017-05-06,0.8128892107168718
Watford,2017-05-12,0.7788559015206372
Watford,2017-05-15,0.7986965966690803
Watford,2017-05-21,0.8813902968863143
Watford,2017-08-12,0.7509738854422161
Watford,2017-08-19,0.5358534122060309
Watford,2017-08-26,0.6175155100274131
Watford,2017-09-09,0.5722735141373341
Watford,2017-09-16,0.6221963297407516
Watford,2017-09-23,0.6657442470142733
Watford,2017-09-30,0.6586076318089135
Watford,2017-10-14,0.7175528040786598
Watford,2017-10-21,0.8214129643117262
Watford,2017-10-28,0.8514202476329206
Watford,2017-11-05,0.8122359796067007
Watford,2017-11-19,0.8386957149040543
Watford,2017-11-25,0.8920946335833814
Watford,2017-11-28,0.8419154767056108
Watford,2017-12-02,0.8374441078898024
Watford,2017-12-09,0.8220106735900764
Watford,2017-12-12,0.758257608538872
Watford,2017-12-16,0.8309838686237465
Watford,2017-12-23,0.7009305030532131
Watford,2017-12-26,0.6133431085043989
Watford,2017-12-30,0.7124211761255316
Watford,2018-01-02,0.7982404692082111
Watford,2018-01-13,0.7762463343108504
Watford,2018-01-20,0.854692082111437
Watford,2018-01-31,0.7661184689273759
Watford,2018-02-05,0.6144893802734943
Watford,2018-02-10,0.6368489395469629
Watford,2018-02-24,0.6266589728793999
Watford,2018-03-03,0.6677247150483335
Watford,2018-03-11,0.6934064348578849
Watford,2018-03-17,0.7375937680323139
Watford,2018-03-31,0.8245816503173687
Watford,2018-04-07,0.8763704558568955
Watford,2018-04-14,0.9257068667051356
Watford,2018-04-21,0.831048910691098
Watford,2018-04-30,0.8004904789382573
Watford,2018-05-05,0.7414887478361223
Watford,2018-05-13,0.8360986870581446
Watford,2018-08-11,0.6811426922522003
Watford,2018-08-19,0.7193767133169817
Watford,2018-08-26,0.7580435723560813
Watford,2018-09-02,0.7785312364738133
Watford,2018-09-15,0.8662530659356514
Watford,2018-09-22,0.877668782458165
Watford,2018-09-29,0.9274379688401616
Watford,2018-10-06,0.8554738208567719
Watford,2018-10-20,0.9040819270157219
Watford,2018-10-27,0.653090909090909
Watford,2018-11-03,0.7790545454545454
Watford,2018-11-10,0.7948792551643875
Watford,2018-11-24,0.7929579514040448
Watford,2018-12-01,0.8559580969009166
Watford,2018-12-04,0.9222933643771828
Watford,2018-12-10,0.790745052386496
Watford,2018-12-15,0.8
Watford,2018-12-22,0.7537151926128985
Watford,2018-12-26,0.8630789207906507
Watford,2018-12-29,0.9091171379111368
Watford,2019-01-02,0.7831947232578147
Watford,2019-01-12,0.8518784055061658
Watford,2019-01-19,0.8321146953405018
Watford,2019-01-30,0.7481364678899083
Watford,2019-02-02,0.7174193548387097
Watford,2019-02-09,0.7207168458781362
Watford,2019-02-22,0.7995411528534557
Watford,2019-02-27,0.7990768786960911
Watford,2019-03-03,0.8534544930044714
Watford,2019-03-09,0.8840161569532602
Watford,2019-03-30,0.6700807847663012
Watford,2019-04-02,0.7234564339296018
Watford,2019-04-15,0.8358338141950375
Watford,2019-04-20,0.7283612233121755
Watford,2019-04-23,0.6833041447752481
Watford,2019-04-27,0.8076754705968189
Watford,2019-05-05,0.7682766671530716
Watford,2019-05-12,0.6951255107997665
Watford,2019-08-10,0.9036777583187391
Watford,2019-08-17,0.7997063142437592
Watford,2019-08-24,0.8111600587371512
Watford,2019-08-31,0.7339236463928002
Watford,2019-09-15,0.7462253193960511
Watford,2019-09-21,0.8013937282229965
Watford,2019-09-28,0.7900696864111498
Watford,2019-10-05,0.7293844367015099
Watford,2019-10-19,0.732034632034632
Watford,2019-10-26,0.822943722943723
Watford,2019-11-02,0.7414141414141414
Watford,2019-11-08,0.7536796536796537
Watford,2019-11-23,0.8098124098124098
Watford,2019-11-30,0.6696596669080377
Watford,2019-12-04,0.6477914554670529
Watford,2019-12-07,0.6095582910934105
Watford,2019-12-14,0.7071687183200579
Watford,2019-12-22,0.7384503982621289
Watford,2019-12-26,0.8056480811006517
Watford,2019-12-28,0.8112961622013034
Watford,2020-01-01,0.9323232323232323
Watford,2020-01-12,0.8438451500652457
Watford,2020-01-18,0.7724960023259194
Watford,2020-01-21,0.7928779069767442
Watford,2020-02-01,0.8040697674418604
Watford,2020-02-08,0.7844790001453277
Watford,2020-02-23,0.7687836070338614
Watford,2020-02-29,0.8322918180497021
Watford,2020-03-07,0.8524732426959791
Watford,2020-06-20,0.7538949798038084
Watford,2020-06-25,0.8281633241956428
Watford,2020-06-28,0.8206607993074593
Watford,2020-07-04,0.8203463203463204
Watford,2020-07-07,0.8851370851370851
Watford,2020-07-11,0.8468975468975469
Watford,2020-07-17,0.8679653679653679
Watford,2020-07-21,0.8447554465445102
Watford,2020-07-26,0.8982830760352042
Watford,2021-08-14,0.9125667291877074
Watford,2021-08-21,0.27730486221324485
Watford,2021-08-29,0.36120058565153734
Watford,2021-09-11,0.3501783590963139
Watford,2021-09-18,0.3204278397107563
Watford,2021-09-25,0.5117378048780488
Watford,2021-10-02,0.5773809523809523
Watford,2021-10-16,0.6353067156187854
Watford,2021-10-23,0.7566161847942481
Watford,2021-10-30,0.7241639047905996
Watford,2021-11-07,0.7229970326409495
Watford,2021-11-20,0.7364409264145412
Watford,2021-11-28,0.7497825456654102
Watford,2021-12-01,0.616565305531422
Watford,2021-12-04,0.7155896841495218
Watford,2021-12-10,0.7605042016806722
Watford,2021-12-28,0.7549985511445958
Watford,2022-01-01,0.717369259742141
Watford,2022-01-15,0.7692085081753726
Watford,2022-01-21,0.643043100954585
Watford,2022-02-05,0.6569279722302575
Watford,2022-02-08,0.62736598757405
Watford,2022-02-12,0.7481577806675336
Watford,2022-02-19,0.7666522178875885
Watford,2022-02-23,0.6963872832369942
Watford,2022-02-26,0.7770875469517481
Watford,2022-03-06,0.796242774566474
Watford,2022-03-10,0.7796242774566474
Watford,2022-03-13,0.8287651471436814
Watford,2022-04-02,0.8332610267534346
Watford,2022-04-09,0.8886800636113922
Watford,2022-04-16,0.8541275119271361
Watford,2022-04-23,0.909761388286334
Watford,2022-04-30,0.8143167028199566
Watford,2022-05-07,0.8229934924078091
Watford,2022-05-11,0.6375994215473608
Watford,2022-05-15,0.46679207061206773
Watford,2022-05-22,0.5335842501447597
West Bromwich Albion,2012-10-06,0.7721518987341772
West Bromwich Albion,2012-10-20,0.7289402173913043
West Bromwich Albion,2012-10-28,0.8548996801395755
West Bromwich Albion,2012-11-05,0.7712997964524572
West Bromwich Albion,2012-11-10,0.8245129398080837
West Bromwich Albion,2012-11-17,0.7760977028205874
West Bromwich Albion,2012-11-24,0.7406926406926407
West Bromwich Albion,2012-11-28,0.7637806637806638
West Bromwich Albion,2012-12-01,0.69210792093493
West Bromwich Albion,2012-12-08,0.6798441783292454
West Bromwich Albion,2012-12-16,0.766700331842447
West Bromwich Albion,2012-12-22,0.7762227672774491
West Bromwich Albion,2012-12-26,0.6743615639878805
West Bromwich Albion,2012-12-29,0.7346703217428943
West Bromwich Albion,2013-01-01,0.5937094214399077
West Bromwich Albion,2013-01-12,0.7098124098124098
West Bromwich Albion,2013-01-19,0.566955266955267
West Bromwich Albion,2013-01-30,0.707936507936508
West Bromwich Albion,2013-02-03,0.7332275284951666
West Bromwich Albion,2013-02-11,0.716779685471072
West Bromwich Albion,2013-02-23,0.7364982578397212
West Bromwich Albion,2013-03-02,0.7979094076655052
West Bromwich Albion,2013-03-09,0.71965737514518
West Bromwich Albion,2013-03-16,0.8493031358885017
West Bromwich Albion,2013-03-30,0.841753774680604
West Bromwich Albion,2013-04-06,0.8122549731377958
West Bromwich Albion,2013-04-20,0.8372295629446784
West Bromwich Albion,2013-04-27,0.7802308802308803
West Bromwich Albion,2013-05-04,0.8322273514137334
West Bromwich Albion,2013-05-07,0.8505497685185185
West Bromwich Albion,2013-05-12,0.6776620370370371
West Bromwich Albion,2013-05-19,0.7725694444444444
West Bromwich Albion,2013-08-17,0.8964120370370371
West Bromwich Albion,2013-08-24,0.7589699074074074
West Bromwich Albion,2013-09-01,0.8055555555555556
West Bromwich Albion,2013-09-14,0.7662807525325616
West Bromwich Albion,2013-09-21,0.6591630591630592
West Bromwich Albion,2013-09-28,0.6873015873015873
West Bromwich Albion,2013-10-06,0.6411255411255411
West Bromwich Albion,2013-10-19,0.8348001731351897
West Bromwich Albion,2013-10-26,0.8831337469340643
West Bromwich Albion,2013-11-02,0.8884720819506565
West Bromwich Albion,2013-11-09,0.8537007646804213
West Bromwich Albion,2013-11-25,0.8107055258981388
West Bromwich Albion,2013-11-30,0.7514067234165344
West Bromwich Albion,2013-12-04,0.8580291444236041
West Bromwich Albion,2013-12-07,0.7337662337662337
West Bromwich Albion,2013-12-14,0.793073593073593
West Bromwich Albion,2013-12-21,0.846031746031746
West Bromwich Albion,2013-12-26,0.6803751803751804
West Bromwich Albion,2013-12-28,0.5708513708513708
West Bromwich Albion,2014-01-01,0.7411255411255411
West Bromwich Albion,2014-01-11,0.7334776334776335
West Bromwich Albion,2014-01-20,0.7155844155844155
West Bromwich Albion,2014-01-29,0.6665223665223665
West Bromwich Albion,2014-02-02,0.758008658008658
West Bromwich Albion,2014-02-08,0.705050505050505
West Bromwich Albion,2014-02-11,0.6484848484848484
West Bromwich Albion,2014-02-22,0.7261183261183262
West Bromwich Albion,2014-03-08,0.7484848484848485
West Bromwich Albion,2014-03-15,0.8135642135642136
West Bromwich Albion,2014-03-22,0.65007215007215
West Bromwich Albion,2014-03-29,0.6734487734487734
West Bromwich Albion,2014-04-05,0.7453102453102453
West Bromwich Albion,2014-04-12,0.7388167388167388
West Bromwich Albion,2014-04-21,0.8067821067821068
West Bromwich Albion,2014-04-26,0.7821067821067821
West Bromwich Albion,2014-05-04,0.7564213564213564
West Bromwich Albion,2014-05-07,0.7377001875631222
West Bromwich Albion,2014-05-11,0.7573221757322176
West Bromwich Albion,2014-08-16,0.8293175587938248
West Bromwich Albion,2014-08-23,0.6516156953260243
West Bromwich Albion,2014-08-30,0.7146566647432199
West Bromwich Albion,2014-09-13,0.7615406809001731
West Bromwich Albion,2014-09-21,0.6785920369301789
West Bromwich Albion,2014-09-28,0.705958736113115
West Bromwich Albion,2014-10-04,0.7336987882285054
West Bromwich Albion,2014-10-20,0.7629832660126947
West Bromwich Albion,2014-10-25,0.7617948348001732
West Bromwich Albion,2014-11-01,0.8509594575097389
West Bromwich Albion,2014-11-09,0.9004472659067956
West Bromwich Albion,2014-11-22,0.8665608770917484
West Bromwich Albion,2014-11-29,0.8841604154645124
West Bromwich Albion,2014-12-02,0.8905385735080058
West Bromwich Albion,2014-12-06,0.8144104803493449
West Bromwich Albion,2014-12-13,0.7653566229985443
West Bromwich Albion,2014-12-20,0.7173216885007277
West Bromwich Albion,2014-12-26,0.7631732168850073
West Bromwich Albion,2014-12-28,0.7892285298398836
West Bromwich Albion,2015-01-01,0.8564774381368268
West Bromwich Albion,2015-01-10,0.7974318280190449
West Bromwich Albion,2015-01-19,0.7713172702351753
West Bromwich Albion,2015-01-31,0.8662530659356514
West Bromwich Albion,2015-02-08,0.7679988457654018
West Bromwich Albion,2015-02-11,0.7411628913576684
West Bromwich Albion,2015-02-21,0.76002886002886
West Bromwich Albion,2015-02-28,0.8126984126984127
West Bromwich Albion,2015-03-03,0.8776334776334777
West Bromwich Albion,2015-03-14,0.8637806637806638
West Bromwich Albion,2015-03-21,0.8232578271533689
West Bromwich Albion,2015-04-04,0.63199653779573
West Bromwich Albion,2015-04-11,0.747845142439737
West Bromwich Albion,2015-04-18,0.8980845152800117
West Bromwich Albion,2015-04-25,0.8349173855826876
West Bromwich Albion,2015-05-02,0.8989618365258079
West Bromwich Albion,2015-05-09,0.8172247404591314
West Bromwich Albion,2015-05-18,0.8903188066686165
West Bromwich Albion,2015-05-24,0.910048266783677
West Bromwich Albion,2015-08-10,0.9423743500866552
West Bromwich Albion,2015-08-15,0.8145743145743146
West Bromwich Albion,2015-08-23,0.8196248196248196
West Bromwich Albion,2015-08-29,0.7743471360554033
West Bromwich Albion,2015-09-12,0.7831481748665416
West Bromwich Albion,2015-09-19,0.8007502524888184
West Bromwich Albion,2015-09-28,0.8717356802770163
West Bromwich Albion,2015-10-03,0.8293667964806001
West Bromwich Albion,2015-10-17,0.8805711813067936
West Bromwich Albion,2015-10-24,0.8149430261070244
West Bromwich Albion,2015-10-31,0.8410271206001154
West Bromwich Albion,2015-11-07,0.9125793421811886
West Bromwich Albion,2015-11-21,0.9489324870167339
West Bromwich Albion,2015-11-29,0.898730525100981
West Bromwich Albion,2015-12-05,0.8115440115440116
West Bromwich Albion,2015-12-13,0.8313131313131313
West Bromwich Albion,2015-12-19,0.8077922077922078
West Bromwich Albion,2015-12-26,0.9352185831770308
West Bromwich Albion,2015-12-28,0.8307155322862129
West Bromwich Albion,2016-01-02,0.8548574752763235
West Bromwich Albion,2016-01-13,0.7907213496218732
West Bromwich Albion,2016-01-16,0.9502690126508652
West Bromwich Albion,2016-01-23,0.8995201395957539
West Bromwich Albion,2016-02-02,0.7397120837574523
West Bromwich Albion,2016-02-06,0.775305410122164
West Bromwich Albion,2016-02-13,0.6615207040831049
West Bromwich Albion,2016-02-27,0.741451450007214
West Bromwich Albion,2016-03-01,0.819532602423543
West Bromwich Albion,2016-03-06,0.8740441494733805
West Bromwich Albion,2016-03-19,0.8808596567142651
West Bromwich Albion,2016-04-02,0.8853310255300736
West Bromwich Albion,2016-04-09,0.8197028703303043
West Bromwich Albion,2016-04-16,0.7951824606952257
West Bromwich Albion,2016-04-21,0.8900908697533535
West Bromwich Albion,2016-04-25,0.9746105020196192
West Bromwich Albion,2016-04-30,0.7329774956722447
West Bromwich Albion,2016-05-07,0.9160294329822536
West Bromwich Albion,2016-05-15,0.8694272110806521
West Bromwich Albion,2016-08-13,0.8330688212379166
West Bromwich Albion,2016-08-20,0.8278747655460973
West Bromwich Albion,2016-08-28,0.9021786178040687
West Bromwich Albion,2016-09-10,0.8522579714326937
West Bromwich Albion,2016-09-17,0.8218150339056414
West Bromwich Albion,2016-09-24,0.7571428571428571
West Bromwich Albion,2016-10-01,0.7975468975468976
West Bromwich Albion,2016-10-15,0.8444444444444444
West Bromwich Albion,2016-10-22,0.8648297749567224
West Bromwich Albion,2016-10-29,0.801933064050779
West Bromwich Albion,2016-11-06,0.757068667051356
West Bromwich Albion,2016-11-21,0.7696191575302943
West Bromwich Albion,2016-11-26,0.8889369681234675
West Bromwich Albion,2016-12-03,0.9689888936968123
West Bromwich Albion,2016-12-11,0.9692773691042839
West Bromwich Albion,2016-12-14,0.971721252344539
West Bromwich Albion,2016-12-17,0.8255662963497331
West Bromwich Albion,2016-12-26,0.8933775789929304
West Bromwich Albion,2016-12-31,0.8971288414370221
West Bromwich Albion,2017-01-02,0.96998556998557
West Bromwich Albion,2017-01-14,0.970995670995671
West Bromwich Albion,2017-01-21,0.8606060606060606
West Bromwich Albion,2017-01-31,0.914586639734526
West Bromwich Albion,2017-02-04,0.9249747511181647
West Bromwich Albion,2017-02-11,0.8516808541336026
West Bromwich Albion,2017-02-25,0.9613331409609003
West Bromwich Albion,2017-03-04,0.8734670321742894
West Bromwich Albion,2017-03-11,0.856297792526331
West Bromwich Albion,2017-03-18,0.9239647958447554
West Bromwich Albion,2017-04-01,0.8777777777777778
West Bromwich Albion,2017-04-04,0.9629202135334006
West Bromwich Albion,2017-04-08,0.9767710287115856
West Bromwich Albion,2017-04-16,0.9769153080363584
West Bromwich Albion,2017-04-29,0.9101139806665705
West Bromwich Albion,2017-05-06,0.9167508296061174
West Bromwich Albion,2017-05-12,0.8346558938104169
West Bromwich Albion,2017-05-16,0.8855864954552013
West Bromwich Albion,2017-05-21,0.8779220779220779
West Bromwich Albion,2017-08-12,0.8272727272727273
West Bromwich Albion,2017-08-19,0.641033039965373
West Bromwich Albion,2017-08-27,0.630212090607416
West Bromwich Albion,2017-09-09,0.7315135759676488
West Bromwich Albion,2017-09-16,0.6296938186019642
West Bromwich Albion,2017-09-25,0.6831311380704795
West Bromwich Albion,2017-09-30,0.7590987868284229
West Bromwich Albion,2017-10-16,0.7962160600808781
West Bromwich Albion,2017-10-21,0.6227069189657662
West Bromwich Albion,2017-10-28,0.855553950599451
West Bromwich Albion,2017-11-04,0.8031177829099307
West Bromwich Albion,2017-11-18,0.8423787528868361
West Bromwich Albion,2017-11-25,0.789838337182448
West Bromwich Albion,2017-11-28,0.7801674364896074
West Bromwich Albion,2017-12-02,0.7918591224018475
West Bromwich Albion,2017-12-09,0.799364896073903
West Bromwich Albion,2017-12-13,0.7793332371193534
West Bromwich Albion,2017-12-17,0.8125811571201846
West Bromwich Albion,2017-12-23,0.8379743182801904
West Bromwich Albion,2017-12-26,0.8259991343240514
West Bromwich Albion,2017-12-31,0.8070985427788198
West Bromwich Albion,2018-01-02,0.8236906651276872
West Bromwich Albion,2018-01-13,0.8463425191170105
West Bromwich Albion,2018-01-20,0.8225108225108225
West Bromwich Albion,2018-01-31,0.8673881673881674
West Bromwich Albion,2018-02-03,0.6486291486291487
West Bromwich Albion,2018-02-12,0.706926406926407
West Bromwich Albion,2018-02-24,0.8486291486291486
West Bromwich Albion,2018-03-03,0.8750360750360751
West Bromwich Albion,2018-03-10,0.8262626262626263
West Bromwich Albion,2018-03-17,0.7797979797979798
West Bromwich Albion,2018-03-31,0.7914862914862915
West Bromwich Albion,2018-04-07,0.8291486291486292
West Bromwich Albion,2018-04-15,0.8093795093795094
West Bromwich Albion,2018-04-21,0.8852813852813853
West Bromwich Albion,2018-04-28,0.9210792093493002
West Bromwich Albion,2018-05-05,0.9503679122781705
West Bromwich Albion,2018-05-13,0.9231213039088417
West Bromwich Albion,2020-09-13,0.8700418289340833
West Bromwich Albion,2020-09-19,0.17625847396509448
West Bromwich Albion,2020-09-26,0.35208423481898166
West Bromwich Albion,2020-10-04,0.3709349593495935
West Bromwich Albion,2020-10-19,0.41623112659698025
West Bromwich Albion,2020-10-26,0.45993031358885017
West Bromwich Albion,2020-11-02,0.5454545454545454
West Bromwich Albion,2020-11-08,0.691402846354923
West Bromwich Albion,2020-11-21,0.770694162067964
West Bromwich Albion,2020-11-28,0.8133894859134476
West Bromwich Albion,2020-12-06,0.7909392584042707
West Bromwich Albion,2020-12-12,0.8132756132756133
West Bromwich Albion,2020-12-15,0.683590340413151
West Bromwich Albion,2020-12-20,0.6990107652022113
West Bromwich Albion,2020-12-27,0.8002618562700029
West Bromwich Albion,2020-12-29,0.8316715542521994
West Bromwich Albion,2021-01-02,0.8506084151883888
West Bromwich Albion,2021-01-16,0.8116112007037092
West Bromwich Albion,2021-01-19,0.511361970385574
West Bromwich Albion,2021-01-26,0.7192089573942126
West Bromwich Albion,2021-01-30,0.7836265813581503
West Bromwich Albion,2021-02-02,0.7801366875090883
West Bromwich Albion,2021-02-07,0.6841725580724283
West Bromwich Albion,2021-02-14,0.5858585858585859
West Bromwich Albion,2021-02-20,0.6545454545454545
West Bromwich Albion,2021-02-27,0.6158730158730159
West Bromwich Albion,2021-03-04,0.6296943231441048
West Bromwich Albion,2021-03-07,0.758806404657933
West Bromwich Albion,2021-03-13,0.7976710334788938
West Bromwich Albion,2021-04-03,0.880494905385735
West Bromwich Albion,2021-04-12,0.8288209606986899
West Bromwich Albion,2021-04-22,0.9656477438136827
West Bromwich Albion,2021-04-25,0.9228529839883551
West Bromwich Albion,2021-05-03,0.972005772005772
West Bromwich Albion,2021-05-09,0.9772005772005772
West Bromwich Albion,2021-05-16,0.8424242424242424
West Bromwich Albion,2021-05-19,0.8220779220779221
West Bromwich Albion,2021-05-23,0.9152958152958153
West Ham United,2012-10-06,0.9096969696969697
West Ham United,2012-10-20,0.9196969696969697
West Ham United,2012-10-27,0.6855699855699856
West Ham United,2012-11-03,0.7816738816738816
West Ham United,2012-11-11,0.7927849927849928
West Ham United,2012-11-19,0.8095238095238095
West Ham United,2012-11-25,0.7724386724386725
West Ham United,2012-11-28,0.8441558441558441
West Ham United,2012-12-01,0.7751803751803752
West Ham United,2012-12-09,0.8012987012987013
West Ham United,2012-12-16,0.8607503607503607
West Ham United,2012-12-22,0.7881673881673882
West Ham United,2012-12-29,0.7868686868686868
West Ham United,2013-01-01,0.8314753148979296
West Ham United,2013-01-12,0.7511220500941074
West Ham United,2013-01-19,0.6560011582452584
West Ham United,2013-01-23,0.7535833212682785
West Ham United,2013-01-30,0.7624149413638338
West Ham United,2013-02-02,0.8111594202898551
West Ham United,2013-02-10,0.7424637681159421
West Ham United,2013-02-25,0.8037261698440208
West Ham United,2013-03-02,0.6909300982091277
West Ham United,2013-03-17,0.6941074523396881
West Ham United,2013-03-30,0.7707972270363952
West Ham United,2013-04-07,0.797949162333911
West Ham United,2013-04-13,0.7398643774347136
West Ham United,2013-04-17,0.8483624296638291
West Ham United,2013-04-20,0.8945165945165945
West Ham United,2013-04-27,0.9252525252525252
West Ham United,2013-05-04,0.9525252525252526
West Ham United,2013-05-12,0.9434343434343434
West Ham United,2013-05-19,0.8865800865800866
West Ham United,2013-08-17,0.7893217893217893
West Ham United,2013-08-24,0.7911976911976912
West Ham United,2013-08-31,0.7828596162169961
West Ham United,2013-09-15,0.8037801183090463
West Ham United,2013-09-21,0.8297503967681431
West Ham United,2013-09-28,0.7753570913288126
West Ham United,2013-10-06,0.744474938610429
West Ham United,2013-10-19,0.8324425826953633
West Ham United,2013-10-27,0.8441652224147891
West Ham United,2013-11-02,0.8104867831864798
West Ham United,2013-11-09,0.8149646107178968
West Ham United,2013-11-23,0.7907279029462738
West Ham United,2013-11-30,0.7780184864240324
West Ham United,2013-12-03,0.7668782458165032
West Ham United,2013-12-07,0.7746682054241201
West Ham United,2013-12-14,0.7591978069542634
West Ham United,2013-12-21,0.7520219526285384
West Ham United,2013-12-26,0.6750433275563258
West Ham United,2013-12-28,0.7086523183590929
West Ham United,2014-01-01,0.7814531272569695
West Ham United,2014-01-11,0.6736963744041601
West Ham United,2014-01-18,0.5363583478766725
West Ham United,2014-01-29,0.5740740740740741
West Ham United,2014-02-01,0.6307356154406409
West Ham United,2014-02-08,0.6527312454479243
West Ham United,2014-02-11,0.672227099795142
West Ham United,2014-02-22,0.746268656716418
West Ham United,2014-03-01,0.7892888498683055
West Ham United,2014-03-15,0.8859177445138788
West Ham United,2014-03-22,0.6893752717785187
West Ham United,2014-03-26,0.9479634729670967
West Ham United,2014-03-31,0.8575155819684012
West Ham United,2014-04-06,0.8370851370851371
West Ham United,2014-04-15,0.8354978354978355
West Ham United,2014-04-19,0.718037518037518
West Ham United,2014-04-26,0.806060606060606
West Ham United,2014-05-03,0.8595959595959596
West Ham United,2014-05-11,0.8884559884559885
West Ham United,2014-08-16,0.8343434343434344
West Ham United,2014-08-23,0.6106782106782107
West Ham United,2014-08-30,0.5885846733304361
West Ham United,2014-09-15,0.6509269988412515
West Ham United,2014-09-20,0.5646002317497103
West Ham United,2014-09-27,0.6326767091541136
West Ham United,2014-10-05,0.6061703360370799
West Ham United,2014-10-18,0.6187717265353418
West Ham United,2014-10-25,0.6913383545770567
West Ham United,2014-11-01,0.7834367335160871
West Ham United,2014-11-08,0.8230880230880231
West Ham United,2014-11-22,0.8235209235209235
West Ham United,2014-11-29,0.597172125234454
West Ham United,2014-12-02,0.6603664694849228
West Ham United,2014-12-07,0.7975761073438177
West Ham United,2014-12-13,0.8066657048045015
West Ham United,2014-12-20,0.7664117731929014
West Ham United,2014-12-26,0.9008801038811138
West Ham United,2014-12-28,0.8757755013706536
West Ham United,2015-01-01,0.7898989898989899
West Ham United,2015-01-10,0.8092352092352092
West Ham United,2015-01-18,0.7538239538239538
West Ham United,2015-01-31,0.8608946608946609
West Ham United,2015-02-08,0.7445887445887446
West Ham United,2015-02-11,0.7007215007215007
West Ham United,2015-02-22,0.7264069264069264
West Ham United,2015-02-28,0.7978553832777858
West Ham United,2015-03-04,0.7632227213447327
West Ham United,2015-03-14,0.8104622518475584
West Ham United,2015-03-21,0.6681640341979423
West Ham United,2015-04-04,0.7820605709317491
West Ham United,2015-04-11,0.8300492610837439
West Ham United,2015-04-19,0.892060272384816
West Ham United,2015-04-25,0.8479295916895109
West Ham United,2015-05-02,0.7540037512624441
West Ham United,2015-05-09,0.7880536719088155
West Ham United,2015-05-16,0.8731784735247439
West Ham United,2015-05-24,0.8656759486365604
West Ham United,2015-08-09,0.7881673881673882
West Ham United,2015-08-15,0.47243867243867244
West Ham United,2015-08-22,0.5364305295051219
West Ham United,2015-08-29,0.5427788197951233
West Ham United,2015-09-14,0.5130057803468208
West Ham United,2015-09-19,0.6498769720654219
West Ham United,2015-09-26,0.6199160515269938
West Ham United,2015-10-03,0.7837603126356926
West Ham United,2015-10-17,0.8066290345925604
West Ham United,2015-10-24,0.7520266357845976
West Ham United,2015-10-31,0.8076143601621308
West Ham United,2015-11-07,0.7604046242774567
West Ham United,2015-11-22,0.8335018050541516
West Ham United,2015-11-29,0.83985559566787
West Ham United,2015-12-05,0.7033935018050541
West Ham United,2015-12-12,0.7306859205776173
West Ham United,2015-12-20,0.6346570397111914
West Ham United,2015-12-26,0.7065703971119134
West Ham United,2015-12-28,0.724581166955517
West Ham United,2016-01-02,0.7666666666666667
West Ham United,2016-01-12,0.7792207792207793
West Ham United,2016-01-16,0.7634920634920634
West Ham United,2016-01-23,0.8323232323232324
West Ham United,2016-02-02,0.7002886002886003
West Ham United,2016-02-06,0.8202020202020202
West Ham United,2016-02-13,0.7387101428365316
West Ham United,2016-02-27,0.770307314961766
West Ham United,2016-03-02,0.7480882989467609
West Ham United,2016-03-05,0.7061030154378878
West Ham United,2016-03-19,0.7052373394892512
West Ham United,2016-04-02,0.7773770018756312
West Ham United,2016-04-09,0.8203722406579137
West Ham United,2016-04-17,0.7700883162009555
West Ham United,2016-04-20,0.8848993774431736
West Ham United,2016-04-30,0.9176198059939192
West Ham United,2016-05-07,0.9321077012159815
West Ham United,2016-05-10,0.8730457440648524
West Ham United,2016-05-15,0.8630573248407644
West Ham United,2016-08-15,0.8355767839050514
West Ham United,2016-08-21,0.5740046162723601
West Ham United,2016-08-28,0.48066935949221
West Ham United,2016-09-10,0.6588286208886325
West Ham United,2016-09-17,0.6517097099985572
West Ham United,2016-09-25,0.6241523589669601
West Ham United,2016-10-01,0.6248737555908238
West Ham United,2016-10-15,0.7285714285714285
West Ham United,2016-10-22,0.6786435786435786
West Ham United,2016-10-30,0.7361954322058398
West Ham United,2016-11-05,0.7847643827695866
West Ham United,2016-11-19,0.7532523850823938
West Ham United,2016-11-27,0.7069962416883492
West Ham United,2016-12-03,0.7133564614050304
West Ham United,2016-12-11,0.6211880329527388
West Ham United,2016-12-14,0.7394132100014453
West Ham United,2016-12-17,0.8228249891790507
West Ham United,2016-12-26,0.8734670321742894
West Ham United,2016-12-31,0.7549047893825735
West Ham United,2017-01-02,0.849560075003606
West Ham United,2017-01-14,0.8504255012260205
West Ham United,2017-01-21,0.7271401487530991
West Ham United,2017-02-01,0.768120169170191
West Ham United,2017-02-04,0.7020562928394342
West Ham United,2017-02-11,0.7558699139565408
West Ham United,2017-02-25,0.7380778766224296
West Ham United,2017-03-06,0.7841621700452093
West Ham United,2017-03-11,0.8238984534578349
West Ham United,2017-03-18,0.9401067975176793
West Ham United,2017-04-01,0.8145475537595612
West Ham United,2017-04-05,0.6889883100014432
West Ham United,2017-04-08,0.7064935064935065
West Ham United,2017-04-15,0.7568191658247944
West Ham United,2017-04-22,0.6961605080831409
West Ham United,2017-04-29,0.5471725331794576
West Ham United,2017-05-05,0.7013848817080208
West Ham United,2017-05-14,0.7370167339873053
West Ham United,2017-05-21,0.7012837155632482
West Ham United,2017-08-13,0.6027120600115407
West Ham United,2017-08-19,0.34068945622385693
West Ham United,2017-08-26,0.40833693927592674
West Ham United,2017-09-11,0.5703272727272727
West Ham United,2017-09-16,0.5486545454545455
West Ham United,2017-09-23,0.6192553810354857
West Ham United,2017-09-30,0.6672
West Ham United,2017-10-14,0.7005090909090909
West Ham United,2017-10-20,0.7576374745417516
West Ham United,2017-10-28,0.7062105417706651
West Ham United,2017-11-04,0.7501456027955736
West Ham United,2017-11-19,0.7035527082119977
West Ham United,2017-11-24,0.6998689384010485
West Ham United,2017-11-29,0.7380224260958206
West Ham United,2017-12-03,0.7783925451368666
West Ham United,2017-12-09,0.6785090273733255
West Ham United,2017-12-13,0.7036502669167508
West Ham United,2017-12-16,0.7082672053094792
West Ham United,2017-12-23,0.7346703217428943
West Ham United,2017-12-26,0.7571778964074448
West Ham United,2018-01-02,0.7890636271822248
West Ham United,2018-01-04,0.8352092352092352
West Ham United,2018-01-13,0.7285714285714285
West Ham United,2018-01-20,0.8447330447330448
West Ham United,2018-01-30,0.8673881673881674
West Ham United,2018-02-03,0.5755914598961339
West Ham United,2018-02-10,0.6468551644547028
West Ham United,2018-02-24,0.7655799192152337
West Ham United,2018-03-03,0.831794575879977
West Ham United,2018-03-10,0.6964800923254472
West Ham United,2018-03-31,0.7566358915175996
West Ham United,2018-04-08,0.6689267166762839
West Ham United,2018-04-16,0.7507936507936508
West Ham United,2018-04-22,0.8005772005772006
West Ham United,2018-04-29,0.843001443001443
West Ham United,2018-05-05,0.8672438672438673
West Ham United,2018-05-10,0.8575757575757575
West Ham United,2018-05-13,0.8241235031020054
West Ham United,2018-08-12,0.9115567739142981
West Ham United,2018-08-18,0.440773337180782
West Ham United,2018-08-25,0.48333573798874624
West Ham United,2018-09-01,0.3286683018323474
West Ham United,2018-09-16,0.4202856730630501
West Ham United,2018-09-23,0.599480594430818
West Ham United,2018-09-29,0.6054834054834055
West Ham United,2018-10-05,0.7255411255411255
West Ham United,2018-10-20,0.8221035925551868
West Ham United,2018-10-27,0.7529937959890348
West Ham United,2018-11-03,0.7322175732217573
West Ham United,2018-11-10,0.7672626835295828
West Ham United,2018-11-24,0.8078488372093023
West Ham United,2018-12-01,0.8440406976744186
West Ham United,2018-12-04,0.8885174418604651
West Ham United,2018-12-08,0.7012647187091147
West Ham United,2018-12-15,0.8145079226631778
West Ham United,2018-12-22,0.8668411106265446
West Ham United,2018-12-27,0.8457654018179195
West Ham United,2018-12-30,0.7435786435786436
West Ham United,2019-01-02,0.7209637858894821
West Ham United,2019-01-12,0.8200836820083682
West Ham United,2019-01-19,0.8137353917183667
West Ham United,2019-01-29,0.8349444524599625
West Ham United,2019-02-04,0.8518251334583754
West Ham United,2019-02-09,0.8206607993074593
West Ham United,2019-02-22,0.8892094633583382
West Ham United,2019-02-27,0.8961188861636128
West Ham United,2019-03-02,0.6859039099697013
West Ham United,2019-03-09,0.8008153756552125
West Ham United,2019-03-16,0.8878858474082703
West Ham United,2019-03-30,0.7900407687827606
West Ham United,2019-04-08,0.7427198602213162
West Ham United,2019-04-13,0.7639434978884521
West Ham United,2019-04-20,0.7420998980632009
West Ham United,2019-04-27,0.654288626765691
West Ham United,2019-05-04,0.7536796536796537
West Ham United,2019-05-12,0.537950937950938
West Ham United,2019-08-10,0.7490620490620491
West Ham United,2019-08-17,0.6350649350649351
West Ham United,2019-08-24,0.5906204906204906
West Ham United,2019-08-31,0.6914862914862915
West Ham United,2019-09-16,0.7125541125541126
West Ham United,2019-09-22,0.7917748917748918
West Ham United,2019-09-28,0.6844238563983787
West Ham United,2019-10-05,0.814128546612623
West Ham United,2019-10-19,0.7984944991314418
West Ham United,2019-10-26,0.8446728430804864
West Ham United,2019-11-02,0.6964389114070643
West Ham United,2019-11-09,0.7895193977996525
West Ham United,2019-11-23,0.84163288940359
West Ham United,2019-11-30,0.8396825396825397
West Ham United,2019-12-04,0.732034632034632
West Ham United,2019-12-09,0.7451659451659451
West Ham United,2019-12-14,0.7494949494949495
West Ham United,2019-12-26,0.816017316017316
West Ham United,2019-12-28,0.7816738816738816
West Ham United,2020-01-01,0.6232866830183235
West Ham United,2020-01-10,0.7845909681142692
West Ham United,2020-01-18,0.8121483191458664
West Ham United,2020-01-22,0.6267493868128697
West Ham United,2020-01-29,0.7255807242822103
West Ham United,2020-02-01,0.6890780551147021
West Ham United,2020-02-19,0.7825710575674506
West Ham United,2020-02-24,0.66998556998557
West Ham United,2020-02-29,0.7572871572871573
West Ham United,2020-03-07,0.7554112554112554
West Ham United,2020-06-20,0.8463425191170105
West Ham United,2020-06-23,0.7182631275245239
West Ham United,2020-07-01,0.7182631275245239
West Ham United,2020-07-05,0.7401904212348529
West Ham United,2020-07-08,0.838309534112217
West Ham United,2020-07-11,0.8070099524015578
West Ham United,2020-07-17,0.9228328285013703
West Ham United,2020-07-22,0.8654068090017311
West Ham United,2020-07-26,0.8662723600692441
West Ham United,2020-09-12,0.8887927304197317
West Ham United,2020-09-19,0.9301889513918938
West Ham United,2020-09-27,0.8824293133294865
West Ham United,2020-10-04,0.8804269436030578
West Ham United,2020-10-18,0.7990768786960911
West Ham United,2020-10-24,0.7797490263954998
West Ham United,2020-10-31,0.8283571325544498
West Ham United,2020-11-07,0.7960184650894403
West Ham United,2020-11-22,0.8664166185804962
West Ham United,2020-11-30,0.8864685516445471
West Ham United,2020-12-05,0.966532025389498
West Ham United,2020-12-11,0.9464800923254472
West Ham United,2020-12-16,0.8682919792267744
West Ham United,2020-12-21,0.8199653779572995
West Ham United,2020-12-27,0.8993075591459896
West Ham United,2020-12-29,0.8169623539593249
West Ham United,2021-01-01,0.7496033463147267
West Ham United,2021-01-16,0.7618291979226774
West Ham United,2021-01-19,0.7762550490478938
West Ham United,2021-01-26,0.836266589728794
West Ham United,2021-01-31,0.8399942288270091
West Ham United,2021-02-03,0.8727456355504256
West Ham United,2021-02-06,0.8727272727272727
West Ham United,2021-02-15,0.8805367190881547
West Ham United,2021-02-21,0.7430385225797144
West Ham United,2021-02-27,0.8682919792267744
West Ham United,2021-03-08,0.7829222558776864
West Ham United,2021-03-14,0.8876388287898457
West Ham United,2021-03-21,0.7990768786960911
West Ham United,2021-04-05,0.8684552141929901
West Ham United,2021-04-11,0.8610790536641661
West Ham United,2021-04-17,0.8250144258511252
West Ham United,2021-04-24,0.7392872601356225
West Ham United,2021-05-03,0.6981241820561291
West Ham United,2021-05-09,0.7951368666278392
West Ham United,2021-05-15,0.8225101921956901
West Ham United,2021-05-19,0.7574257425742574
West Ham United,2021-05-23,0.7613570180547466
West Ham United,2021-08-15,0.8990972626674432
West Ham United,2021-08-23,0.7864317950211094
West Ham United,2021-08-28,0.8178798382437897
West Ham United,2021-09-11,0.889802394345882
West Ham United,2021-09-19,0.9079763450165873
West Ham United,2021-09-25,0.7687869609115823
West Ham United,2021-10-03,0.9571675800403807
West Ham United,2021-10-17,0.8977797001153403
West Ham United,2021-10-24,0.8930064888248017
West Ham United,2021-10-31,0.9012114219786559
West Ham United,2021-11-07,0.9671232876712329
West Ham United,2021-11-20,0.9746288020758253
West Ham United,2021-11-28,0.8783335735908895
West Ham United,2021-12-01,0.9243079584775087
West Ham United,2021-12-04,0.852466109027978
West Ham United,2021-12-12,0.8784251514277474
West Ham United,2021-12-15,0.7348911005336795
West Ham United,2021-12-26,0.7810155799192152
West Ham United,2021-12-28,0.8407477177220692
West Ham United,2022-01-01,0.7778582814084916
West Ham United,2022-01-12,0.9064039408866995
West Ham United,2022-01-16,0.7758620689655172
West Ham United,2022-01-22,0.825992465951898
West Ham United,2022-02-08,0.6490795767502536
West Ham United,2022-02-13,0.7999710102913465
West Ham United,2022-02-19,0.8982390300230947
West Ham United,2022-02-27,0.7270496535796767
West Ham United,2022-03-05,0.85563736105096
West Ham United,2022-03-13,0.776735459662289
West Ham United,2022-03-20,0.8255159474671669
West Ham United,2022-04-03,0.8465089440276976
West Ham United,2022-04-10,0.8166474321984997
West Ham United,2022-04-17,0.88733410271206
West Ham United,2022-04-24,0.8540103866128101
West Ham United,2022-05-01,0.7911136757068667
West Ham United,2022-05-08,0.7788045047646549
West Ham United,2022-05-15,0.7941091539127924
West Ham United,2022-05-22,0.8482529598613918
West Ham United,2022-08-07,0.8702367205542725
West Ham United,2022-08-14,0.8169745958429562
West Ham United,2022-08-21,0.8331890331890331
West Ham United,2022-08-28,0.8685425685425685
West Ham United,2022-08-31,0.8511681569079896
West Ham United,2022-09-03,0.8327083934237093
West Ham United,2022-09-18,0.7817998269397173
West Ham United,2022-10-01,0.9138776687824581
West Ham United,2022-10-09,0.8060002884754075
West Ham United,2022-10-16,0.8415813013995095
West Ham United,2022-10-19,0.7911136757068667
West Ham United,2022-10-24,0.8072706289671091
West Ham United,2022-10-30,0.8753606462781304
West Ham United,2022-11-06,0.8297749567224466
West Ham United,2022-11-12,0.907530294287363
West Ham United,2022-12-26,0.860934795152914
West Ham United,2022-12-30,0.7492787074437391
West Ham United,2023-01-04,0.740874332708123
West Ham United,2023-01-14,0.8870292887029289
West Ham United,2023-01-21,0.7411628913576684
West Ham United,2023-02-04,0.6844611167219737
West Ham United,2023-02-11,0.7903621411051797
West Ham United,2023-02-19,0.8108498052229115
West Ham United,2023-02-25,0.8082527773770019
West Ham United,2023-03-04,0.8156110229404127
West Ham United,2023-03-12,0.6788342230558361
West Ham United,2023-04-02,0.6328091184533257
West Ham United,2023-04-05,0.7987303419419998
West Ham United,2023-04-08,0.852113692107921
West Ham United,2023-04-16,0.6505050505050505
West Ham United,2023-04-23,0.6893666137642476
West Ham United,2023-04-26,0.8542989036353145
West Ham United,2023-04-29,0.7984708597807271
West Ham United,2023-05-03,0.9244085401038661
West Ham United,2023-05-07,0.6702250432775534
West Ham United,2023-05-14,0.8205424120023082
West Ham United,2023-05-21,0.595241528478731
West Ham United,2023-05-28,0.6962792039226997
West Ham United,2023-08-12,0.8073540014419611
West Ham United,2023-08-20,0.6468637346791637
West Ham United,2023-08-26,0.6534025374855824
West Ham United,2023-09-01,0.7064950094025748
West Ham United,2023-09-16,0.6554317951685231
West Ham United,2023-09-24,0.7560410939082622
West Ham United,2023-09-30,0.8165243814209232
West Ham United,2023-10-08,0.9072224634534665
West Ham United,2023-10-22,0.9557227608160903
West Ham United,2023-10-29,0.9461649782923299
West Ham United,2023-11-04,0.8877992500721085
West Ham United,2023-11-12,0.7215171618113643
West Ham United,2023-11-25,0.9522573200634646
West Ham United,2023-12-03,0.8132660418168709
West Ham United,2023-12-07,0.815717375630858
West Ham United,2023-12-10,0.789701427953267
West Ham United,2023-12-17,0.8038367229193711
West Ham United,2023-12-23,0.8392960184650894
West Ham United,2023-12-28,0.8106158949949517
West Ham United,2024-01-02,0.772858379002019
West Ham United,2024-01-21,0.5630409694171956
West Ham United,2024-02-01,0.6754183496826313
West Ham United,2024-02-04,0.6900778771271993
West Ham United,2024-02-11,0.7713049747656813
West Ham United,2024-02-17,0.843691420331651
West Ham United,2024-02-26,0.828670320161523
West Ham United,2024-03-02,0.8183658712942877
West Ham United,2024-03-10,0.8818681318681318
West Ham United,2024-03-17,0.7483376698467765
West Ham United,2024-03-30,0.8940138808559861
West Ham United,2024-04-02,0.8503253796095445
West Ham United,2024-04-06,0.7433487565066512
West Ham United,2024-04-14,0.8766628108733372
West Ham United,2024-04-21,0.8237669454860109
West Ham United,2024-04-27,0.7693971733487165
West Ham United,2024-05-05,0.7670225043277553
West Ham United,2024-05-11,0.8403058280438546
West Ham United,2024-05-19,0.8016445470282747
West Ham United,2024-08-17,0.8107328332371609
West Ham United,2024-08-24,0.7100403923831506
West Ham United,2024-08-31,0.746393537218696
West Ham United,2024-09-14,0.7958447554465445
West Ham United,2024-09-21,0.835810128408599
West Ham United,2024-09-28,0.8060885875054105
West Ham United,2024-10-05,0.8070985427788198
West Ham United,2024-10-19,0.8212379166065503
West Ham United,2024-10-27,0.942288270090896
West Ham United,2024-11-02,0.8059766132524903
West Ham United,2024-11-09,0.7806004618937644
West Ham United,2024-11-25,0.7672526514601191
West Ham United,2024-11-30,0.8632863576928664
West Ham United,2024-12-03,0.8926340258608165
West Ham United,2024-12-09,0.8343504795117699
West Ham United,2024-12-16,0.9020633536762569
West Ham United,2024-12-21,0.7609642753412722
West Ham United,2024-12-26,0.8756898054022655
West Ham United,2024-12-29,0.8711771494518177
West Ham United,2025-01-04,0.7696191575302943
West Ham United,2025-01-14,0.6885458742065782
West Ham United,2025-01-18,0.7205712637045586
West Ham United,2025-01-26,0.753462204270052
West Ham United,2025-02-03,0.708899162091881
West Ham United,2025-02-15,0.6869401906963305
West Ham United,2025-02-22,0.7485912440398786
West Ham United,2025-02-27,0.7003323219187979
West Ham United,2025-03-10,0.8086981650050571
West Ham United,2025-03-15,0.8588558220167581
West Ham United,2025-04-01,0.7428488876047386
West Ham United,2025-04-05,0.8289587539659649
West Ham United,2025-04-13,0.8988893696812347
West Ham United,2025-04-19,0.7820568296552719
West Ham United,2025-04-26,0.8197028703303043
West Ham United,2025-05-04,0.8185489687004183
West Ham United,2025-05-11,0.9238315060588574
West Ham United,2025-05-18,0.864396999422966
West Ham United,2025-05-25,0.8761904761904762
West Ham United,2025-08-16,0.8184704184704185
West Ham United,2025-08-22,0.5945750973885442
West Ham United,2025-08-31,0.6290578560092339
West Ham United,2025-09-13,0.5194055691819363
West Ham United,2025-09-20,0.5280623286683018
West Ham United,2025-09-29,0.5668503480278422
West Ham United,2025-10-04,0.5619199535962877
West Ham United,2025-10-20,0.6830965497245578
West Ham United,2025-10-24,0.7348122372045817
West Ham United,2025-11-02,0.7646802957807742
West Ham United,2025-11-08,0.7548209366391184
West Ham United,2025-11-22,0.8281861678990866
West Ham United,2025-11-30,0.7058568955568378
West Ham United,2025-12-04,0.7512983266012695
West Ham United,2025-12-07,0.7858174465626805
West Ham United,2025-12-14,0.9199884459849798
West Ham United,2025-12-20,0.8805603697284806
West Ham United,2025-12-27,0.78841709994223
West Ham United,2025-12-30,0.7458116695551704
West Ham United,2026-01-03,0.8311669555170422
West Ham United,2026-01-06,0.7203928365106874
West Ham United,2026-01-17,0.7282828282828283
West Ham United,2026-01-24,0.7059163059163059
West Ham United,2026-01-31,0.8033756491633006
West Ham United,2026-02-07,0.7807586903216501
West Ham United,2026-02-10,0.7168613875667099
West Ham United,2026-02-21,0.762364816149964
West Ham United,2026-02-28,0.7052039786651291
West Ham United,2026-03-04,0.756811301715439
West Ham United,2026-03-14,0.8767833981841764
West Ham United,2026-03-22,0.819282317336792
West Ham United,2026-04-10,0.8622279867416054
West Ham United,2026-04-20,0.8788009799682951
West Ham United,2026-04-25,0.8287444140118206
West Ham United,2026-05-02,0.887238644556597
West Ham United,2026-05-10,0.9616493656286044
West Ham United,2026-05-17,0.9163541967118546
West Ham United,2026-05-24,0.9231102135025967
Wigan Athletic,2012-10-06,0.9000201979398101
Wigan Athletic,2012-10-20,0.8764197321579928
Wigan Athletic,2012-10-27,0.9410654666860212
Wigan Athletic,2012-11-03,0.9371461750616925
Wigan Athletic,2012-11-10,0.9004065040650406
Wigan Athletic,2012-11-17,0.9272648083623694
Wigan Athletic,2012-11-24,0.936411149825784
Wigan Athletic,2012-11-28,0.8735481997677119
Wigan Athletic,2012-12-03,0.7202020202020202
Wigan Athletic,2012-12-08,0.8173423748376858
Wigan Athletic,2012-12-15,0.7713410185320297
Wigan Athletic,2012-12-22,0.8799066102436889
Wigan Athletic,2012-12-26,0.8565591711659127
Wigan Athletic,2012-12-29,0.9055887932292427
Wigan Athletic,2013-01-01,0.8464905880636218
Wigan Athletic,2013-01-12,0.8680869692105647
Wigan Athletic,2013-01-19,0.8603327495621717
Wigan Athletic,2013-01-29,0.7949790794979079
Wigan Athletic,2013-02-02,0.7906506997547251
Wigan Athletic,2013-02-09,0.770884432260857
Wigan Athletic,2013-02-23,0.8429024812463936
Wigan Athletic,2013-03-02,0.8443450663589152
Wigan Athletic,2013-03-17,0.8831506058857472
Wigan Athletic,2013-03-30,0.705135603000577
Wigan Athletic,2013-04-07,0.7535709132881259
Wigan Athletic,2013-04-17,0.8351125216387767
Wigan Athletic,2013-04-20,0.8805539526832084
Wigan Athletic,2013-04-27,0.9334872312797576
Wigan Athletic,2013-05-04,0.8801038811138364
Wigan Athletic,2013-05-07,0.7975761073438177
Wigan Athletic,2013-05-14,0.7907949790794979
Wigan Athletic,2013-05-19,0.8265762516231424
Wolverhampton Wanderers,2018-09-29,0.9761616161616161
Wolverhampton Wanderers,2018-10-06,0.9893939393939394
Wolverhampton Wanderers,2018-10-20,0.978358101284086
Wolverhampton Wanderers,2018-10-27,0.9826864810272687
Wolverhampton Wanderers,2018-11-03,0.9893233299668157
Wolverhampton Wanderers,2018-11-11,0.9157408743327081
Wolverhampton Wanderers,2018-11-25,0.9842735535997692
Wolverhampton Wanderers,2018-11-30,0.9091040253931612
Wolverhampton Wanderers,2018-12-05,0.8335016592122348
Wolverhampton Wanderers,2018-12-09,0.8148629148629148
Wolverhampton Wanderers,2018-12-15,0.915007215007215
Wolverhampton Wanderers,2018-12-21,0.9057720057720058
Wolverhampton Wanderers,2018-12-26,0.8893217893217893
Wolverhampton Wanderers,2018-12-29,0.8787878787878788
Wolverhampton Wanderers,2019-01-02,0.8461760461760461
Wolverhampton Wanderers,2019-01-14,0.912987012987013
Wolverhampton Wanderers,2019-01-19,0.8987012987012987
Wolverhampton Wanderers,2019-01-29,0.8072605336054819
Wolverhampton Wanderers,2019-02-02,0.8754920542353113
Wolverhampton Wanderers,2019-02-11,0.9298833819241983
Wolverhampton Wanderers,2019-02-23,0.9099125364431487
Wolverhampton Wanderers,2019-02-26,0.9619533527696793
Wolverhampton Wanderers,2019-03-02,0.9307580174927114
Wolverhampton Wanderers,2019-03-10,0.7237609329446064
Wolverhampton Wanderers,2019-03-30,0.8535564853556485
Wolverhampton Wanderers,2019-04-02,0.8819795123358822
Wolverhampton Wanderers,2019-04-13,0.9392496392496392
Wolverhampton Wanderers,2019-04-20,0.8750360750360751
Wolverhampton Wanderers,2019-04-24,0.9090909090909091
Wolverhampton Wanderers,2019-04-27,0.9021645021645022
Wolverhampton Wanderers,2019-05-04,0.8762083393449719
Wolverhampton Wanderers,2019-05-12,0.9121465666474322
Wolverhampton Wanderers,2019-08-11,0.9567411679884643
Wolverhampton Wanderers,2019-08-19,0.9568853640951694
Wolverhampton Wanderers,2019-08-25,0.9638067772170151
Wolverhampton Wanderers,2019-09-01,0.9897635524798154
Wolverhampton Wanderers,2019-09-14,0.8158881199538639
Wolverhampton Wanderers,2019-09-22,0.798846431146359
Wolverhampton Wanderers,2019-09-28,0.881453706374387
Wolverhampton Wanderers,2019-10-06,0.8293317905698583
Wolverhampton Wanderers,2019-10-19,0.8873300549609487
Wolverhampton Wanderers,2019-10-27,0.8952849291293029
Wolverhampton Wanderers,2019-11-02,0.8026905829596412
Wolverhampton Wanderers,2019-11-10,0.8384203674236945
Wolverhampton Wanderers,2019-11-23,0.9025166329187156
Wolverhampton Wanderers,2019-12-01,0.880115690527838
Wolverhampton Wanderers,2019-12-04,0.8178015002885171
Wolverhampton Wanderers,2019-12-08,0.9362377380265435
Wolverhampton Wanderers,2019-12-15,0.960328909405655
Wolverhampton Wanderers,2019-12-21,0.972162123178999
Wolverhampton Wanderers,2019-12-27,0.9832684263666522
Wolverhampton Wanderers,2019-12-29,0.985143516515217
Wolverhampton Wanderers,2020-01-01,0.9073993942016443
Wolverhampton Wanderers,2020-01-11,0.9723063608827347
Wolverhampton Wanderers,2020-01-18,0.8934083369392759
Wolverhampton Wanderers,2020-01-23,0.896293091013991
Wolverhampton Wanderers,2020-02-01,0.9440276976341604
Wolverhampton Wanderers,2020-02-14,0.943594922100404
Wolverhampton Wanderers,2020-02-23,0.9437391806116561
Wolverhampton Wanderers,2020-03-01,0.9614774202856731
Wolverhampton Wanderers,2020-03-07,0.9069398355215698
Wolverhampton Wanderers,2020-06-20,0.8685804962492787
Wolverhampton Wanderers,2020-06-24,0.9932198499711483
Wolverhampton Wanderers,2020-06-27,0.9724545716758004
Wolverhampton Wanderers,2020-07-04,0.9658304498269896
Wolverhampton Wanderers,2020-07-08,0.9681326604181687
Wolverhampton Wanderers,2020-07-12,0.9522710886806056
Wolverhampton Wanderers,2020-07-15,0.9734679163662581
Wolverhampton Wanderers,2020-07-20,0.9995673492933371
Wolverhampton Wanderers,2020-07-26,0.8964522642053648
Wolverhampton Wanderers,2020-09-14,0.9997114829774957
Wolverhampton Wanderers,2020-09-21,0.7767676767676768
Wolverhampton Wanderers,2020-09-27,0.8243867243867243
Wolverhampton Wanderers,2020-10-04,0.7240981240981241
Wolverhampton Wanderers,2020-10-19,0.8281385281385282
Wolverhampton Wanderers,2020-10-25,0.868975468975469
Wolverhampton Wanderers,2020-10-30,0.8961038961038961
Wolverhampton Wanderers,2020-11-08,0.8252525252525252
Wolverhampton Wanderers,2020-11-23,0.8384071562545087
Wolverhampton Wanderers,2020-11-29,0.8043572356081373
Wolverhampton Wanderers,2020-12-06,0.8939546962920214
Wolverhampton Wanderers,2020-12-12,0.802770163035637
Wolverhampton Wanderers,2020-12-15,0.7333718078199394
Wolverhampton Wanderers,2020-12-21,0.7975761073438177
Wolverhampton Wanderers,2020-12-27,0.7440854010386613
Wolverhampton Wanderers,2020-12-29,0.7962775934208628
Wolverhampton Wanderers,2021-01-02,0.7061454125793422
Wolverhampton Wanderers,2021-01-12,0.7618291979226774
Wolverhampton Wanderers,2021-01-16,0.7373052510098096
Wolverhampton Wanderers,2021-01-27,0.823139065204847
Wolverhampton Wanderers,2021-01-30,0.7657241777264858
Wolverhampton Wanderers,2021-02-02,0.7397576457010964
Wolverhampton Wanderers,2021-02-07,0.8222735141373341
Wolverhampton Wanderers,2021-02-14,0.7840450086555106
Wolverhampton Wanderers,2021-02-19,0.8222735141373341
Wolverhampton Wanderers,2021-02-27,0.8160969277369104
Wolverhampton Wanderers,2021-03-02,0.8472522717438339
Wolverhampton Wanderers,2021-03-06,0.7838188635708105
Wolverhampton Wanderers,2021-03-15,0.871791173925584
Wolverhampton Wanderers,2021-04-05,0.9330833573694837
Wolverhampton Wanderers,2021-04-09,0.8034323622728584
Wolverhampton Wanderers,2021-04-17,0.8984859408795962
Wolverhampton Wanderers,2021-04-25,0.7526680126910874
Wolverhampton Wanderers,2021-05-03,0.7962215171618113
Wolverhampton Wanderers,2021-05-09,0.7299870186066638
Wolverhampton Wanderers,2021-05-16,0.7048470859780727
Wolverhampton Wanderers,2021-05-19,0.7660126947489901
Wolverhampton Wanderers,2021-05-23,0.7258692829317559
Wolverhampton Wanderers,2021-08-14,0.8353535353535354
Wolverhampton Wanderers,2021-08-22,0.5829725829725829
Wolverhampton Wanderers,2021-08-29,0.7004761217717501
Wolverhampton Wanderers,2021-09-11,0.713172702351753
Wolverhampton Wanderers,2021-09-18,0.6818640888760641
Wolverhampton Wanderers,2021-09-26,0.8020487664117731
Wolverhampton Wanderers,2021-10-02,0.8095512912999567
Wolverhampton Wanderers,2021-10-16,0.900735824556341
Wolverhampton Wanderers,2021-10-23,0.9156087709174842
Wolverhampton Wanderers,2021-11-01,0.852113692107921
Wolverhampton Wanderers,2021-11-06,0.8610790536641661
Wolverhampton Wanderers,2021-11-20,0.8989039515431209
Wolverhampton Wanderers,2021-11-27,0.9012114219786559
Wolverhampton Wanderers,2021-12-01,0.9304874531295068
Wolverhampton Wanderers,2021-12-04,0.8745493871665465
Wolverhampton Wanderers,2021-12-11,0.9666858955869628
Wolverhampton Wanderers,2021-12-15,0.9984138428262437
Wolverhampton Wanderers,2021-12-19,0.8233415590071128
Wolverhampton Wanderers,2022-01-03,0.7671650457250689
Wolverhampton Wanderers,2022-01-15,0.8663086079256787
Wolverhampton Wanderers,2022-01-22,0.7363913485266367
Wolverhampton Wanderers,2022-02-10,0.7707940194512992
Wolverhampton Wanderers,2022-02-13,0.8211901306240929
Wolverhampton Wanderers,2022-02-20,0.800551604006387
Wolverhampton Wanderers,2022-02-24,0.8657340640323046
Wolverhampton Wanderers,2022-02-27,0.8541546451240624
Wolverhampton Wanderers,2022-03-05,0.7307082071253426
Wolverhampton Wanderers,2022-03-10,0.680657723929035
Wolverhampton Wanderers,2022-03-13,0.6891229082515868
Wolverhampton Wanderers,2022-03-18,0.8294618381185976
Wolverhampton Wanderers,2022-04-02,0.8042129562833646
Wolverhampton Wanderers,2022-04-08,0.6741589327146171
Wolverhampton Wanderers,2022-04-24,0.6485428447150935
Wolverhampton Wanderers,2022-04-30,0.6955258570598489
Wolverhampton Wanderers,2022-05-07,0.7854445090063916
Wolverhampton Wanderers,2022-05-11,0.7976467170249855
Wolverhampton Wanderers,2022-05-15,0.7655432887855897
Wolverhampton Wanderers,2022-05-22,0.658047646717025
Wolverhampton Wanderers,2022-08-06,0.8005492123139182
Wolverhampton Wanderers,2022-08-13,0.4668304668304668
Wolverhampton Wanderers,2022-08-20,0.5762516231424037
Wolverhampton Wanderers,2022-08-28,0.7449141538017602
Wolverhampton Wanderers,2022-08-31,0.6978790939258405
Wolverhampton Wanderers,2022-09-03,0.7286497403346798
Wolverhampton Wanderers,2022-09-17,0.7472590882862089
Wolverhampton Wanderers,2022-10-01,0.8271783035199076
Wolverhampton Wanderers,2022-10-08,0.7951702065755019
Wolverhampton Wanderers,2022-10-15,0.6894093686354379
Wolverhampton Wanderers,2022-10-18,0.7650567355251673
Wolverhampton Wanderers,2022-10-23,0.7350203606748109
Wolverhampton Wanderers,2022-10-29,0.7965090909090909
Wolverhampton Wanderers,2022-11-05,0.7789090909090909
Wolverhampton Wanderers,2022-11-12,0.8029090909090909
Wolverhampton Wanderers,2022-12-26,0.8127177700348432
Wolverhampton Wanderers,2022-12-31,0.9006968641114983
Wolverhampton Wanderers,2023-01-04,0.8977932636469221
Wolverhampton Wanderers,2023-01-14,0.8910833575370316
Wolverhampton Wanderers,2023-01-22,0.8385129247749056
Wolverhampton Wanderers,2023-02-04,0.8462097008422887
Wolverhampton Wanderers,2023-02-11,0.7114435085681092
Wolverhampton Wanderers,2023-02-18,0.7445887445887446
Wolverhampton Wanderers,2023-02-24,0.8246687054026504
Wolverhampton Wanderers,2023-03-01,0.8466579292267365
Wolverhampton Wanderers,2023-03-04,0.8642784330857726
Wolverhampton Wanderers,2023-03-12,0.8486966652104266
Wolverhampton Wanderers,2023-03-18,0.8173875054609
Wolverhampton Wanderers,2023-04-01,0.8437454492500364
Wolverhampton Wanderers,2023-04-08,0.8383617548462323
Wolverhampton Wanderers,2023-04-15,0.7521663778162911
Wolverhampton Wanderers,2023-04-22,0.7659205776173286
Wolverhampton Wanderers,2023-04-25,0.8450541516245488
Wolverhampton Wanderers,2023-04-29,0.815740072202166
Wolverhampton Wanderers,2023-05-06,0.8229602888086642
Wolverhampton Wanderers,2023-05-13,0.8229602888086642
Wolverhampton Wanderers,2023-05-20,0.8114541257934218
Wolverhampton Wanderers,2023-05-28,0.7582227351413734
Wolverhampton Wanderers,2023-08-14,0.6820083682008368
Wolverhampton Wanderers,2023-08-19,0.673495888039244
Wolverhampton Wanderers,2023-08-26,0.752272399365171
Wolverhampton Wanderers,2023-09-03,0.7058144567883422
Wolverhampton Wanderers,2023-09-16,0.7143269369499351
Wolverhampton Wanderers,2023-09-23,0.7297258297258298
Wolverhampton Wanderers,2023-09-30,0.7812409812409813
Wolverhampton Wanderers,2023-10-08,0.8472383720930232
Wolverhampton Wanderers,2023-10-21,0.9085755813953489
Wolverhampton Wanderers,2023-10-28,0.7354651162790697
Wolverhampton Wanderers,2023-11-04,0.8915697674418605
Wolverhampton Wanderers,2023-11-11,0.7954941860465117
Wolverhampton Wanderers,2023-11-27,0.8768895348837209
Wolverhampton Wanderers,2023-12-02,0.8053779069767442
Wolverhampton Wanderers,2023-12-05,0.7329004329004329
Wolverhampton Wanderers,2023-12-09,0.7493868128697158
Wolverhampton Wanderers,2023-12-17,0.848528563185228
Wolverhampton Wanderers,2023-12-24,0.828789845665657
Wolverhampton Wanderers,2023-12-27,0.8766767633059281
Wolverhampton Wanderers,2023-12-30,0.8649935093033319
Wolverhampton Wanderers,2024-01-22,0.8589355257464301
Wolverhampton Wanderers,2024-02-01,0.6946487811914034
Wolverhampton Wanderers,2024-02-04,0.8537218695903058
Wolverhampton Wanderers,2024-02-10,0.9062184388977059
Wolverhampton Wanderers,2024-02-17,0.9199249747511181
Wolverhampton Wanderers,2024-02-25,0.8425912566729188
Wolverhampton Wanderers,2024-03-02,0.9073860357761108
Wolverhampton Wanderers,2024-03-09,0.8241742391461128
Wolverhampton Wanderers,2024-03-30,0.8276359440357709
Wolverhampton Wanderers,2024-04-02,0.7483052069811048
Wolverhampton Wanderers,2024-04-06,0.7402278955719025
Wolverhampton Wanderers,2024-04-13,0.8131852279284478
Wolverhampton Wanderers,2024-04-20,0.7938545874206578
Wolverhampton Wanderers,2024-04-24,0.7759342086279036
Wolverhampton Wanderers,2024-04-27,0.893073593073593
Wolverhampton Wanderers,2024-05-04,0.7935362862501804
Wolverhampton Wanderers,2024-05-11,0.8515365748088299
Wolverhampton Wanderers,2024-05-19,0.7897850238060886
Wolverhampton Wanderers,2024-08-17,0.9254183496826313
Wolverhampton Wanderers,2024-08-25,0.6377001455604075
Wolverhampton Wanderers,2024-08-31,0.719650655021834
Wolverhampton Wanderers,2024-09-15,0.7183816038422355
Wolverhampton Wanderers,2024-09-21,0.6764192139737991
Wolverhampton Wanderers,2024-09-28,0.6506550218340611
Wolverhampton Wanderers,2024-10-05,0.714410480349345
Wolverhampton Wanderers,2024-10-20,0.7779880623089241
Wolverhampton Wanderers,2024-10-26,0.7765113259269947
Wolverhampton Wanderers,2024-11-02,0.78866128101558
Wolverhampton Wanderers,2024-11-09,0.797231035477358
Wolverhampton Wanderers,2024-11-23,0.8015575425439861
Wolverhampton Wanderers,2024-11-30,0.7602364475201846
Wolverhampton Wanderers,2024-12-04,0.8579250720461095
Wolverhampton Wanderers,2024-12-09,0.8167146974063401
Wolverhampton Wanderers,2024-12-14,0.7962536023054755
Wolverhampton Wanderers,2024-12-22,0.7209972618532929
Wolverhampton Wanderers,2024-12-26,0.7864763552479815
Wolverhampton Wanderers,2024-12-29,0.8856689734717417
Wolverhampton Wanderers,2025-01-06,0.833044982698962
Wolverhampton Wanderers,2025-01-15,0.640796306982112
Wolverhampton Wanderers,2025-01-20,0.838863242931333
Wolverhampton Wanderers,2025-01-25,0.8072706289671091
Wolverhampton Wanderers,2025-02-01,0.9056549336410848
Wolverhampton Wanderers,2025-02-16,0.8100405092592593
Wolverhampton Wanderers,2025-02-22,0.8456307870370371
Wolverhampton Wanderers,2025-02-25,0.803646360873969
Wolverhampton Wanderers,2025-03-08,0.8236145275647518
Wolverhampton Wanderers,2025-03-15,0.8962523513239763
Wolverhampton Wanderers,2025-04-01,0.9029364964559525
Wolverhampton Wanderers,2025-04-05,0.8879248011569053
Wolverhampton Wanderers,2025-04-13,0.9158016147635525
Wolverhampton Wanderers,2025-04-20,0.9816923742251694
Wolverhampton Wanderers,2025-04-26,0.8267012687427913
Wolverhampton Wanderers,2025-05-02,0.9809716015568689
Wolverhampton Wanderers,2025-05-10,0.9045696987170246
Wolverhampton Wanderers,2025-05-20,0.9606344628695025
Wolverhampton Wanderers,2025-05-25,0.839463435742103
Wolverhampton Wanderers,2025-08-16,0.9314772071552222
Wolverhampton Wanderers,2025-08-23,0.655799192152337
Wolverhampton Wanderers,2025-08-30,0.6774379688401616
Wolverhampton Wanderers,2025-09-13,0.6227866473149491
Wolverhampton Wanderers,2025-09-20,0.5667634252539913
Wolverhampton Wanderers,2025-09-27,0.6997097242380261
Wolverhampton Wanderers,2025-10-05,0.7130624092888244
Wolverhampton Wanderers,2025-10-18,0.7141198664925265
Wolverhampton Wanderers,2025-10-26,0.6944283226929774
Wolverhampton Wanderers,2025-11-01,0.7880150899593732
Wolverhampton Wanderers,2025-11-08,0.8511466897446993
Wolverhampton Wanderers,2025-11-22,0.735426660851868
Wolverhampton Wanderers,2025-11-30,0.8118912632650095
Wolverhampton Wanderers,2025-12-03,0.6595435383049862
Wolverhampton Wanderers,2025-12-08,0.7542890375109044
Wolverhampton Wanderers,2025-12-13,0.766433973240256
Wolverhampton Wanderers,2025-12-20,0.7673065735892961
Wolverhampton Wanderers,2025-12-27,0.5891506689936009
Wolverhampton Wanderers,2025-12-30,0.6842181188690133
Wolverhampton Wanderers,2026-01-03,0.622331217541835
Wolverhampton Wanderers,2026-01-07,0.7330160103851147
Wolverhampton Wanderers,2026-01-18,0.7249386989759123
Wolverhampton Wanderers,2026-01-24,0.7884338044418806
Wolverhampton Wanderers,2026-01-31,0.8628497259878858
Wolverhampton Wanderers,2026-02-07,0.7930487453129507
Wolverhampton Wanderers,2026-02-11,0.7827466820542412
Wolverhampton Wanderers,2026-02-18,0.7751334198759555
Wolverhampton Wanderers,2026-02-22,0.7817368724754761
Wolverhampton Wanderers,2026-02-27,0.8584824004616273
Wolverhampton Wanderers,2026-03-03,0.8402143995364334
Wolverhampton Wanderers,2026-03-16,0.9287369640787949
Wolverhampton Wanderers,2026-04-10,0.9171494785631518
Wolverhampton Wanderers,2026-04-18,0.9520567786790266
Wolverhampton Wanderers,2026-04-25,0.7522816166883963
Wolverhampton Wanderers,2026-05-02,0.7434448790380994
Wolverhampton Wanderers,2026-05-09,0.6907589803012746
Wolverhampton Wanderers,2026-05-17,0.8047021491417856
Wolverhampton Wanderers,2026-05-24,0.8101557991921523
