date,home_team,away_team,home_goals,away_goals,home_xg,away_xg,season
2014-08-16 17:30:00,Arsenal,Crystal Palace,2,1,1.55411,0.158151,1415
2014-08-16 15:00:00,Leicester City,Everton,2,2,1.2783,0.613273,1415
2014-08-16 12:45:00,Manchester United,Swansea City,1,2,1.16635,0.278076,1415
2014-08-16 15:00:00,QPR,Hull City,0,1,1.90067,1.11757,1415
2014-08-16 15:00:00,Stoke City,Aston Villa,0,1,0.423368,0.909774,1415
2014-08-16 15:00:00,West Bromwich Albion,Sunderland,2,2,1.68343,0.991901,1415
2014-08-16 15:00:00,West Ham United,Tottenham Hotspur,0,1,1.8531,1.01706,1415
2014-08-17 13:30:00,Liverpool,Southampton,2,1,1.33192,1.55248,1415
2014-08-17 16:00:00,Newcastle United,Manchester City,0,2,0.965583,1.48053,1415
2014-08-18 20:00:00,Burnley,Chelsea,1,3,0.371141,2.12996,1415
2014-08-23 12:45:00,Aston Villa,Newcastle United,0,0,0.507525,0.699295,1415
2014-08-23 15:00:00,Chelsea,Leicester City,2,0,2.02939,0.550894,1415
2014-08-23 15:00:00,Crystal Palace,West Ham United,1,3,0.617283,1.33957,1415
2014-08-23 17:30:00,Everton,Arsenal,2,2,1.33429,1.43355,1415
2014-08-23 15:00:00,Southampton,West Bromwich Albion,0,0,0.665853,0.665791,1415
2014-08-23 15:00:00,Swansea City,Burnley,1,0,0.914215,0.843331,1415
2014-08-24 13:30:00,Hull City,Stoke City,1,1,0.870175,1.60916,1415
2014-08-24 16:00:00,Sunderland,Manchester United,1,1,0.666489,0.941557,1415
2014-08-24 13:30:00,Tottenham Hotspur,QPR,4,0,2.38894,1.07617,1415
2014-08-25 20:00:00,Manchester City,Liverpool,3,1,1.31375,0.901889,1415
2014-08-30 12:45:00,Burnley,Manchester United,0,0,0.513746,0.467281,1415
2014-08-30 17:30:00,Everton,Chelsea,3,6,1.4491,2.02665,1415
2014-08-30 15:00:00,Manchester City,Stoke City,0,1,0.891768,0.299792,1415
2014-08-30 15:00:00,Newcastle United,Crystal Palace,3,3,1.69776,1.66056,1415
2014-08-30 15:00:00,QPR,Sunderland,1,0,1.27277,0.964343,1415
2014-08-30 15:00:00,Swansea City,West Bromwich Albion,3,0,2.02641,0.696665,1415
2014-08-30 15:00:00,West Ham United,Southampton,1,3,0.635223,1.57513,1415
2014-08-31 13:30:00,Aston Villa,Hull City,2,1,0.639316,0.28888,1415
2014-08-31 16:00:00,Leicester City,Arsenal,1,1,0.809743,2.29649,1415
2014-08-31 13:30:00,Tottenham Hotspur,Liverpool,0,3,0.48592,2.74317,1415
2014-09-13 12:45:00,Arsenal,Manchester City,2,2,2.07804,2.30834,1415
2014-09-13 15:00:00,Chelsea,Swansea City,4,2,3.56581,1.02153,1415
2014-09-13 15:00:00,Crystal Palace,Burnley,0,0,0.780534,1.2493,1415
2014-09-13 17:30:00,Liverpool,Aston Villa,0,1,0.728097,0.701676,1415
2014-09-13 15:00:00,Southampton,Newcastle United,4,0,2.11739,1.15026,1415
2014-09-13 15:00:00,Stoke City,Leicester City,0,1,1.64782,0.598313,1415
2014-09-13 15:00:00,Sunderland,Tottenham Hotspur,2,2,0.338966,2.03694,1415
2014-09-13 15:00:00,West Bromwich Albion,Everton,0,2,0.602059,0.807492,1415
2014-09-14 16:00:00,Manchester United,QPR,4,0,2.20911,0.563524,1415
2014-09-15 20:00:00,Hull City,West Ham United,2,2,0.439084,0.661678,1415
2014-09-20 15:00:00,Aston Villa,Arsenal,0,3,0.649013,1.36224,1415
2014-09-20 15:00:00,Burnley,Sunderland,0,0,0.710673,0.643512,1415
2014-09-20 15:00:00,Newcastle United,Hull City,2,2,1.91632,0.854291,1415
2014-09-20 12:45:00,QPR,Stoke City,2,2,1.05642,1.45847,1415
2014-09-20 15:00:00,Swansea City,Southampton,0,1,0.520262,0.750244,1415
2014-09-20 17:30:00,West Ham United,Liverpool,3,1,1.26032,0.37835,1415
2014-09-21 16:00:00,Everton,Crystal Palace,2,3,2.56122,1.62886,1415
2014-09-21 13:30:00,Leicester City,Manchester United,5,3,2.5422,1.71191,1415
2014-09-21 16:00:00,Manchester City,Chelsea,1,1,1.05592,1.02093,1415
2014-09-21 13:30:00,Tottenham Hotspur,West Bromwich Albion,0,1,0.438596,1.08401,1415
2014-09-27 17:30:00,Arsenal,Tottenham Hotspur,1,1,1.2647,0.673535,1415
2014-09-27 15:00:00,Chelsea,Aston Villa,3,0,3.14218,0.228896,1415
2014-09-27 15:00:00,Crystal Palace,Leicester City,2,0,2.1144,0.453547,1415
2014-09-27 15:00:00,Hull City,Manchester City,2,4,1.12374,1.78953,1415
2014-09-27 12:45:00,Liverpool,Everton,1,1,1.5286,0.475885,1415
2014-09-27 15:00:00,Manchester United,West Ham United,2,1,0.520246,1.27452,1415
2014-09-27 15:00:00,Southampton,QPR,2,1,2.34463,0.456323,1415
2014-09-27 15:00:00,Sunderland,Swansea City,0,0,1.39649,0.156398,1415
2014-09-28 16:00:00,West Bromwich Albion,Burnley,4,0,1.81127,0.473814,1415
2014-09-29 20:00:00,Stoke City,Newcastle United,1,0,1.56203,1.13994,1415
2014-10-04 17:30:00,Aston Villa,Manchester City,0,2,0.690283,2.30634,1415
2014-10-04 15:00:00,Hull City,Crystal Palace,2,0,1.07209,0.616109,1415
2014-10-04 15:00:00,Leicester City,Burnley,2,2,1.57773,0.957718,1415
2014-10-04 15:00:00,Liverpool,West Bromwich Albion,2,1,1.56163,1.4384,1415
2014-10-04 15:00:00,Sunderland,Stoke City,3,1,1.40551,0.478187,1415
2014-10-04 15:00:00,Swansea City,Newcastle United,2,2,1.55242,1.18603,1415
2014-10-05 14:05:00,Chelsea,Arsenal,2,0,1.40263,0.330699,1415
2014-10-05 12:00:00,Manchester United,Everton,2,1,1.6239,2.13558,1415
2014-10-05 14:05:00,Tottenham Hotspur,Southampton,1,0,0.898735,1.14587,1415
2014-10-05 16:15:00,West Ham United,QPR,2,0,1.64038,0.697342,1415
2014-10-18 15:00:00,Arsenal,Hull City,2,2,2.14845,0.552062,1415
2014-10-18 15:00:00,Burnley,West Ham United,1,3,1.74404,2.84138,1415
2014-10-18 15:00:00,Crystal Palace,Chelsea,1,2,1.16779,1.01515,1415
2014-10-18 15:00:00,Everton,Aston Villa,3,0,1.67016,0.37205,1415
2014-10-18 12:45:00,Manchester City,Tottenham Hotspur,4,1,3.75041,2.32314,1415
2014-10-18 15:00:00,Newcastle United,Leicester City,1,0,2.1929,0.650379,1415
2014-10-18 15:00:00,Southampton,Sunderland,8,0,3.71097,0.92175,1415
2014-10-19 13:30:00,QPR,Liverpool,2,3,2.60852,1.51813,1415
2014-10-19 16:00:00,Stoke City,Swansea City,2,1,1.75841,2.26827,1415
2014-10-20 20:00:00,West Bromwich Albion,Manchester United,2,2,0.61662,0.934042,1415
2014-10-25 15:00:00,Liverpool,Hull City,0,0,0.678924,0.222999,1415
2014-10-25 15:00:00,Southampton,Stoke City,1,0,1.3758,0.867568,1415
2014-10-25 15:00:00,Sunderland,Arsenal,0,2,0.441491,1.47081,1415
2014-10-25 17:30:00,Swansea City,Leicester City,2,0,1.05601,0.773436,1415
2014-10-25 15:00:00,West Bromwich Albion,Crystal Palace,2,2,1.45724,1.77354,1415
2014-10-25 12:45:00,West Ham United,Manchester City,2,1,2.62631,1.8643,1415
2014-10-26 13:30:00,Burnley,Everton,1,3,1.55564,1.32187,1415
2014-10-26 16:00:00,Manchester United,Chelsea,1,1,1.84074,0.989916,1415
2014-10-26 13:30:00,Tottenham Hotspur,Newcastle United,1,2,2.03729,0.73967,1415
2014-10-27 20:00:00,QPR,Aston Villa,2,0,0.81667,1.18709,1415
2014-11-01 15:00:00,Arsenal,Burnley,3,0,4.3298,0.684259,1415
2014-11-01 15:00:00,Chelsea,QPR,2,1,2.23703,0.510067,1415
2014-11-01 15:00:00,Everton,Swansea City,0,0,1.14779,0.694419,1415
2014-11-01 15:00:00,Hull City,Southampton,0,1,0.256678,1.90484,1415
2014-11-01 15:00:00,Leicester City,West Bromwich Albion,0,1,1.41001,0.562442,1415
2014-11-01 12:45:00,Newcastle United,Liverpool,1,0,1.56863,0.258953,1415
2014-11-01 15:00:00,Stoke City,West Ham United,2,2,3.06954,0.528668,1415
2014-11-02 16:00:00,Aston Villa,Tottenham Hotspur,1,2,0.872267,2.54173,1415
2014-11-02 13:30:00,Manchester City,Manchester United,1,0,2.56723,0.727924,1415
2014-11-03 20:00:00,Crystal Palace,Sunderland,1,3,0.766023,0.727981,1415
2014-11-08 15:00:00,Burnley,Hull City,1,0,1.10315,0.526656,1415
2014-11-08 12:45:00,Liverpool,Chelsea,1,2,0.531905,1.97201,1415
2014-11-08 15:00:00,Manchester United,Crystal Palace,1,0,0.956776,0.400837,1415
2014-11-08 17:30:00,QPR,Manchester City,2,2,1.86489,1.70189,1415
2014-11-08 15:00:00,Southampton,Leicester City,2,0,1.00528,0.540434,1415
2014-11-08 15:00:00,West Ham United,Aston Villa,0,0,1.47873,0.560875,1415
2014-11-09 13:30:00,Sunderland,Everton,1,1,0.508326,1.31898,1415
2014-11-09 16:00:00,Swansea City,Arsenal,2,1,0.520487,1.77699,1415
2014-11-09 13:30:00,Tottenham Hotspur,Stoke City,1,2,1.28384,1.24867,1415
2014-11-09 13:30:00,West Bromwich Albion,Newcastle United,0,2,0.765208,0.694441,1415
2014-11-22 17:30:00,Arsenal,Manchester United,1,2,2.00193,1.2791,1415
2014-11-22 15:00:00,Chelsea,West Bromwich Albion,2,0,4.36607,0.0930471,1415
2014-11-22 15:00:00,Everton,West Ham United,2,1,1.82651,1.11958,1415
2014-11-22 15:00:00,Leicester City,Sunderland,0,0,0.685893,0.889971,1415
2014-11-22 15:00:00,Manchester City,Swansea City,2,1,2.26312,0.957011,1415
2014-11-22 15:00:00,Newcastle United,QPR,1,0,1.47871,0.402285,1415
2014-11-22 15:00:00,Stoke City,Burnley,1,2,1.94307,1.27532,1415
2014-11-23 13:30:00,Crystal Palace,Liverpool,3,1,1.47309,0.952958,1415
2014-11-23 16:00:00,Hull City,Tottenham Hotspur,1,2,0.94244,2.16438,1415
2014-11-24 20:00:00,Aston Villa,Southampton,1,1,1.13228,0.863156,1415
2014-11-29 15:00:00,Burnley,Aston Villa,1,1,2.3058,1.0873,1415
2014-11-29 15:00:00,Liverpool,Stoke City,1,0,1.71025,0.875424,1415
2014-11-29 15:00:00,Manchester United,Hull City,3,0,1.76885,0.230407,1415
2014-11-29 15:00:00,QPR,Leicester City,3,2,2.98194,2.10013,1415
2014-11-29 17:30:00,Sunderland,Chelsea,0,0,1.03133,0.761171,1415
2014-11-29 15:00:00,Swansea City,Crystal Palace,1,1,1.4626,1.50956,1415
2014-11-29 12:45:00,West Bromwich Albion,Arsenal,0,1,0.31526,1.05603,1415
2014-11-29 15:00:00,West Ham United,Newcastle United,1,0,1.09981,0.246562,1415
2014-11-30 13:30:00,Southampton,Manchester City,0,3,0.804381,2.13214,1415
2014-11-30 16:00:00,Tottenham Hotspur,Everton,2,1,1.13109,0.934335,1415
2014-12-02 19:45:00,Burnley,Newcastle United,1,1,0.678486,1.0006,1415
2014-12-02 20:00:00,Crystal Palace,Aston Villa,0,1,0.801741,0.192439,1415
2014-12-02 19:45:00,Leicester City,Liverpool,1,3,1.23928,1.3012,1415
2014-12-02 19:45:00,Manchester United,Stoke City,2,1,1.91104,1.29092,1415
2014-12-02 19:45:00,Swansea City,QPR,2,0,1.54207,0.789519,1415
2014-12-02 20:00:00,West Bromwich Albion,West Ham United,1,2,1.41302,1.24431,1415
2014-12-03 19:45:00,Arsenal,Southampton,1,0,2.37332,0.570955,1415
2014-12-03 19:45:00,Chelsea,Tottenham Hotspur,3,0,1.71947,0.289204,1415
2014-12-03 19:45:00,Everton,Hull City,1,1,1.27965,0.29547,1415
2014-12-03 19:45:00,Sunderland,Manchester City,1,4,0.412004,1.0386,1415
2014-12-06 15:00:00,Hull City,West Bromwich Albion,0,0,0.586305,1.06151,1415
2014-12-06 15:00:00,Liverpool,Sunderland,0,0,0.663875,0.268395,1415
2014-12-06 17:30:00,Manchester City,Everton,1,0,2.2487,0.385845,1415
2014-12-06 12:45:00,Newcastle United,Chelsea,2,1,1.48574,2.16232,1415
2014-12-06 15:00:00,QPR,Burnley,2,0,1.63744,1.2646,1415
2014-12-06 15:00:00,Stoke City,Arsenal,3,2,2.50357,2.02073,1415
2014-12-06 15:00:00,Tottenham Hotspur,Crystal Palace,0,0,0.958788,1.17369,1415
2014-12-07 16:00:00,Aston Villa,Leicester City,2,1,1.97697,1.0083,1415
2014-12-07 13:30:00,West Ham United,Swansea City,3,1,2.11509,0.998148,1415
2014-12-08 20:00:00,Southampton,Manchester United,1,2,1.8287,0.799261,1415
2014-12-13 17:30:00,Arsenal,Newcastle United,4,1,2.38819,0.938764,1415
2014-12-13 15:00:00,Burnley,Southampton,1,0,0.396158,1.713,1415
2014-12-13 15:00:00,Chelsea,Hull City,2,0,1.21862,0.435091,1415
2014-12-13 15:00:00,Crystal Palace,Stoke City,1,1,0.498092,0.898532,1415
2014-12-13 15:00:00,Leicester City,Manchester City,0,1,0.360608,1.13411,1415
2014-12-13 15:00:00,Sunderland,West Ham United,1,1,1.33557,0.870324,1415
2014-12-13 15:00:00,West Bromwich Albion,Aston Villa,1,0,1.4373,0.266303,1415
2014-12-14 13:30:00,Manchester United,Liverpool,3,0,1.79543,1.87114,1415
2014-12-14 16:00:00,Swansea City,Tottenham Hotspur,1,2,1.67826,0.731022,1415
2014-12-15 20:00:00,Everton,QPR,3,1,0.747708,0.972265,1415
2014-12-20 15:00:00,Aston Villa,Manchester United,1,1,0.575806,1.06851,1415
2014-12-20 15:00:00,Hull City,Swansea City,0,1,0.825885,1.45331,1415
2014-12-20 12:45:00,Manchester City,Crystal Palace,3,0,1.41484,0.760531,1415
2014-12-20 15:00:00,QPR,West Bromwich Albion,3,2,2.92864,1.30117,1415
2014-12-20 15:00:00,Southampton,Everton,3,0,2.21266,0.597999,1415
2014-12-20 15:00:00,Tottenham Hotspur,Burnley,2,1,1.77346,0.655135,1415
2014-12-20 15:00:00,West Ham United,Leicester City,2,0,1.45134,0.659983,1415
2014-12-21 16:00:00,Liverpool,Arsenal,2,2,1.31858,0.754219,1415
2014-12-21 13:30:00,Newcastle United,Sunderland,0,1,0.900259,2.18418,1415
2014-12-22 20:00:00,Stoke City,Chelsea,0,2,0.411669,1.45482,1415
2014-12-26 17:30:00,Arsenal,QPR,2,1,2.13888,1.21752,1415
2014-12-26 15:00:00,Burnley,Liverpool,0,1,0.61207,1.06708,1415
2014-12-26 12:45:00,Chelsea,West Ham United,2,0,3.56764,0.45944,1415
2014-12-26 15:00:00,Crystal Palace,Southampton,1,3,0.379447,1.30288,1415
2014-12-26 15:00:00,Everton,Stoke City,0,1,1.00929,1.39552,1415
2014-12-26 15:00:00,Leicester City,Tottenham Hotspur,1,2,1.47301,1.35719,1415
2014-12-26 15:00:00,Manchester United,Newcastle United,3,1,1.86147,1.03151,1415
2014-12-26 15:00:00,Sunderland,Hull City,1,3,1.35551,0.85573,1415
2014-12-26 15:00:00,Swansea City,Aston Villa,1,0,0.601468,1.41578,1415
2014-12-26 15:00:00,West Bromwich Albion,Manchester City,1,3,2.64442,2.10224,1415
2014-12-28 15:00:00,Aston Villa,Sunderland,0,0,0.650993,0.845626,1415
2014-12-28 15:00:00,Hull City,Leicester City,0,1,1.72314,0.180127,1415
2014-12-28 15:00:00,Manchester City,Burnley,2,2,1.38586,0.962215,1415
2014-12-28 16:15:00,Newcastle United,Everton,3,2,1.71345,1.07321,1415
2014-12-28 15:00:00,QPR,Crystal Palace,0,0,0.405679,0.328577,1415
2014-12-28 14:05:00,Southampton,Chelsea,1,1,0.528455,0.521788,1415
2014-12-28 15:00:00,Stoke City,West Bromwich Albion,2,0,1.25399,1.35813,1415
2014-12-28 12:00:00,Tottenham Hotspur,Manchester United,0,0,0.888,2.2613,1415
2014-12-28 15:00:00,West Ham United,Arsenal,1,2,1.1084,3.35886,1415
2014-12-29 20:00:00,Liverpool,Swansea City,4,1,3.27658,1.00374,1415
2015-01-01 15:00:00,Aston Villa,Crystal Palace,0,0,1.38709,0.575995,1415
2015-01-01 15:00:00,Hull City,Everton,2,0,1.95682,0.957698,1415
2015-01-01 15:00:00,Liverpool,Leicester City,2,2,2.38944,1.09438,1415
2015-01-01 15:00:00,Manchester City,Sunderland,3,2,3.63333,0.979558,1415
2015-01-01 15:00:00,Newcastle United,Burnley,3,3,1.24639,1.65582,1415
2015-01-01 15:00:00,QPR,Swansea City,1,1,3.16214,1.69725,1415
2015-01-01 15:00:00,Southampton,Arsenal,2,0,2.41442,0.849285,1415
2015-01-01 12:45:00,Stoke City,Manchester United,1,1,1.4082,0.932262,1415
2015-01-01 17:30:00,Tottenham Hotspur,Chelsea,5,3,1.82436,3.03274,1415
2015-01-01 15:00:00,West Ham United,West Bromwich Albion,1,1,1.13586,1.1226,1415
2015-01-10 15:00:00,Burnley,QPR,2,1,2.19126,1.69555,1415
2015-01-10 15:00:00,Chelsea,Newcastle United,2,0,1.08131,0.394837,1415
2015-01-10 17:30:00,Crystal Palace,Tottenham Hotspur,2,1,2.85997,0.919178,1415
2015-01-10 15:00:00,Everton,Manchester City,1,1,0.95041,1.50724,1415
2015-01-10 15:00:00,Leicester City,Aston Villa,1,0,2.36522,0.606149,1415
2015-01-10 12:45:00,Sunderland,Liverpool,0,1,0.250077,2.16251,1415
2015-01-10 15:00:00,Swansea City,West Ham United,1,1,1.54943,0.731228,1415
2015-01-10 15:00:00,West Bromwich Albion,Hull City,1,0,0.784159,0.395844,1415
2015-01-11 13:30:00,Arsenal,Stoke City,3,0,2.26889,0.39839,1415
2015-01-11 16:00:00,Manchester United,Southampton,0,1,1.19228,1.15706,1415
2015-01-17 15:00:00,Aston Villa,Liverpool,0,2,0.845309,1.54424,1415
2015-01-17 15:00:00,Burnley,Crystal Palace,2,3,1.08428,0.528431,1415
2015-01-17 15:00:00,Leicester City,Stoke City,0,1,0.382481,0.715634,1415
2015-01-17 17:30:00,Newcastle United,Southampton,1,2,0.856732,0.432026,1415
2015-01-17 15:00:00,QPR,Manchester United,0,2,0.929623,1.55645,1415
2015-01-17 15:00:00,Swansea City,Chelsea,0,5,0.214209,3.19733,1415
2015-01-17 15:00:00,Tottenham Hotspur,Sunderland,2,1,0.931537,1.19577,1415
2015-01-18 16:00:00,Manchester City,Arsenal,0,2,0.561966,1.49476,1415
2015-01-18 13:30:00,West Ham United,Hull City,3,0,2.68629,0.423719,1415
2015-01-19 20:00:00,Everton,West Bromwich Albion,0,0,1.4927,0.196316,1415
2015-01-31 17:30:00,Chelsea,Manchester City,1,1,0.708923,0.907151,1415
2015-01-31 15:00:00,Crystal Palace,Everton,0,1,1.21034,1.35977,1415
2015-01-31 12:45:00,Hull City,Newcastle United,0,3,0.989377,0.50926,1415
2015-01-31 15:00:00,Liverpool,West Ham United,2,0,2.28203,0.383092,1415
2015-01-31 15:00:00,Manchester United,Leicester City,3,1,1.7369,0.380882,1415
2015-01-31 15:00:00,Stoke City,QPR,3,1,0.782569,1.11577,1415
2015-01-31 15:00:00,Sunderland,Burnley,2,0,1.89994,1.34786,1415
2015-01-31 15:00:00,West Bromwich Albion,Tottenham Hotspur,0,3,0.808495,1.34429,1415
2015-02-01 13:30:00,Arsenal,Aston Villa,5,0,2.35805,0.714521,1415
2015-02-01 16:00:00,Southampton,Swansea City,0,1,1.62682,0.262557,1415
2015-02-07 15:00:00,Aston Villa,Chelsea,1,2,0.707847,1.11662,1415
2015-02-07 17:30:00,Everton,Liverpool,0,0,0.227711,1.03601,1415
2015-02-07 15:00:00,Leicester City,Crystal Palace,0,1,0.7797,1.00613,1415
2015-02-07 15:00:00,Manchester City,Hull City,1,1,0.992526,1.13348,1415
2015-02-07 15:00:00,QPR,Southampton,0,1,1.03037,0.963892,1415
2015-02-07 15:00:00,Swansea City,Sunderland,1,1,1.86428,0.143279,1415
2015-02-07 12:45:00,Tottenham Hotspur,Arsenal,2,1,1.2754,0.834136,1415
2015-02-08 12:00:00,Burnley,West Bromwich Albion,2,2,1.09795,2.55442,1415
2015-02-08 14:05:00,Newcastle United,Stoke City,1,1,0.789943,0.220357,1415
2015-02-08 16:15:00,West Ham United,Manchester United,1,1,0.86518,1.21344,1415
2015-02-10 19:45:00,Arsenal,Leicester City,2,1,1.77095,0.799802,1415
2015-02-10 19:45:00,Hull City,Aston Villa,2,0,0.985975,0.423817,1415
2015-02-10 20:00:00,Liverpool,Tottenham Hotspur,3,2,2.76444,1.71247,1415
2015-02-10 19:45:00,Sunderland,QPR,0,2,1.80831,1.26883,1415
2015-02-11 19:45:00,Chelsea,Everton,1,0,0.89846,0.706994,1415
2015-02-11 20:00:00,Crystal Palace,Newcastle United,1,1,0.932684,0.444535,1415
2015-02-11 19:45:00,Manchester United,Burnley,3,1,1.62116,1.85067,1415
2015-02-11 19:45:00,Southampton,West Ham United,0,0,1.68446,0.125464,1415
2015-02-11 19:45:00,Stoke City,Manchester City,1,4,0.745602,2.13611,1415
2015-02-11 20:00:00,West Bromwich Albion,Swansea City,2,0,0.685986,0.438959,1415
2015-02-21 15:00:00,Aston Villa,Stoke City,1,2,0.234004,1.11955,1415
2015-02-21 15:00:00,Chelsea,Burnley,1,1,1.53973,0.513251,1415
2015-02-21 15:00:00,Crystal Palace,Arsenal,1,2,2.26395,2.08054,1415
2015-02-21 15:00:00,Hull City,QPR,2,1,1.09259,0.190631,1415
2015-02-21 17:30:00,Manchester City,Newcastle United,5,0,3.12533,0.166685,1415
2015-02-21 15:00:00,Sunderland,West Bromwich Albion,0,0,0.699828,0.107318,1415
2015-02-21 15:00:00,Swansea City,Manchester United,2,1,1.04218,1.47171,1415
2015-02-22 14:05:00,Everton,Leicester City,2,2,2.05032,1.99519,1415
2015-02-22 16:15:00,Southampton,Liverpool,0,2,0.869183,0.695778,1415
2015-02-22 12:00:00,Tottenham Hotspur,West Ham United,2,2,2.17554,2.20831,1415
2015-02-28 15:00:00,Burnley,Swansea City,0,1,0.898885,1.41451,1415
2015-02-28 15:00:00,Manchester United,Sunderland,2,0,3.03534,0.272806,1415
2015-02-28 15:00:00,Newcastle United,Aston Villa,1,0,0.93198,0.773437,1415
2015-02-28 15:00:00,Stoke City,Hull City,1,0,0.895577,0.344489,1415
2015-02-28 15:00:00,West Bromwich Albion,Southampton,1,0,1.08916,0.579867,1415
2015-02-28 12:45:00,West Ham United,Crystal Palace,1,3,1.28506,0.851359,1415
2015-03-01 14:05:00,Arsenal,Everton,2,0,1.39298,0.367813,1415
2015-03-01 12:00:00,Liverpool,Manchester City,2,1,0.769022,1.12846,1415
2015-03-03 19:45:00,Aston Villa,West Bromwich Albion,2,1,1.9201,0.905628,1415
2015-03-03 19:45:00,Hull City,Sunderland,1,1,1.3938,1.23136,1415
2015-03-03 19:45:00,Southampton,Crystal Palace,1,0,2.22869,0.392674,1415
2015-03-04 20:00:00,Liverpool,Burnley,2,0,1.30453,0.319239,1415
2015-03-04 19:45:00,Manchester City,Leicester City,2,0,2.91599,0.217043,1415
2015-03-04 19:45:00,Newcastle United,Manchester United,0,1,1.19246,1.68865,1415
2015-03-04 19:45:00,QPR,Arsenal,1,2,0.318849,2.1651,1415
2015-03-04 19:45:00,Stoke City,Everton,2,0,1.03921,0.418315,1415
2015-03-04 19:45:00,Tottenham Hotspur,Swansea City,3,2,2.13485,0.708217,1415
2015-03-04 19:45:00,West Ham United,Chelsea,0,1,1.46324,2.38358,1415
2015-03-07 15:00:00,QPR,Tottenham Hotspur,1,2,1.49775,2.62405,1415
2015-03-14 15:00:00,Arsenal,West Ham United,3,0,3.19619,0.478172,1415
2015-03-14 17:30:00,Burnley,Manchester City,1,0,0.242058,1.2576,1415
2015-03-14 12:45:00,Crystal Palace,QPR,3,1,2.20095,0.266048,1415
2015-03-14 15:00:00,Leicester City,Hull City,0,0,0.53913,1.0475,1415
2015-03-14 15:00:00,Sunderland,Aston Villa,0,4,0.472898,1.50195,1415
2015-03-14 15:00:00,West Bromwich Albion,Stoke City,1,0,0.958807,0.198751,1415
2015-03-15 13:30:00,Chelsea,Southampton,1,1,3.19317,1.82802,1415
2015-03-15 16:00:00,Everton,Newcastle United,3,0,2.25807,0.809194,1415
2015-03-15 16:00:00,Manchester United,Tottenham Hotspur,3,0,1.02781,0.206431,1415
2015-03-16 20:00:00,Swansea City,Liverpool,0,1,0.438751,1.69506,1415
2015-03-21 15:00:00,Aston Villa,Swansea City,0,1,0.762371,1.90437,1415
2015-03-21 12:45:00,Manchester City,West Bromwich Albion,3,0,4.90913,0.775158,1415
2015-03-21 15:00:00,Newcastle United,Arsenal,1,2,1.0068,0.754782,1415
2015-03-21 15:00:00,Southampton,Burnley,2,0,1.92097,1.05022,1415
2015-03-21 15:00:00,Stoke City,Crystal Palace,1,2,2.07851,2.14974,1415
2015-03-21 15:00:00,Tottenham Hotspur,Leicester City,4,3,2.82935,2.722,1415
2015-03-21 17:30:00,West Ham United,Sunderland,1,0,0.99619,0.536562,1415
2015-03-22 16:00:00,Hull City,Chelsea,2,3,1.32415,0.758601,1415
2015-03-22 13:30:00,Liverpool,Manchester United,1,2,0.557648,1.22632,1415
2015-03-22 16:00:00,QPR,Everton,1,2,1.39318,0.839996,1415
2015-04-04 12:45:00,Arsenal,Liverpool,4,1,1.45672,1.21414,1415
2015-04-04 17:30:00,Chelsea,Stoke City,2,1,3.28546,0.277288,1415
2015-04-04 15:00:00,Everton,Southampton,1,0,1.02048,0.533646,1415
2015-04-04 15:00:00,Leicester City,West Ham United,2,1,3.43561,1.93553,1415
2015-04-04 15:00:00,Manchester United,Aston Villa,3,1,1.9836,0.311787,1415
2015-04-04 15:00:00,Swansea City,Hull City,3,1,1.49943,0.919329,1415
2015-04-04 15:00:00,West Bromwich Albion,QPR,1,4,2.13361,1.20939,1415
2015-04-05 13:30:00,Burnley,Tottenham Hotspur,0,0,1.51355,0.377376,1415
2015-04-05 16:00:00,Sunderland,Newcastle United,1,0,0.829443,0.798234,1415
2015-04-06 20:00:00,Crystal Palace,Manchester City,2,1,1.32783,1.1129,1415
2015-04-07 19:45:00,Aston Villa,QPR,3,3,1.86698,1.43061,1415
2015-04-11 17:30:00,Burnley,Arsenal,0,1,0.65718,1.21096,1415
2015-04-11 15:00:00,Southampton,Hull City,2,0,2.37369,0.737337,1415
2015-04-11 15:00:00,Sunderland,Crystal Palace,1,4,0.617079,2.34787,1415
2015-04-11 12:45:00,Swansea City,Everton,1,1,1.09678,0.842056,1415
2015-04-11 15:00:00,Tottenham Hotspur,Aston Villa,0,1,0.621738,0.860976,1415
2015-04-11 15:00:00,West Bromwich Albion,Leicester City,2,3,0.968439,1.6874,1415
2015-04-11 15:00:00,West Ham United,Stoke City,1,1,0.604708,0.587985,1415
2015-04-12 16:00:00,Manchester United,Manchester City,4,2,2.66017,1.75844,1415
2015-04-12 13:30:00,QPR,Chelsea,0,1,0.780982,0.920984,1415
2015-04-13 20:00:00,Liverpool,Newcastle United,2,0,1.26534,0.363343,1415
2015-04-18 17:30:00,Chelsea,Manchester United,1,0,1.1493,0.744613,1415
2015-04-18 15:00:00,Crystal Palace,West Bromwich Albion,0,2,2.0561,0.698022,1415
2015-04-18 15:00:00,Everton,Burnley,1,0,2.36114,1.06159,1415
2015-04-18 15:00:00,Leicester City,Swansea City,2,0,2.57043,0.87346,1415
2015-04-18 15:00:00,Stoke City,Southampton,2,1,2.26451,1.36108,1415
2015-04-19 13:30:00,Manchester City,West Ham United,2,0,2.05138,0.738105,1415
2015-04-19 16:00:00,Newcastle United,Tottenham Hotspur,1,3,0.938886,1.99862,1415
2015-04-25 15:00:00,Burnley,Leicester City,0,1,1.98975,1.21926,1415
2015-04-25 15:00:00,Crystal Palace,Hull City,0,2,0.913865,2.37709,1415
2015-04-25 17:30:00,Manchester City,Aston Villa,3,2,1.1892,0.901376,1415
2015-04-25 15:00:00,Newcastle United,Swansea City,2,3,1.54939,1.58825,1415
2015-04-25 15:00:00,QPR,West Ham United,0,0,2.28143,0.824309,1415
2015-04-25 12:45:00,Southampton,Tottenham Hotspur,2,2,1.39327,0.531276,1415
2015-04-25 15:00:00,Stoke City,Sunderland,1,1,2.15079,2.17523,1415
2015-04-25 15:00:00,West Bromwich Albion,Liverpool,0,0,0.507754,1.41235,1415
2015-04-26 16:00:00,Arsenal,Chelsea,0,0,1.07482,0.853305,1415
2015-04-26 13:30:00,Everton,Manchester United,3,0,1.07922,0.750462,1415
2015-04-28 19:45:00,Hull City,Liverpool,1,0,0.730978,0.523697,1415
2015-04-29 19:45:00,Leicester City,Chelsea,1,3,0.600074,1.51717,1415
2015-05-02 15:00:00,Aston Villa,Everton,3,2,1.56179,1.4049,1415
2015-05-02 12:45:00,Leicester City,Newcastle United,3,0,4.02694,0.485003,1415
2015-05-02 15:00:00,Liverpool,QPR,2,1,2.28745,0.386314,1415
2015-05-02 17:30:00,Manchester United,West Bromwich Albion,0,1,2.10841,0.317533,1415
2015-05-02 15:00:00,Sunderland,Southampton,2,1,1.97694,0.906357,1415
2015-05-02 15:00:00,Swansea City,Stoke City,2,0,2.07645,0.324134,1415
2015-05-02 15:00:00,West Ham United,Burnley,1,0,3.23925,0.758485,1415
2015-05-03 13:30:00,Chelsea,Crystal Palace,1,0,1.5619,0.41646,1415
2015-05-03 16:00:00,Tottenham Hotspur,Manchester City,0,1,2.07027,1.80612,1415
2015-05-04 20:00:00,Hull City,Arsenal,1,3,0.474706,2.94938,1415
2015-05-09 15:00:00,Aston Villa,West Ham United,1,0,1.26585,0.149381,1415
2015-05-09 17:30:00,Crystal Palace,Manchester United,1,2,1.04344,2.29775,1415
2015-05-09 12:45:00,Everton,Sunderland,0,2,1.14341,1.19799,1415
2015-05-09 15:00:00,Hull City,Burnley,0,1,1.12811,1.21303,1415
2015-05-09 15:00:00,Leicester City,Southampton,2,0,1.64129,0.348109,1415
2015-05-09 15:00:00,Newcastle United,West Bromwich Albion,1,1,1.23706,1.21081,1415
2015-05-09 15:00:00,Stoke City,Tottenham Hotspur,3,0,2.138,0.298008,1415
2015-05-10 16:00:00,Chelsea,Liverpool,1,1,0.535272,1.33324,1415
2015-05-10 13:30:00,Manchester City,QPR,6,0,5.35103,0.872314,1415
2015-05-11 20:00:00,Arsenal,Swansea City,0,1,1.88364,0.347185,1415
2015-05-16 15:00:00,Burnley,Stoke City,0,0,0.909845,1.76276,1415
2015-05-16 17:30:00,Liverpool,Crystal Palace,1,3,1.11415,1.99504,1415
2015-05-16 15:00:00,QPR,Newcastle United,2,1,0.470106,2.11207,1415
2015-05-16 12:45:00,Southampton,Aston Villa,6,1,3.59558,1.18593,1415
2015-05-16 15:00:00,Sunderland,Leicester City,0,0,0.935248,0.682972,1415
2015-05-16 15:00:00,Tottenham Hotspur,Hull City,2,0,1.70119,1.13285,1415
2015-05-16 15:00:00,West Ham United,Everton,1,2,0.813296,2.07078,1415
2015-05-17 16:00:00,Manchester United,Arsenal,1,1,0.715214,1.06814,1415
2015-05-17 13:30:00,Swansea City,Manchester City,2,4,1.06125,2.28119,1415
2015-05-18 20:00:00,West Bromwich Albion,Chelsea,3,0,1.22743,1.07679,1415
2015-05-20 19:45:00,Arsenal,Sunderland,0,0,1.68909,1.50177,1415
2015-05-24 15:00:00,Arsenal,West Bromwich Albion,4,1,3.16614,0.569092,1415
2015-05-24 15:00:00,Aston Villa,Burnley,0,1,0.654751,0.66113,1415
2015-05-24 15:00:00,Chelsea,Sunderland,3,1,2.52912,1.39272,1415
2015-05-24 15:00:00,Crystal Palace,Swansea City,1,0,1.07504,0.118613,1415
2015-05-24 15:00:00,Everton,Tottenham Hotspur,0,1,0.646215,1.39049,1415
2015-05-24 15:00:00,Hull City,Manchester United,0,0,0.984196,0.399522,1415
2015-05-24 15:00:00,Leicester City,QPR,5,1,2.17428,1.26755,1415
2015-05-24 15:00:00,Manchester City,Southampton,2,0,2.44073,0.775853,1415
2015-05-24 15:00:00,Newcastle United,West Ham United,2,0,1.64216,0.416396,1415
2015-05-24 15:00:00,Stoke City,Liverpool,6,1,2.15707,1.02292,1415
2015-08-08 18:00:00,Bournemouth,Aston Villa,0,1,0.876106,0.782253,1516
2015-08-08 20:30:00,Chelsea,Swansea City,2,2,0.64396,2.59203,1516
2015-08-08 18:00:00,Everton,Watford,2,2,0.604226,0.557892,1516
2015-08-08 18:00:00,Leicester City,Sunderland,4,2,2.56803,1.45946,1516
2015-08-08 15:45:00,Manchester United,Tottenham Hotspur,1,0,0.627539,0.6746,1516
2015-08-08 18:00:00,Norwich City,Crystal Palace,1,3,1.13076,2.10975,1516
2015-08-09 16:30:00,Arsenal,West Ham United,0,2,1.33166,0.535961,1516
2015-08-09 16:30:00,Newcastle United,Southampton,2,2,1.54613,1.2529,1516
2015-08-09 19:00:00,Stoke City,Liverpool,0,1,0.381274,0.329873,1516
2015-08-10 23:00:00,West Bromwich Albion,Manchester City,0,3,0.435238,1.9242,1516
2015-08-14 22:45:00,Aston Villa,Manchester United,0,1,0.219118,0.660404,1516
2015-08-15 15:45:00,Southampton,Everton,0,3,1.06214,1.39628,1516
2015-08-15 18:00:00,Sunderland,Norwich City,1,3,0.329128,1.71686,1516
2015-08-15 18:00:00,Swansea City,Newcastle United,2,0,1.97424,0.113109,1516
2015-08-15 18:00:00,Tottenham Hotspur,Stoke City,2,2,1.70614,2.80956,1516
2015-08-15 18:00:00,Watford,West Bromwich Albion,0,0,0.760848,0.684036,1516
2015-08-15 18:00:00,West Ham United,Leicester City,1,2,0.513491,1.80939,1516
2015-08-16 16:30:00,Crystal Palace,Arsenal,1,2,0.964134,2.05542,1516
2015-08-16 19:00:00,Manchester City,Chelsea,3,0,2.18579,0.482423,1516
2015-08-17 23:00:00,Liverpool,Bournemouth,1,0,2.15062,0.460805,1516
2015-08-22 18:00:00,Crystal Palace,Aston Villa,2,1,1.23807,0.765278,1516
2015-08-22 18:00:00,Leicester City,Tottenham Hotspur,1,1,0.829012,1.89437,1516
2015-08-22 15:45:00,Manchester United,Newcastle United,0,0,1.2491,0.4384,1516
2015-08-22 18:00:00,Norwich City,Stoke City,1,1,3.14888,0.698228,1516
2015-08-22 18:00:00,Sunderland,Swansea City,1,1,0.569426,1.56064,1516
2015-08-22 18:00:00,West Ham United,Bournemouth,3,4,1.50203,2.8554,1516
2015-08-23 19:00:00,Everton,Manchester City,0,2,0.579338,1.57983,1516
2015-08-23 19:00:00,Watford,Southampton,0,0,1.17588,0.68359,1516
2015-08-23 16:30:00,West Bromwich Albion,Chelsea,2,3,1.42622,2.02778,1516
2015-08-24 23:00:00,Arsenal,Liverpool,0,0,1.83755,1.29206,1516
2015-08-29 18:00:00,Aston Villa,Sunderland,2,2,2.27406,0.368848,1516
2015-08-29 18:00:00,Bournemouth,Leicester City,1,1,0.321432,0.919097,1516
2015-08-29 18:00:00,Chelsea,Crystal Palace,1,2,1.27906,2.19283,1516
2015-08-29 18:00:00,Liverpool,West Ham United,0,3,0.561737,0.97217,1516
2015-08-29 18:00:00,Manchester City,Watford,2,0,1.52895,0.363603,1516
2015-08-29 15:45:00,Newcastle United,Arsenal,0,1,0.0319694,2.33948,1516
2015-08-29 18:00:00,Stoke City,West Bromwich Albion,0,1,1.21771,0.881194,1516
2015-08-29 20:30:00,Tottenham Hotspur,Everton,0,0,1.99917,0.694692,1516
2015-08-30 16:30:00,Southampton,Norwich City,3,0,2.85501,0.639434,1516
2015-08-30 19:00:00,Swansea City,Manchester United,2,1,0.971183,1.28089,1516
2015-09-12 18:00:00,Arsenal,Stoke City,2,0,4.42684,0.191277,1516
2015-09-12 18:00:00,Crystal Palace,Manchester City,0,1,0.743193,3.08883,1516
2015-09-12 15:45:00,Everton,Chelsea,3,1,1.18026,0.656048,1516
2015-09-12 20:30:00,Manchester United,Liverpool,3,1,1.46206,1.02572,1516
2015-09-12 18:00:00,Norwich City,Bournemouth,3,1,1.33151,0.389495,1516
2015-09-12 18:00:00,Watford,Swansea City,1,0,1.57333,0.503008,1516
2015-09-12 18:00:00,West Bromwich Albion,Southampton,0,0,0.409143,1.00731,1516
2015-09-13 19:00:00,Leicester City,Aston Villa,3,2,1.34987,0.953181,1516
2015-09-13 16:30:00,Sunderland,Tottenham Hotspur,0,1,1.0407,1.45615,1516
2015-09-14 23:00:00,West Ham United,Newcastle United,2,0,1.71282,0.716599,1516
2015-09-19 18:00:00,Aston Villa,West Bromwich Albion,0,1,0.876719,0.632761,1516
2015-09-19 18:00:00,Bournemouth,Sunderland,2,0,0.644335,0.854867,1516
2015-09-19 15:45:00,Chelsea,Arsenal,2,0,2.0687,0.775312,1516
2015-09-19 20:30:00,Manchester City,West Ham United,1,2,2.98465,0.995273,1516
2015-09-19 18:00:00,Newcastle United,Watford,1,2,1.15114,1.33961,1516
2015-09-19 18:00:00,Stoke City,Leicester City,2,2,1.14717,1.22582,1516
2015-09-19 18:00:00,Swansea City,Everton,0,0,0.864868,1.77458,1516
2015-09-20 19:00:00,Liverpool,Norwich City,1,1,1.90447,0.556271,1516
2015-09-20 19:00:00,Southampton,Manchester United,2,3,1.83663,1.65119,1516
2015-09-20 16:30:00,Tottenham Hotspur,Crystal Palace,1,0,1.01573,0.538439,1516
2015-09-26 18:00:00,Leicester City,Arsenal,2,5,1.38516,3.89623,1516
2015-09-26 18:00:00,Liverpool,Aston Villa,3,2,1.78331,0.892054,1516
2015-09-26 18:00:00,Manchester United,Sunderland,3,0,2.8971,0.832139,1516
2015-09-26 20:30:00,Newcastle United,Chelsea,2,2,0.702109,1.30593,1516
2015-09-26 18:00:00,Southampton,Swansea City,3,1,1.55418,1.41962,1516
2015-09-26 18:00:00,Stoke City,Bournemouth,2,1,1.94483,0.871678,1516
2015-09-26 15:45:00,Tottenham Hotspur,Manchester City,4,1,2.30799,1.57842,1516
2015-09-26 18:00:00,West Ham United,Norwich City,2,2,2.60407,1.38603,1516
2015-09-27 19:00:00,Watford,Crystal Palace,0,1,0.685939,2.33566,1516
2015-09-28 23:00:00,West Bromwich Albion,Everton,2,3,1.27511,2.30159,1516
2015-10-03 18:00:00,Aston Villa,Stoke City,0,1,0.839028,1.03499,1516
2015-10-03 18:00:00,Bournemouth,Watford,1,1,1.50268,0.913291,1516
2015-10-03 20:30:00,Chelsea,Southampton,1,3,0.520175,1.58246,1516
2015-10-03 15:45:00,Crystal Palace,West Bromwich Albion,2,0,1.99083,0.255528,1516
2015-10-03 18:00:00,Manchester City,Newcastle United,6,1,3.3346,0.980279,1516
2015-10-03 18:00:00,Norwich City,Leicester City,1,2,1.18074,3.00282,1516
2015-10-03 18:00:00,Sunderland,West Ham United,2,2,1.08401,1.93656,1516
2015-10-04 19:00:00,Arsenal,Manchester United,3,0,2.16952,1.03953,1516
2015-10-04 16:30:00,Everton,Liverpool,1,1,1.20063,1.30844,1516
2015-10-04 19:00:00,Swansea City,Tottenham Hotspur,2,2,0.774806,1.18142,1516
2015-10-17 18:00:00,Chelsea,Aston Villa,2,0,1.22875,0.795846,1516
2015-10-17 18:00:00,Crystal Palace,West Ham United,1,3,1.08391,2.76356,1516
2015-10-17 18:00:00,Everton,Manchester United,0,3,0.653457,1.47853,1516
2015-10-17 18:00:00,Manchester City,Bournemouth,5,1,4.71274,0.173025,1516
2015-10-17 18:00:00,Southampton,Leicester City,2,2,1.46668,2.78648,1516
2015-10-17 15:45:00,Tottenham Hotspur,Liverpool,0,0,0.586228,0.715892,1516
2015-10-17 20:30:00,Watford,Arsenal,0,3,0.254791,2.69046,1516
2015-10-17 18:00:00,West Bromwich Albion,Sunderland,1,0,2.07781,0.658473,1516
2015-10-18 19:00:00,Newcastle United,Norwich City,6,2,2.24896,1.34395,1516
2015-10-19 23:00:00,Swansea City,Stoke City,0,1,0.485489,1.64894,1516
2015-10-24 20:30:00,Arsenal,Everton,2,1,2.55754,0.373025,1516
2015-10-24 18:00:00,Aston Villa,Swansea City,1,2,1.09516,1.74353,1516
2015-10-24 18:00:00,Leicester City,Crystal Palace,1,0,1.33502,0.240008,1516
2015-10-24 18:00:00,Norwich City,West Bromwich Albion,0,1,1.03228,1.45436,1516
2015-10-24 18:00:00,Stoke City,Watford,0,2,0.848432,1.0403,1516
2015-10-24 18:00:00,West Ham United,Chelsea,2,1,0.77284,1.1356,1516
2015-10-25 18:05:00,Bournemouth,Tottenham Hotspur,1,5,0.490581,3.43313,1516
2015-10-25 20:15:00,Liverpool,Southampton,1,1,0.682823,1.56383,1516
2015-10-25 18:05:00,Manchester United,Manchester City,0,0,0.391754,0.310718,1516
2015-10-25 16:00:00,Sunderland,Newcastle United,3,0,2.37969,1.41744,1516
2015-10-31 16:45:00,Chelsea,Liverpool,1,3,0.735762,0.839342,1516
2015-10-31 19:00:00,Crystal Palace,Manchester United,0,0,0.939118,0.394404,1516
2015-10-31 19:00:00,Manchester City,Norwich City,2,1,2.83557,1.17497,1516
2015-10-31 19:00:00,Newcastle United,Stoke City,0,0,1.26075,1.38017,1516
2015-10-31 19:00:00,Swansea City,Arsenal,0,3,0.264441,2.17657,1516
2015-10-31 19:00:00,Watford,West Ham United,2,0,1.61544,0.605625,1516
2015-10-31 19:00:00,West Bromwich Albion,Leicester City,2,3,1.50447,2.22545,1516
2015-11-01 17:30:00,Everton,Sunderland,6,2,2.34852,1.21834,1516
2015-11-01 20:00:00,Southampton,Bournemouth,2,0,1.15966,0.712132,1516
2015-11-03 00:00:00,Tottenham Hotspur,Aston Villa,3,1,1.14374,0.325711,1516
2015-11-07 16:45:00,Bournemouth,Newcastle United,0,1,1.00427,0.504409,1516
2015-11-07 19:00:00,Leicester City,Watford,2,1,1.56389,1.00531,1516
2015-11-07 19:00:00,Manchester United,West Bromwich Albion,2,0,1.2779,0.594031,1516
2015-11-07 19:00:00,Norwich City,Swansea City,1,0,1.19517,0.402284,1516
2015-11-07 21:30:00,Stoke City,Chelsea,1,0,0.825418,1.02642,1516
2015-11-07 19:00:00,Sunderland,Southampton,0,1,0.299104,1.79578,1516
2015-11-07 19:00:00,West Ham United,Everton,1,1,0.589567,1.08814,1516
2015-11-08 20:00:00,Arsenal,Tottenham Hotspur,1,1,2.01767,0.90585,1516
2015-11-08 17:30:00,Aston Villa,Manchester City,0,0,0.182741,1.53281,1516
2015-11-08 20:00:00,Liverpool,Crystal Palace,1,2,2.15673,0.849281,1516
2015-11-21 19:00:00,Chelsea,Norwich City,1,0,2.16487,0.202798,1516
2015-11-21 19:00:00,Everton,Aston Villa,4,0,2.83068,0.322061,1516
2015-11-21 21:30:00,Manchester City,Liverpool,1,4,1.08612,2.61697,1516
2015-11-21 19:00:00,Newcastle United,Leicester City,0,3,0.372387,3.27478,1516
2015-11-21 19:00:00,Southampton,Stoke City,0,1,0.709485,1.19495,1516
2015-11-21 19:00:00,Swansea City,Bournemouth,2,2,1.88526,1.58509,1516
2015-11-21 16:45:00,Watford,Manchester United,1,2,1.47077,1.30264,1516
2015-11-21 19:00:00,West Bromwich Albion,Arsenal,2,1,0.332888,2.08956,1516
2015-11-22 20:00:00,Tottenham Hotspur,West Ham United,4,1,3.22353,0.818937,1516
2015-11-24 00:00:00,Crystal Palace,Sunderland,0,1,0.696183,1.30739,1516
2015-11-28 19:00:00,Aston Villa,Watford,2,3,1.48969,1.45176,1516
2015-11-28 19:00:00,Bournemouth,Everton,3,3,1.69105,0.729005,1516
2015-11-28 19:00:00,Crystal Palace,Newcastle United,5,1,1.67836,0.791299,1516
2015-11-28 21:30:00,Leicester City,Manchester United,1,1,0.876256,1.05613,1516
2015-11-28 19:00:00,Manchester City,Southampton,3,1,2.12331,1.24478,1516
2015-11-28 19:00:00,Sunderland,Stoke City,2,0,0.863466,0.79464,1516
2015-11-29 20:15:00,Liverpool,Swansea City,1,0,1.19358,0.367517,1516
2015-11-29 20:15:00,Norwich City,Arsenal,1,1,1.01025,1.65699,1516
2015-11-29 16:00:00,Tottenham Hotspur,Chelsea,0,0,0.333494,0.283375,1516
2015-11-29 18:05:00,West Ham United,West Bromwich Albion,1,1,1.41404,0.866305,1516
2015-12-05 19:00:00,Arsenal,Sunderland,3,1,2.29559,1.5228,1516
2015-12-05 21:30:00,Chelsea,Bournemouth,0,1,1.66952,1.25911,1516
2015-12-05 19:00:00,Manchester United,West Ham United,0,0,1.76061,1.10206,1516
2015-12-05 19:00:00,Southampton,Aston Villa,1,1,2.86051,1.058,1516
2015-12-05 16:45:00,Stoke City,Manchester City,2,0,2.01436,0.483752,1516
2015-12-05 19:00:00,Swansea City,Leicester City,0,3,0.780602,2.20962,1516
2015-12-05 19:00:00,Watford,Norwich City,2,0,2.07199,0.310524,1516
2015-12-05 19:00:00,West Bromwich Albion,Tottenham Hotspur,1,1,1.48695,1.12876,1516
2015-12-06 20:00:00,Newcastle United,Liverpool,2,0,0.646346,0.999043,1516
2015-12-08 00:00:00,Everton,Crystal Palace,1,1,1.69774,1.1905,1516
2015-12-12 21:30:00,Bournemouth,Manchester United,2,1,1.05032,1.96768,1516
2015-12-12 19:00:00,Crystal Palace,Southampton,1,0,1.31177,0.890411,1516
2015-12-12 19:00:00,Manchester City,Swansea City,2,1,1.34338,0.962789,1516
2015-12-12 16:45:00,Norwich City,Everton,1,1,1.49283,2.43558,1516
2015-12-12 19:00:00,Sunderland,Watford,0,1,0.879474,2.0562,1516
2015-12-12 19:00:00,West Ham United,Stoke City,0,0,1.13181,1.87239,1516
2015-12-13 17:30:00,Aston Villa,Arsenal,0,2,1.00876,1.68498,1516
2015-12-13 20:00:00,Liverpool,West Bromwich Albion,2,2,2.12583,0.835885,1516
2015-12-13 20:00:00,Tottenham Hotspur,Newcastle United,1,2,1.03317,1.55252,1516
2015-12-15 00:00:00,Leicester City,Chelsea,2,1,0.708846,2.26887,1516
2015-12-19 19:00:00,Chelsea,Sunderland,3,1,3.02023,1.23573,1516
2015-12-19 19:00:00,Everton,Leicester City,2,3,1.48982,2.02911,1516
2015-12-19 19:00:00,Manchester United,Norwich City,1,2,1.01394,0.556897,1516
2015-12-19 21:30:00,Newcastle United,Aston Villa,1,1,1.28189,0.404373,1516
2015-12-19 19:00:00,Southampton,Tottenham Hotspur,0,2,0.83385,1.47453,1516
2015-12-19 19:00:00,Stoke City,Crystal Palace,1,2,2.41499,1.95347,1516
2015-12-19 19:00:00,West Bromwich Albion,Bournemouth,1,2,0.698255,1.89177,1516
2015-12-20 20:00:00,Swansea City,West Ham United,0,0,0.973378,0.401988,1516
2015-12-20 17:30:00,Watford,Liverpool,3,0,1.99336,0.376313,1516
2015-12-22 00:00:00,Arsenal,Manchester City,2,1,1.50109,0.769378,1516
2015-12-26 19:00:00,Aston Villa,West Ham United,1,1,1.61235,0.836027,1516
2015-12-26 19:00:00,Bournemouth,Crystal Palace,0,0,0.871395,0.405181,1516
2015-12-26 19:00:00,Chelsea,Watford,2,2,2.09356,1.667,1516
2015-12-26 19:00:00,Liverpool,Leicester City,1,0,1.37933,0.505167,1516
2015-12-26 19:00:00,Manchester City,Sunderland,4,1,3.51848,1.08103,1516
2015-12-26 21:30:00,Newcastle United,Everton,0,1,1.35711,1.69923,1516
2015-12-26 23:45:00,Southampton,Arsenal,4,0,2.4303,0.83106,1516
2015-12-26 16:45:00,Stoke City,Manchester United,2,0,1.18211,1.28961,1516
2015-12-26 19:00:00,Swansea City,West Bromwich Albion,1,0,1.21243,0.554583,1516
2015-12-26 19:00:00,Tottenham Hotspur,Norwich City,3,0,2.40666,0.452019,1516
2015-12-28 21:30:00,Arsenal,Bournemouth,2,0,3.12958,0.343752,1516
2015-12-28 19:00:00,Crystal Palace,Swansea City,0,0,0.735185,0.169425,1516
2015-12-28 19:00:00,Everton,Stoke City,3,4,2.2472,1.58159,1516
2015-12-28 21:30:00,Manchester United,Chelsea,0,0,1.35213,0.900029,1516
2015-12-28 19:00:00,Norwich City,Aston Villa,2,0,1.10319,0.235874,1516
2015-12-28 19:00:00,Watford,Tottenham Hotspur,1,2,1.13011,0.527248,1516
2015-12-28 19:00:00,West Bromwich Albion,Newcastle United,1,0,2.1039,0.456189,1516
2015-12-28 21:30:00,West Ham United,Southampton,2,1,1.79562,1.3709,1516
2015-12-29 23:45:00,Leicester City,Manchester City,0,0,0.810377,1.66777,1516
2015-12-30 23:45:00,Sunderland,Liverpool,0,1,0.481551,1.80743,1516
2016-01-02 19:00:00,Arsenal,Newcastle United,1,0,1.93025,1.15339,1516
2016-01-02 19:00:00,Leicester City,Bournemouth,0,0,2.28506,1.2593,1516
2016-01-02 19:00:00,Manchester United,Swansea City,2,1,1.74266,0.542907,1516
2016-01-02 19:00:00,Norwich City,Southampton,1,0,1.50509,0.932294,1516
2016-01-02 19:00:00,Sunderland,Aston Villa,3,1,0.761225,0.27956,1516
2016-01-02 21:30:00,Watford,Manchester City,1,2,0.985368,0.692054,1516
2016-01-02 19:00:00,West Bromwich Albion,Stoke City,2,1,1.72318,0.917526,1516
2016-01-02 16:45:00,West Ham United,Liverpool,2,0,2.06737,1.86591,1516
2016-01-03 17:30:00,Crystal Palace,Chelsea,0,3,0.546499,2.3747,1516
2016-01-03 20:00:00,Everton,Tottenham Hotspur,1,1,0.721603,0.75907,1516
2016-01-12 23:45:00,Aston Villa,Crystal Palace,1,0,0.551973,0.547913,1516
2016-01-12 23:45:00,Bournemouth,West Ham United,1,3,0.729546,1.18455,1516
2016-01-12 23:45:00,Newcastle United,Manchester United,3,3,1.81304,2.36216,1516
2016-01-13 23:45:00,Chelsea,West Bromwich Albion,2,2,1.38532,0.704263,1516
2016-01-13 23:45:00,Manchester City,Everton,0,0,1.44957,0.369548,1516
2016-01-13 23:45:00,Southampton,Watford,2,0,1.7224,0.11543,1516
2016-01-13 23:45:00,Stoke City,Norwich City,3,1,1.24456,0.193728,1516
2016-01-13 23:45:00,Swansea City,Sunderland,2,4,1.06526,2.49057,1516
2016-01-14 00:00:00,Liverpool,Arsenal,3,3,1.16222,2.22912,1516
2016-01-14 00:00:00,Tottenham Hotspur,Leicester City,0,1,1.2301,0.588708,1516
2016-01-16 21:30:00,Aston Villa,Leicester City,1,1,0.665386,2.21525,1516
2016-01-16 19:00:00,Bournemouth,Norwich City,3,0,2.53086,0.595472,1516
2016-01-16 19:00:00,Chelsea,Everton,3,3,2.44864,1.5891,1516
2016-01-16 19:00:00,Manchester City,Crystal Palace,4,0,1.74025,0.613339,1516
2016-01-16 19:00:00,Newcastle United,West Ham United,2,1,1.84261,1.08248,1516
2016-01-16 19:00:00,Southampton,West Bromwich Albion,3,0,1.42623,0.410757,1516
2016-01-16 16:45:00,Tottenham Hotspur,Sunderland,4,1,2.02579,0.617306,1516
2016-01-17 18:05:00,Liverpool,Manchester United,0,1,0.952974,0.715703,1516
2016-01-17 20:15:00,Stoke City,Arsenal,0,0,0.546879,0.585841,1516
2016-01-19 00:00:00,Swansea City,Watford,1,0,0.474035,0.525478,1516
2016-01-23 19:00:00,Crystal Palace,Tottenham Hotspur,1,3,0.930792,1.74368,1516
2016-01-23 19:00:00,Leicester City,Stoke City,3,0,2.25906,0.340483,1516
2016-01-23 19:00:00,Manchester United,Southampton,0,1,0.187217,0.83591,1516
2016-01-23 16:45:00,Norwich City,Liverpool,4,5,1.03432,1.44943,1516
2016-01-23 19:00:00,Sunderland,Bournemouth,1,1,0.612134,1.26851,1516
2016-01-23 19:00:00,Watford,Newcastle United,2,1,2.58707,1.29267,1516
2016-01-23 19:00:00,West Bromwich Albion,Aston Villa,0,0,0.23184,0.562461,1516
2016-01-23 21:30:00,West Ham United,Manchester City,2,2,1.01267,1.73182,1516
2016-01-24 20:00:00,Arsenal,Chelsea,0,1,1.10907,1.48778,1516
2016-01-24 17:30:00,Everton,Swansea City,1,2,1.94094,1.08055,1516
2016-02-02 23:45:00,Arsenal,Southampton,0,0,3.38487,0.93405,1516
2016-02-02 23:45:00,Leicester City,Liverpool,2,0,1.34566,0.580791,1516
2016-02-02 23:45:00,Norwich City,Tottenham Hotspur,0,3,0.929319,2.75469,1516
2016-02-02 23:45:00,Sunderland,Manchester City,0,1,0.888437,0.638461,1516
2016-02-02 23:45:00,West Ham United,Aston Villa,2,0,2.34619,0.107888,1516
2016-02-03 00:00:00,Crystal Palace,Bournemouth,1,2,1.62395,1.17427,1516
2016-02-03 23:45:00,Everton,Newcastle United,3,0,2.48447,0.626239,1516
2016-02-03 00:00:00,Manchester United,Stoke City,3,0,2.45272,0.350909,1516
2016-02-03 23:45:00,Watford,Chelsea,0,0,0.531415,1.13694,1516
2016-02-03 00:00:00,West Bromwich Albion,Swansea City,1,1,2.30645,1.17928,1516
2016-02-06 19:00:00,Aston Villa,Norwich City,2,0,0.918291,1.1413,1516
2016-02-06 19:00:00,Liverpool,Sunderland,2,2,1.57712,0.491843,1516
2016-02-06 16:45:00,Manchester City,Leicester City,1,3,1.70719,2.50168,1516
2016-02-06 19:00:00,Newcastle United,West Bromwich Albion,1,0,2.41057,0.472556,1516
2016-02-06 21:30:00,Southampton,West Ham United,1,0,1.06493,0.970583,1516
2016-02-06 19:00:00,Stoke City,Everton,0,3,0.693548,3.05913,1516
2016-02-06 19:00:00,Swansea City,Crystal Palace,1,1,1.32136,1.01465,1516
2016-02-06 19:00:00,Tottenham Hotspur,Watford,1,0,2.00475,0.149839,1516
2016-02-07 17:30:00,Bournemouth,Arsenal,0,2,0.584316,1.13957,1516
2016-02-07 20:00:00,Chelsea,Manchester United,1,1,1.61554,0.780475,1516
2016-02-13 19:00:00,Bournemouth,Stoke City,1,3,1.19427,0.927348,1516
2016-02-13 21:30:00,Chelsea,Newcastle United,5,1,2.0858,0.430664,1516
2016-02-13 19:00:00,Crystal Palace,Watford,1,2,0.983946,1.99728,1516
2016-02-13 19:00:00,Everton,West Bromwich Albion,0,1,1.82912,1.1974,1516
2016-02-13 19:00:00,Norwich City,West Ham United,2,2,1.03362,0.741428,1516
2016-02-13 16:45:00,Sunderland,Manchester United,2,1,1.48186,0.908296,1516
2016-02-13 19:00:00,Swansea City,Southampton,0,1,0.699012,1.19353,1516
2016-02-14 16:00:00,Arsenal,Leicester City,2,1,2.36319,1.31246,1516
2016-02-14 18:05:00,Aston Villa,Liverpool,0,6,0.174868,2.00756,1516
2016-02-14 20:15:00,Manchester City,Tottenham Hotspur,1,2,1.97876,1.23517,1516
2016-02-27 19:00:00,Leicester City,Norwich City,1,0,1.7645,0.814784,1516
2016-02-27 19:00:00,Southampton,Chelsea,1,2,1.01074,0.631036,1516
2016-02-27 19:00:00,Stoke City,Aston Villa,2,1,2.04047,0.414343,1516
2016-02-27 19:00:00,Watford,Bournemouth,0,0,1.00481,0.955252,1516
2016-02-27 21:30:00,West Bromwich Albion,Crystal Palace,3,2,2.07488,1.21638,1516
2016-02-27 16:45:00,West Ham United,Sunderland,1,0,0.52387,1.07887,1516
2016-02-28 18:05:00,Manchester United,Arsenal,3,2,1.09522,1.5435,1516
2016-02-28 18:05:00,Tottenham Hotspur,Swansea City,2,1,3.57325,1.24938,1516
2016-03-01 23:45:00,Aston Villa,Everton,1,3,0.60177,2.63668,1516
2016-03-01 23:45:00,Bournemouth,Southampton,2,0,1.41228,0.954161,1516
2016-03-01 23:45:00,Leicester City,West Bromwich Albion,2,2,3.04626,1.29485,1516
2016-03-01 23:45:00,Norwich City,Chelsea,1,2,1.24159,0.980988,1516
2016-03-01 23:45:00,Sunderland,Crystal Palace,2,2,0.93375,0.887448,1516
2016-03-02 23:45:00,Arsenal,Swansea City,1,2,1.4928,1.69788,1516
2016-03-02 23:45:00,Stoke City,Newcastle United,1,0,0.298318,0.270782,1516
2016-03-02 23:45:00,West Ham United,Tottenham Hotspur,1,0,0.784319,1.22673,1516
2016-03-03 00:00:00,Liverpool,Manchester City,3,0,1.16781,0.180318,1516
2016-03-03 00:00:00,Manchester United,Watford,1,0,0.786278,2.16484,1516
2016-03-05 19:00:00,Chelsea,Stoke City,1,1,1.0615,1.60285,1516
2016-03-05 19:00:00,Everton,West Ham United,2,3,2.09025,2.72091,1516
2016-03-05 19:00:00,Manchester City,Aston Villa,4,0,2.83271,0.121136,1516
2016-03-05 19:00:00,Newcastle United,Bournemouth,1,3,0.833931,1.26853,1516
2016-03-05 19:00:00,Southampton,Sunderland,1,1,1.54587,1.31562,1516
2016-03-05 19:00:00,Swansea City,Norwich City,1,0,0.545937,0.580126,1516
2016-03-05 16:45:00,Tottenham Hotspur,Arsenal,2,2,1.88378,0.543157,1516
2016-03-05 21:30:00,Watford,Leicester City,0,1,0.829318,1.47042,1516
2016-03-06 17:30:00,Crystal Palace,Liverpool,1,2,1.43901,2.27087,1516
2016-03-06 20:00:00,West Bromwich Albion,Manchester United,1,0,0.565787,0.417622,1516
2016-03-12 19:00:00,Bournemouth,Swansea City,3,2,0.70756,1.09562,1516
2016-03-12 16:45:00,Norwich City,Manchester City,0,0,0.139743,0.557373,1516
2016-03-12 19:00:00,Stoke City,Southampton,1,2,1.06676,0.874966,1516
2016-03-13 20:00:00,Aston Villa,Tottenham Hotspur,0,2,1.84022,2.00141,1516
2016-03-14 00:00:00,Leicester City,Newcastle United,1,0,0.846771,0.518715,1516
2016-03-19 19:00:00,Chelsea,West Ham United,2,2,2.1406,0.862828,1516
2016-03-19 19:00:00,Crystal Palace,Leicester City,0,1,0.784339,1.20315,1516
2016-03-19 16:45:00,Everton,Arsenal,0,2,0.58617,1.92384,1516
2016-03-19 21:30:00,Swansea City,Aston Villa,1,0,0.490469,0.730828,1516
2016-03-19 19:00:00,Watford,Stoke City,1,2,0.879462,1.58145,1516
2016-03-19 19:00:00,West Bromwich Albion,Norwich City,0,1,0.332789,0.799255,1516
2016-03-20 20:00:00,Manchester City,Manchester United,0,1,1.86249,0.900312,1516
2016-03-20 17:30:00,Newcastle United,Sunderland,1,1,0.940593,0.785017,1516
2016-03-20 17:30:00,Southampton,Liverpool,3,2,1.56873,1.29046,1516
2016-03-20 20:00:00,Tottenham Hotspur,Bournemouth,3,0,2.02694,0.120366,1516
2016-04-02 18:00:00,Arsenal,Watford,4,0,3.00742,0.290619,1516
2016-04-02 15:45:00,Aston Villa,Chelsea,0,4,0.72512,2.49358,1516
2016-04-02 18:00:00,Bournemouth,Manchester City,0,4,1.3239,0.868303,1516
2016-04-02 20:30:00,Liverpool,Tottenham Hotspur,1,1,1.37954,1.23579,1516
2016-04-02 18:00:00,Norwich City,Newcastle United,3,2,1.65216,1.46835,1516
2016-04-02 18:00:00,Stoke City,Swansea City,2,2,1.17598,0.4319,1516
2016-04-02 18:00:00,Sunderland,West Bromwich Albion,0,0,1.54544,0.0635563,1516
2016-04-02 18:00:00,West Ham United,Crystal Palace,2,2,1.71369,1.65593,1516
2016-04-03 16:30:00,Leicester City,Southampton,1,0,1.38701,0.670068,1516
2016-04-03 19:00:00,Manchester United,Everton,1,0,0.998692,0.755625,1516
2016-04-09 18:00:00,Aston Villa,Bournemouth,1,2,0.220872,1.0038,1516
2016-04-09 18:00:00,Crystal Palace,Norwich City,1,0,1.45029,0.675663,1516
2016-04-09 20:30:00,Manchester City,West Bromwich Albion,2,1,2.07325,1.09413,1516
2016-04-09 18:00:00,Southampton,Newcastle United,3,1,1.78477,0.165982,1516
2016-04-09 18:00:00,Swansea City,Chelsea,1,0,1.9071,1.3003,1516
2016-04-09 18:00:00,Watford,Everton,1,1,0.408379,1.59979,1516
2016-04-09 15:45:00,West Ham United,Arsenal,3,3,1.10973,1.46966,1516
2016-04-10 19:00:00,Liverpool,Stoke City,4,1,2.21484,0.85508,1516
2016-04-10 16:30:00,Sunderland,Leicester City,0,2,0.872232,2.60072,1516
2016-04-10 19:00:00,Tottenham Hotspur,Manchester United,3,0,1.79647,0.341238,1516
2016-04-13 23:00:00,Crystal Palace,Everton,0,0,1.59025,0.759269,1516
2016-04-16 20:30:00,Chelsea,Manchester City,0,3,0.487715,2.62768,1516
2016-04-16 18:00:00,Everton,Southampton,1,1,0.318721,1.38323,1516
2016-04-16 18:00:00,Manchester United,Aston Villa,1,0,1.09127,0.262427,1516
2016-04-16 18:00:00,Newcastle United,Swansea City,3,0,1.5024,0.787081,1516
2016-04-16 15:45:00,Norwich City,Sunderland,0,3,1.09006,1.99748,1516
2016-04-16 18:00:00,West Bromwich Albion,Watford,0,1,2.2915,0.364852,1516
2016-04-17 19:00:00,Arsenal,Crystal Palace,1,1,1.73461,0.275806,1516
2016-04-17 16:30:00,Bournemouth,Liverpool,1,2,0.85914,1.81443,1516
2016-04-17 16:30:00,Leicester City,West Ham United,2,2,1.95296,1.56819,1516
2016-04-18 23:00:00,Stoke City,Tottenham Hotspur,0,4,0.458376,2.89775,1516
2016-04-19 22:45:00,Newcastle United,Manchester City,1,1,0.455246,0.522043,1516
2016-04-20 23:00:00,Liverpool,Everton,4,0,3.24472,0.0886329,1516
2016-04-20 23:00:00,Manchester United,Crystal Palace,2,0,1.46607,0.137416,1516
2016-04-20 22:45:00,West Ham United,Watford,3,1,3.96294,1.22333,1516
2016-04-21 22:45:00,Arsenal,West Bromwich Albion,2,0,1.37348,0.839742,1516
2016-04-23 18:00:00,Aston Villa,Southampton,2,4,1.47192,3.6648,1516
2016-04-23 18:00:00,Bournemouth,Chelsea,1,4,0.575087,2.07192,1516
2016-04-23 18:00:00,Liverpool,Newcastle United,2,2,0.712881,0.253033,1516
2016-04-23 15:45:00,Manchester City,Stoke City,4,0,2.22482,1.09174,1516
2016-04-24 19:15:00,Leicester City,Swansea City,4,0,3.31579,0.576457,1516
2016-04-24 17:05:00,Sunderland,Arsenal,0,0,0.617149,0.97303,1516
2016-04-25 23:00:00,Tottenham Hotspur,West Bromwich Albion,1,1,1.26346,0.894413,1516
2016-04-30 20:30:00,Arsenal,Norwich City,1,0,0.781508,0.578781,1516
2016-04-30 18:00:00,Everton,Bournemouth,2,1,0.95281,1.42599,1516
2016-04-30 18:00:00,Newcastle United,Crystal Palace,1,0,0.53407,1.05079,1516
2016-04-30 18:00:00,Stoke City,Sunderland,1,1,0.68487,1.43105,1516
2016-04-30 18:00:00,Watford,Aston Villa,3,2,1.36255,0.491793,1516
2016-04-30 18:00:00,West Bromwich Albion,West Ham United,0,3,1.5346,1.27183,1516
2016-05-01 17:05:00,Manchester United,Leicester City,1,1,1.18462,1.16622,1516
2016-05-01 19:30:00,Southampton,Manchester City,4,2,2.84362,1.12719,1516
2016-05-01 15:00:00,Swansea City,Liverpool,3,1,2.31862,0.776186,1516
2016-05-02 23:00:00,Chelsea,Tottenham Hotspur,2,2,0.81661,1.90407,1516
2016-05-07 18:00:00,Aston Villa,Newcastle United,0,0,0.0312154,1.09626,1516
2016-05-07 18:00:00,Bournemouth,West Bromwich Albion,1,1,0.814964,1.34282,1516
2016-05-07 18:00:00,Crystal Palace,Stoke City,2,1,1.31448,1.27766,1516
2016-05-07 20:30:00,Leicester City,Everton,3,1,4.50525,1.30184,1516
2016-05-07 15:45:00,Norwich City,Manchester United,0,1,1.36825,1.48344,1516
2016-05-07 18:00:00,Sunderland,Chelsea,3,2,0.773876,1.77677,1516
2016-05-07 18:00:00,West Ham United,Swansea City,1,4,2.39454,2.47265,1516
2016-05-08 19:00:00,Liverpool,Watford,2,0,2.38919,0.930803,1516
2016-05-08 19:00:00,Manchester City,Arsenal,2,2,0.75375,1.08084,1516
2016-05-08 16:30:00,Tottenham Hotspur,Southampton,1,2,2.55547,1.30812,1516
2016-05-10 23:30:00,West Ham United,Manchester United,3,2,2.13311,0.635987,1516
2016-05-11 23:00:00,Liverpool,Chelsea,1,1,1.83934,0.812268,1516
2016-05-11 22:45:00,Norwich City,Watford,4,2,2.41871,1.7686,1516
2016-05-11 22:45:00,Sunderland,Everton,3,0,2.44887,1.16563,1516
2016-05-15 18:00:00,Arsenal,Aston Villa,4,0,3.40207,0.222731,1516
2016-05-15 18:00:00,Chelsea,Leicester City,1,1,1.86065,1.23491,1516
2016-05-15 18:00:00,Everton,Norwich City,3,0,2.40775,0.43016,1516
2016-05-15 18:00:00,Newcastle United,Tottenham Hotspur,5,1,2.42808,0.869082,1516
2016-05-15 18:00:00,Southampton,Crystal Palace,4,1,2.32278,1.24857,1516
2016-05-15 18:00:00,Stoke City,West Ham United,2,1,0.288737,2.94489,1516
2016-05-15 18:00:00,Swansea City,Manchester City,1,1,0.115604,2.04003,1516
2016-05-15 18:00:00,Watford,Sunderland,2,2,1.95277,0.908817,1516
2016-05-15 18:00:00,West Bromwich Albion,Liverpool,1,1,1.86869,0.419877,1516
2016-05-17 23:00:00,Manchester United,Bournemouth,3,1,1.72109,0.503471,1516
2016-08-13 18:00:00,Burnley,Swansea City,0,1,1.04903,1.72089,1617
2016-08-13 18:00:00,Crystal Palace,West Bromwich Albion,0,1,0.990062,0.684593,1617
2016-08-13 18:00:00,Everton,Tottenham Hotspur,1,1,0.790063,1.12348,1617
2016-08-13 15:30:00,Hull City,Leicester City,2,1,0.740018,2.45631,1617
2016-08-13 20:30:00,Manchester City,Sunderland,2,1,1.95479,1.09877,1617
2016-08-13 18:00:00,Middlesbrough,Stoke City,1,1,1.80523,0.485626,1617
2016-08-13 18:00:00,Southampton,Watford,1,1,0.937328,0.180046,1617
2016-08-14 19:00:00,Arsenal,Liverpool,3,4,1.18197,1.6591,1617
2016-08-14 16:30:00,Bournemouth,Manchester United,1,3,0.522847,1.91105,1617
2016-08-15 23:00:00,Chelsea,West Ham United,2,1,1.4603,0.445604,1617
2016-08-19 23:00:00,Manchester United,Southampton,2,0,1.36553,0.613233,1617
2016-08-20 18:00:00,Burnley,Liverpool,2,0,0.197536,0.939025,1617
2016-08-20 20:30:00,Leicester City,Arsenal,0,0,0.553693,0.521509,1617
2016-08-20 15:30:00,Stoke City,Manchester City,1,4,1.31066,2.17198,1617
2016-08-20 18:00:00,Swansea City,Hull City,0,2,1.14134,2.18655,1617
2016-08-20 18:00:00,Tottenham Hotspur,Crystal Palace,1,0,2.25623,0.357943,1617
2016-08-20 18:00:00,Watford,Chelsea,1,2,0.804549,1.75595,1617
2016-08-20 18:00:00,West Bromwich Albion,Everton,1,2,2.01885,1.83897,1617
2016-08-21 16:30:00,Sunderland,Middlesbrough,1,2,1.4645,0.854908,1617
2016-08-21 19:00:00,West Ham United,Bournemouth,1,0,1.69288,0.39341,1617
2016-08-27 18:00:00,Chelsea,Burnley,3,0,2.65838,0.18449,1617
2016-08-27 18:00:00,Crystal Palace,Bournemouth,1,1,2.659,0.974014,1617
2016-08-27 18:00:00,Everton,Stoke City,1,0,2.31835,0.187415,1617
2016-08-27 20:30:00,Hull City,Manchester United,0,1,0.268815,2.47208,1617
2016-08-27 18:00:00,Leicester City,Swansea City,2,1,2.47977,0.32818,1617
2016-08-27 18:00:00,Southampton,Sunderland,1,1,0.613743,1.39142,1617
2016-08-27 15:30:00,Tottenham Hotspur,Liverpool,1,1,0.590511,1.92569,1617
2016-08-27 18:00:00,Watford,Arsenal,1,3,1.07775,2.03271,1617
2016-08-28 19:00:00,Manchester City,West Ham United,3,1,3.21624,1.08385,1617
2016-08-28 16:30:00,West Bromwich Albion,Middlesbrough,0,0,0.696845,0.396816,1617
2016-09-10 18:00:00,Arsenal,Southampton,2,1,1.89219,1.17522,1617
2016-09-10 18:00:00,Bournemouth,West Bromwich Albion,1,0,0.986511,1.48347,1617
2016-09-10 18:00:00,Burnley,Hull City,1,1,0.453149,0.907116,1617
2016-09-10 20:30:00,Liverpool,Leicester City,4,1,2.76916,1.22508,1617
2016-09-10 15:30:00,Manchester United,Manchester City,1,2,1.01013,1.88688,1617
2016-09-10 18:00:00,Middlesbrough,Crystal Palace,1,2,0.611959,1.12437,1617
2016-09-10 18:00:00,Stoke City,Tottenham Hotspur,0,4,1.01771,2.77025,1617
2016-09-10 18:00:00,West Ham United,Watford,2,4,1.32216,1.85479,1617
2016-09-11 19:00:00,Swansea City,Chelsea,2,2,1.2304,2.19035,1617
2016-09-12 23:00:00,Sunderland,Everton,0,3,1.0404,2.84526,1617
2016-09-16 23:00:00,Chelsea,Liverpool,1,2,1.16415,1.41642,1617
2016-09-17 20:30:00,Everton,Middlesbrough,3,1,1.17467,0.178081,1617
2016-09-17 18:00:00,Hull City,Arsenal,1,4,0.969693,3.63453,1617
2016-09-17 18:00:00,Leicester City,Burnley,3,0,1.98503,0.464523,1617
2016-09-17 18:00:00,Manchester City,Bournemouth,4,0,3.38733,0.389672,1617
2016-09-17 18:00:00,West Bromwich Albion,West Ham United,4,2,1.94229,2.37422,1617
2016-09-18 17:15:00,Crystal Palace,Stoke City,4,1,1.31366,1.20308,1617
2016-09-18 17:15:00,Southampton,Swansea City,1,0,2.15218,0.490661,1617
2016-09-18 19:30:00,Tottenham Hotspur,Sunderland,1,0,2.52591,0.960821,1617
2016-09-18 15:00:00,Watford,Manchester United,3,1,1.74506,1.41359,1617
2016-09-24 20:30:00,Arsenal,Chelsea,3,0,1.66224,0.613553,1617
2016-09-24 18:00:00,Bournemouth,Everton,1,0,0.693594,1.15724,1617
2016-09-24 18:00:00,Liverpool,Hull City,5,1,4.64913,0.157549,1617
2016-09-24 15:30:00,Manchester United,Leicester City,4,1,2.45604,0.286966,1617
2016-09-24 18:00:00,Middlesbrough,Tottenham Hotspur,1,2,0.361508,1.4158,1617
2016-09-24 18:00:00,Stoke City,West Bromwich Albion,1,1,0.979673,0.270862,1617
2016-09-24 18:00:00,Sunderland,Crystal Palace,2,3,1.51457,1.7887,1617
2016-09-24 15:00:00,Swansea City,Manchester City,1,3,1.11096,2.57704,1617
2016-09-25 19:00:00,West Ham United,Southampton,0,3,0.693818,2.97877,1617
2016-09-26 23:00:00,Burnley,Watford,2,0,0.569734,0.776105,1617
2016-09-30 23:00:00,Everton,Crystal Palace,1,1,1.1542,0.47692,1617
2016-10-01 18:00:00,Hull City,Chelsea,0,2,0.27266,1.99155,1617
2016-10-01 18:00:00,Sunderland,West Bromwich Albion,1,1,1.19268,0.88211,1617
2016-10-01 15:30:00,Swansea City,Liverpool,1,2,2.65842,2.02239,1617
2016-10-01 18:00:00,Watford,Bournemouth,2,2,1.23419,1.35487,1617
2016-10-01 18:00:00,West Ham United,Middlesbrough,1,1,0.883385,0.852603,1617
2016-10-02 19:30:00,Burnley,Arsenal,0,1,0.608783,1.85433,1617
2016-10-02 17:15:00,Leicester City,Southampton,0,0,0.446309,0.920963,1617
2016-10-02 15:00:00,Manchester United,Stoke City,1,1,2.80988,1.20043,1617
2016-10-02 17:15:00,Tottenham Hotspur,Manchester City,2,0,1.69975,0.909513,1617
2016-10-15 18:00:00,Arsenal,Swansea City,3,2,3.50519,1.74979,1617
2016-10-15 18:00:00,Bournemouth,Hull City,6,1,2.92532,0.388589,1617
2016-10-15 15:30:00,Chelsea,Leicester City,3,0,3.11573,0.182549,1617
2016-10-15 20:30:00,Crystal Palace,West Ham United,0,1,1.94599,0.874219,1617
2016-10-15 18:00:00,Manchester City,Everton,1,1,2.69208,0.144498,1617
2016-10-15 18:00:00,Stoke City,Sunderland,2,0,2.29543,0.587572,1617
2016-10-15 18:00:00,West Bromwich Albion,Tottenham Hotspur,1,1,1.30365,1.32318,1617
2016-10-16 16:30:00,Middlesbrough,Watford,0,1,0.528576,0.0893749,1617
2016-10-16 19:00:00,Southampton,Burnley,3,1,4.21181,1.03126,1617
2016-10-17 23:00:00,Liverpool,Manchester United,0,0,0.270441,0.537762,1617
2016-10-22 18:00:00,Arsenal,Middlesbrough,0,0,0.711811,1.55581,1617
2016-10-22 15:30:00,Bournemouth,Tottenham Hotspur,0,0,0.523371,0.74529,1617
2016-10-22 18:00:00,Burnley,Everton,2,1,0.905579,0.752795,1617
2016-10-22 18:00:00,Hull City,Stoke City,0,2,0.701606,1.04273,1617
2016-10-22 18:00:00,Leicester City,Crystal Palace,3,1,1.7041,1.656,1617
2016-10-22 20:30:00,Liverpool,West Bromwich Albion,2,1,2.2952,0.685982,1617
2016-10-22 18:00:00,Swansea City,Watford,0,0,1.33215,0.478578,1617
2016-10-22 18:00:00,West Ham United,Sunderland,1,0,1.19585,0.808339,1617
2016-10-23 19:00:00,Chelsea,Manchester United,4,0,2.25192,0.742805,1617
2016-10-23 16:30:00,Manchester City,Southampton,1,1,1.15321,0.563752,1617
2016-10-29 20:30:00,Crystal Palace,Liverpool,2,4,0.496044,2.26056,1617
2016-10-29 18:00:00,Manchester United,Burnley,0,0,2.72391,0.327957,1617
2016-10-29 18:00:00,Middlesbrough,Bournemouth,2,0,1.44317,1.54599,1617
2016-10-29 15:30:00,Sunderland,Arsenal,1,4,0.853434,2.48348,1617
2016-10-29 18:00:00,Tottenham Hotspur,Leicester City,1,1,1.69833,0.740987,1617
2016-10-29 18:00:00,Watford,Hull City,1,0,1.14991,0.251367,1617
2016-10-29 18:00:00,West Bromwich Albion,Manchester City,0,4,0.596605,2.48018,1617
2016-10-30 17:30:00,Everton,West Ham United,2,0,2.0087,0.944816,1617
2016-10-30 20:00:00,Southampton,Chelsea,0,2,0.422364,1.14759,1617
2016-11-01 00:00:00,Stoke City,Swansea City,3,1,2.16407,1.10058,1617
2016-11-05 19:00:00,Bournemouth,Sunderland,1,2,2.6457,1.13672,1617
2016-11-05 19:00:00,Burnley,Crystal Palace,3,2,2.25738,2.05902,1617
2016-11-05 21:30:00,Chelsea,Everton,5,0,1.94078,0.0131321,1617
2016-11-05 19:00:00,Manchester City,Middlesbrough,1,1,2.49606,0.208762,1617
2016-11-05 19:00:00,West Ham United,Stoke City,1,1,0.404528,0.81046,1617
2016-11-06 16:00:00,Arsenal,Tottenham Hotspur,1,1,0.675745,1.19585,1617
2016-11-06 18:15:00,Hull City,Southampton,2,1,0.561215,2.03046,1617
2016-11-06 20:30:00,Leicester City,West Bromwich Albion,1,2,0.629678,0.78196,1617
2016-11-06 18:15:00,Liverpool,Watford,6,1,4.18366,0.771133,1617
2016-11-06 19:00:00,Swansea City,Manchester United,1,3,0.51266,1.00006,1617
2016-11-19 19:00:00,Crystal Palace,Manchester City,1,2,0.431559,1.39421,1617
2016-11-19 19:00:00,Everton,Swansea City,1,1,1.54877,1.07471,1617
2016-11-19 16:30:00,Manchester United,Arsenal,1,1,0.511462,0.575813,1617
2016-11-19 19:00:00,Southampton,Liverpool,0,0,0.0942055,1.68802,1617
2016-11-19 19:00:00,Stoke City,Bournemouth,0,1,1.60429,1.24012,1617
2016-11-19 19:00:00,Sunderland,Hull City,3,0,0.951511,1.25065,1617
2016-11-19 21:30:00,Tottenham Hotspur,West Ham United,3,2,2.53396,1.76706,1617
2016-11-19 19:00:00,Watford,Leicester City,2,1,0.7197,1.19686,1617
2016-11-20 20:00:00,Middlesbrough,Chelsea,0,1,0.55976,1.68738,1617
2016-11-22 00:00:00,West Bromwich Albion,Burnley,4,0,1.40512,0.571005,1617
2016-11-26 16:30:00,Burnley,Manchester City,1,2,0.475642,2.25698,1617
2016-11-26 21:30:00,Chelsea,Tottenham Hotspur,2,1,1.24948,0.422568,1617
2016-11-26 19:00:00,Hull City,West Bromwich Albion,1,1,0.424457,1.40213,1617
2016-11-26 19:00:00,Leicester City,Middlesbrough,2,2,2.0478,0.425252,1617
2016-11-26 19:00:00,Liverpool,Sunderland,2,0,2.02461,0.291073,1617
2016-11-26 19:00:00,Swansea City,Crystal Palace,5,4,3.3955,2.28156,1617
2016-11-27 18:15:00,Arsenal,Bournemouth,3,1,2.8697,2.0491,1617
2016-11-27 20:30:00,Manchester United,West Ham United,1,1,1.44452,0.749388,1617
2016-11-27 20:30:00,Southampton,Everton,1,0,2.80562,0.615174,1617
2016-11-27 16:00:00,Watford,Stoke City,0,1,0.541915,0.704736,1617
2016-12-03 19:00:00,Crystal Palace,Southampton,3,0,2.20073,0.764357,1617
2016-12-03 16:30:00,Manchester City,Chelsea,1,3,2.24061,1.2848,1617
2016-12-03 19:00:00,Stoke City,Burnley,2,0,1.12929,0.773995,1617
2016-12-03 15:00:00,Sunderland,Leicester City,2,1,1.4282,1.13791,1617
2016-12-03 19:00:00,Tottenham Hotspur,Swansea City,5,0,3.9767,0.0342109,1617
2016-12-03 19:00:00,West Bromwich Albion,Watford,3,1,1.17737,1.476,1617
2016-12-03 21:30:00,West Ham United,Arsenal,1,5,0.882486,2.96923,1617
2016-12-04 17:30:00,Bournemouth,Liverpool,4,3,2.54396,1.26532,1617
2016-12-04 20:00:00,Everton,Manchester United,1,1,1.64985,0.541299,1617
2016-12-06 00:00:00,Middlesbrough,Hull City,1,0,1.94961,0.221339,1617
2016-12-10 19:00:00,Arsenal,Stoke City,3,1,1.58027,1.29401,1617
2016-12-10 19:00:00,Burnley,Bournemouth,3,2,2.15178,1.00194,1617
2016-12-10 19:00:00,Hull City,Crystal Palace,3,3,2.16649,1.50059,1617
2016-12-10 21:30:00,Leicester City,Manchester City,4,2,2.60583,0.970372,1617
2016-12-10 19:00:00,Swansea City,Sunderland,3,0,2.18185,0.672058,1617
2016-12-10 16:30:00,Watford,Everton,3,2,1.49271,1.09675,1617
2016-12-11 16:00:00,Chelsea,West Bromwich Albion,1,0,0.551109,0.212574,1617
2016-12-11 20:30:00,Liverpool,West Ham United,2,2,1.79134,0.64998,1617
2016-12-11 18:15:00,Manchester United,Tottenham Hotspur,1,0,1.04894,0.720341,1617
2016-12-11 18:15:00,Southampton,Middlesbrough,1,0,1.72919,0.493941,1617
2016-12-13 23:45:00,Bournemouth,Leicester City,1,0,0.64118,1.6751,1617
2016-12-13 23:45:00,Everton,Arsenal,2,1,1.46034,1.3508,1617
2016-12-14 23:45:00,Middlesbrough,Liverpool,0,3,0.161583,2.13526,1617
2016-12-14 23:45:00,Sunderland,Chelsea,0,1,0.473979,1.22459,1617
2016-12-14 23:45:00,West Ham United,Burnley,1,0,1.67016,0.923353,1617
2016-12-15 00:00:00,Crystal Palace,Manchester United,1,2,0.710324,1.27306,1617
2016-12-15 00:00:00,Manchester City,Watford,2,0,1.62359,0.497462,1617
2016-12-15 00:00:00,Stoke City,Southampton,0,0,0.333754,0.723114,1617
2016-12-15 00:00:00,Tottenham Hotspur,Hull City,3,0,2.83077,0.570636,1617
2016-12-15 00:00:00,West Bromwich Albion,Swansea City,3,1,1.78268,1.07221,1617
2016-12-17 16:30:00,Crystal Palace,Chelsea,0,1,0.356331,0.81444,1617
2016-12-17 19:00:00,Middlesbrough,Swansea City,3,0,1.71549,0.602249,1617
2016-12-17 19:00:00,Stoke City,Leicester City,2,2,2.518,1.25572,1617
2016-12-17 19:00:00,Sunderland,Watford,1,0,1.13526,1.07552,1617
2016-12-17 21:30:00,West Bromwich Albion,Manchester United,0,2,0.600426,0.983306,1617
2016-12-17 19:00:00,West Ham United,Hull City,1,0,1.92151,1.13479,1617
2016-12-18 17:30:00,Bournemouth,Southampton,1,3,0.492912,1.69451,1617
2016-12-18 20:00:00,Manchester City,Arsenal,2,1,1.5186,0.609893,1617
2016-12-18 20:00:00,Tottenham Hotspur,Burnley,2,1,1.50755,1.17031,1617
2016-12-20 00:00:00,Everton,Liverpool,0,1,0.456788,1.87823,1617
2016-12-26 19:00:00,Arsenal,West Bromwich Albion,1,0,1.97881,0.687502,1617
2016-12-26 19:00:00,Burnley,Middlesbrough,1,0,0.275704,0.698814,1617
2016-12-26 19:00:00,Chelsea,Bournemouth,3,0,1.71303,0.650942,1617
2016-12-26 21:15:00,Hull City,Manchester City,0,3,0.350069,2.22237,1617
2016-12-26 15:00:00,Leicester City,Everton,0,2,0.377464,1.25512,1617
2016-12-26 19:00:00,Manchester United,Sunderland,3,1,2.32117,0.488541,1617
2016-12-26 19:00:00,Swansea City,West Ham United,1,4,0.954864,3.40585,1617
2016-12-26 16:30:00,Watford,Crystal Palace,1,1,0.959496,1.53834,1617
2016-12-27 21:15:00,Liverpool,Stoke City,4,1,1.66669,0.389104,1617
2016-12-28 23:45:00,Southampton,Tottenham Hotspur,1,4,0.403743,1.61035,1617
2016-12-31 19:00:00,Burnley,Sunderland,4,1,2.72471,0.465701,1617
2016-12-31 19:00:00,Chelsea,Stoke City,4,2,1.94737,0.858417,1617
2016-12-31 00:00:00,Hull City,Everton,2,2,0.852585,1.27757,1617
2016-12-31 15:00:00,Leicester City,West Ham United,1,0,1.10842,1.58333,1617
2016-12-31 21:30:00,Liverpool,Manchester City,1,0,0.256825,0.352445,1617
2016-12-31 15:00:00,Manchester United,Middlesbrough,2,1,2.53996,0.64492,1617
2016-12-31 19:00:00,Southampton,West Bromwich Albion,1,2,0.371668,0.6675,1617
2016-12-31 19:00:00,Swansea City,Bournemouth,0,3,0.515218,2.43608,1617
2017-01-01 20:00:00,Arsenal,Crystal Palace,2,0,1.67138,0.221469,1617
2017-01-01 13:30:00,Watford,Tottenham Hotspur,1,4,1.26331,3.06509,1617
2017-01-02 15:00:00,Everton,Southampton,3,0,2.34997,1.01083,1617
2017-01-02 15:00:00,Manchester City,Burnley,2,1,0.617412,0.642111,1617
2017-01-02 16:30:00,Middlesbrough,Leicester City,0,0,0.697108,0.477078,1617
2017-01-02 19:00:00,Sunderland,Liverpool,2,2,1.91057,2.332,1617
2017-01-02 19:00:00,West Bromwich Albion,Hull City,3,1,0.883566,0.992341,1617
2017-01-02 21:15:00,West Ham United,Manchester United,0,2,0.799911,1.64905,1617
2017-01-03 23:45:00,Bournemouth,Arsenal,3,3,1.55859,1.12629,1617
2017-01-04 00:00:00,Crystal Palace,Swansea City,1,2,0.331276,1.18905,1617
2017-01-04 00:00:00,Stoke City,Watford,2,0,1.85359,0.510395,1617
2017-01-05 00:00:00,Tottenham Hotspur,Chelsea,2,0,1.00945,0.912754,1617
2017-01-14 19:00:00,Burnley,Southampton,1,0,0.464555,0.962065,1617
2017-01-14 19:00:00,Hull City,Bournemouth,3,1,1.18904,1.43455,1617
2017-01-14 21:30:00,Leicester City,Chelsea,0,3,0.179144,0.738826,1617
2017-01-14 19:00:00,Sunderland,Stoke City,1,3,1.1365,1.22897,1617
2017-01-14 19:00:00,Swansea City,Arsenal,0,4,0.488485,2.31811,1617
2017-01-14 16:30:00,Tottenham Hotspur,West Bromwich Albion,4,0,2.65474,0.165019,1617
2017-01-14 19:00:00,Watford,Middlesbrough,0,0,0.835827,0.325347,1617
2017-01-14 19:00:00,West Ham United,Crystal Palace,3,0,1.72338,1.06181,1617
2017-01-15 17:30:00,Everton,Manchester City,4,0,0.572528,0.569286,1617
2017-01-15 16:00:00,Manchester United,Liverpool,1,1,1.03178,1.46058,1617
2017-01-21 18:00:00,Bournemouth,Watford,2,2,1.14791,1.08731,1617
2017-01-21 18:00:00,Crystal Palace,Everton,0,1,0.463733,0.949561,1617
2017-01-21 15:30:00,Liverpool,Swansea City,2,3,1.24037,1.60482,1617
2017-01-21 20:30:00,Manchester City,Tottenham Hotspur,2,2,2.52702,1.12391,1617
2017-01-21 18:00:00,Middlesbrough,West Ham United,1,3,0.958825,2.6558,1617
2017-01-21 18:00:00,Stoke City,Manchester United,1,1,0.353777,1.74295,1617
2017-01-21 18:00:00,West Bromwich Albion,Sunderland,2,0,1.3279,0.440887,1617
2017-01-22 17:15:00,Arsenal,Burnley,2,1,1.86443,1.29948,1617
2017-01-22 19:30:00,Chelsea,Hull City,2,0,1.47165,0.314532,1617
2017-01-22 15:00:00,Southampton,Leicester City,3,0,2.49923,0.935866,1617
2017-01-31 22:45:00,Arsenal,Watford,1,2,1.07765,0.918309,1617
2017-01-31 22:45:00,Bournemouth,Crystal Palace,0,2,0.32099,1.60667,1617
2017-01-31 22:45:00,Burnley,Leicester City,1,0,1.82995,0.775645,1617
2017-01-31 23:00:00,Liverpool,Chelsea,1,1,1.20485,1.0666,1617
2017-01-31 22:45:00,Middlesbrough,West Bromwich Albion,1,1,1.18135,1.25288,1617
2017-01-31 22:45:00,Sunderland,Tottenham Hotspur,0,0,0.228009,0.682758,1617
2017-01-31 22:45:00,Swansea City,Southampton,2,1,0.760046,0.907103,1617
2017-02-01 23:00:00,Manchester United,Hull City,0,0,1.48151,0.395896,1617
2017-02-01 23:00:00,Stoke City,Everton,1,1,1.7362,0.870158,1617
2017-02-01 22:45:00,West Ham United,Manchester City,0,4,0.49472,2.66472,1617
2017-02-04 12:30:00,Chelsea,Arsenal,3,1,1.95451,0.950035,1617
2017-02-04 15:00:00,Crystal Palace,Sunderland,0,4,2.45994,0.837361,1617
2017-02-04 15:00:00,Everton,Bournemouth,6,3,2.75981,2.1501,1617
2017-02-04 15:00:00,Hull City,Liverpool,2,0,1.88587,1.12538,1617
2017-02-04 15:00:00,Southampton,West Ham United,1,3,1.06276,0.91785,1617
2017-02-04 17:30:00,Tottenham Hotspur,Middlesbrough,1,0,2.10053,0.50484,1617
2017-02-04 15:00:00,Watford,Burnley,2,1,1.66308,1.4777,1617
2017-02-04 15:00:00,West Bromwich Albion,Stoke City,1,0,1.84983,1.10818,1617
2017-02-05 16:00:00,Leicester City,Manchester United,0,3,0.492009,1.98688,1617
2017-02-05 13:30:00,Manchester City,Swansea City,2,1,2.87972,0.11445,1617
2017-02-11 12:30:00,Arsenal,Hull City,2,0,3.1235,0.466403,1617
2017-02-11 17:30:00,Liverpool,Tottenham Hotspur,2,0,2.38009,0.622104,1617
2017-02-11 15:00:00,Manchester United,Watford,2,0,2.627,0.641058,1617
2017-02-11 15:00:00,Middlesbrough,Everton,0,0,0.651056,0.831644,1617
2017-02-11 15:00:00,Stoke City,Crystal Palace,1,0,0.720883,0.202159,1617
2017-02-11 15:00:00,Sunderland,Southampton,0,4,0.197925,1.72717,1617
2017-02-11 15:00:00,West Ham United,West Bromwich Albion,2,2,1.17553,0.769974,1617
2017-02-12 13:30:00,Burnley,Chelsea,1,1,0.906366,0.800222,1617
2017-02-12 16:00:00,Swansea City,Leicester City,2,0,0.693376,0.672883,1617
2017-02-13 20:00:00,Bournemouth,Manchester City,0,2,0.152385,2.953,1617
2017-02-25 15:00:00,Chelsea,Swansea City,3,1,1.22573,0.280172,1617
2017-02-25 15:00:00,Crystal Palace,Middlesbrough,1,0,0.808522,0.82885,1617
2017-02-25 15:00:00,Everton,Sunderland,2,0,1.70366,0.505952,1617
2017-02-25 15:00:00,Hull City,Burnley,1,1,1.59037,0.473058,1617
2017-02-25 17:30:00,Watford,West Ham United,1,1,1.21279,1.48144,1617
2017-02-25 15:00:00,West Bromwich Albion,Bournemouth,2,1,1.6124,1.22747,1617
2017-02-26 13:30:00,Tottenham Hotspur,Stoke City,4,0,1.89002,0.743596,1617
2017-02-27 20:00:00,Leicester City,Liverpool,3,1,1.54732,0.789939,1617
2017-03-04 15:00:00,Leicester City,Hull City,3,1,1.81255,1.1216,1617
2017-03-04 17:30:00,Liverpool,Arsenal,3,1,2.70435,0.729203,1617
2017-03-04 12:30:00,Manchester United,Bournemouth,1,1,2.5377,0.816172,1617
2017-03-04 15:00:00,Stoke City,Middlesbrough,2,0,2.97584,0.274611,1617
2017-03-04 15:00:00,Swansea City,Burnley,3,2,1.44545,0.933851,1617
2017-03-04 15:00:00,Watford,Southampton,3,4,1.40104,1.33681,1617
2017-03-04 15:00:00,West Bromwich Albion,Crystal Palace,0,2,0.3746,1.39171,1617
2017-03-05 16:00:00,Sunderland,Manchester City,0,2,0.737758,2.48022,1617
2017-03-05 13:30:00,Tottenham Hotspur,Everton,3,2,1.70225,0.808013,1617
2017-03-06 20:00:00,West Ham United,Chelsea,1,2,0.450583,2.01134,1617
2017-03-08 20:00:00,Manchester City,Stoke City,0,0,1.3049,0.337194,1617
2017-03-11 15:00:00,Bournemouth,West Ham United,3,2,3.68186,1.25315,1617
2017-03-11 15:00:00,Everton,West Bromwich Albion,3,0,2.17521,0.127321,1617
2017-03-11 15:00:00,Hull City,Swansea City,2,1,1.98818,1.44148,1617
2017-03-12 16:00:00,Liverpool,Burnley,2,1,0.966335,0.83474,1617
2017-03-18 17:30:00,Bournemouth,Swansea City,2,0,1.00816,0.37687,1617
2017-03-18 15:00:00,Crystal Palace,Watford,1,0,0.376326,0.190648,1617
2017-03-18 15:00:00,Everton,Hull City,4,0,2.63141,0.528692,1617
2017-03-18 15:00:00,Stoke City,Chelsea,1,2,0.952053,1.95538,1617
2017-03-18 15:00:00,Sunderland,Burnley,0,0,1.03287,1.18742,1617
2017-03-18 12:30:00,West Bromwich Albion,Arsenal,3,1,2.11737,0.995221,1617
2017-03-18 15:00:00,West Ham United,Leicester City,2,3,2.32174,2.17004,1617
2017-03-19 16:30:00,Manchester City,Liverpool,1,1,2.55464,1.94116,1617
2017-03-19 12:00:00,Middlesbrough,Manchester United,1,3,1.09037,2.47484,1617
2017-03-19 14:15:00,Tottenham Hotspur,Southampton,2,1,1.64328,0.839989,1617
2017-04-01 15:00:00,Burnley,Tottenham Hotspur,0,2,0.44677,2.36346,1617
2017-04-01 15:00:00,Chelsea,Crystal Palace,1,2,3.16805,1.57423,1617
2017-04-01 15:00:00,Hull City,West Ham United,2,1,0.778704,1.24571,1617
2017-04-01 15:00:00,Leicester City,Stoke City,2,0,1.97444,1.36671,1617
2017-04-01 12:30:00,Liverpool,Everton,3,1,0.625343,1.44152,1617
2017-04-01 15:00:00,Manchester United,West Bromwich Albion,0,0,0.986683,0.200297,1617
2017-04-01 17:30:00,Southampton,Bournemouth,0,0,1.00252,2.06307,1617
2017-04-01 15:00:00,Watford,Sunderland,1,0,1.95828,0.349699,1617
2017-04-02 16:00:00,Arsenal,Manchester City,2,2,0.738497,1.40021,1617
2017-04-02 13:30:00,Swansea City,Middlesbrough,0,0,0.64382,0.748206,1617
2017-04-04 19:45:00,Burnley,Stoke City,1,0,0.348885,1.17275,1617
2017-04-04 19:45:00,Leicester City,Sunderland,2,0,0.929134,0.7012,1617
2017-04-04 20:00:00,Manchester United,Everton,1,1,1.67424,0.589122,1617
2017-04-04 19:45:00,Watford,West Bromwich Albion,2,0,0.691991,1.48109,1617
2017-04-05 19:45:00,Arsenal,West Ham United,3,0,2.16023,0.303905,1617
2017-04-05 20:00:00,Chelsea,Manchester City,2,1,1.36933,2.2614,1617
2017-04-05 19:45:00,Hull City,Middlesbrough,4,2,2.23261,1.30673,1617
2017-04-05 20:00:00,Liverpool,Bournemouth,2,2,2.17263,1.31233,1617
2017-04-05 19:45:00,Southampton,Crystal Palace,3,1,3.34327,1.73055,1617
2017-04-05 19:45:00,Swansea City,Tottenham Hotspur,1,3,0.872579,2.2242,1617
2017-04-08 17:30:00,Bournemouth,Chelsea,1,3,0.384152,1.52126,1617
2017-04-08 15:00:00,Manchester City,Hull City,3,1,2.33731,0.358364,1617
2017-04-08 15:00:00,Middlesbrough,Burnley,0,0,0.684683,0.809899,1617
2017-04-08 15:00:00,Stoke City,Liverpool,1,2,2.13972,1.02225,1617
2017-04-08 12:30:00,Tottenham Hotspur,Watford,4,0,1.18779,0.369968,1617
2017-04-08 15:00:00,West Bromwich Albion,Southampton,0,1,2.01721,0.910339,1617
2017-04-08 15:00:00,West Ham United,Swansea City,1,0,1.20573,0.307666,1617
2017-04-09 16:00:00,Everton,Leicester City,4,2,2.64597,0.836095,1617
2017-04-09 13:30:00,Sunderland,Manchester United,0,3,0.977316,1.6943,1617
2017-04-10 20:00:00,Crystal Palace,Arsenal,3,0,2.15968,0.44226,1617
2017-04-15 15:00:00,Crystal Palace,Leicester City,2,2,1.67894,0.467725,1617
2017-04-15 15:00:00,Everton,Burnley,3,1,1.67352,1.1469,1617
2017-04-15 17:30:00,Southampton,Manchester City,0,3,0.616753,2.74188,1617
2017-04-15 15:00:00,Stoke City,Hull City,3,1,2.01829,1.17696,1617
2017-04-15 15:00:00,Sunderland,West Ham United,2,2,1.14121,1.42815,1617
2017-04-15 12:30:00,Tottenham Hotspur,Bournemouth,4,0,3.28588,0.211502,1617
2017-04-15 15:00:00,Watford,Swansea City,1,0,1.22039,0.641001,1617
2017-04-16 16:00:00,Manchester United,Chelsea,2,0,0.807128,0.132913,1617
2017-04-16 13:30:00,West Bromwich Albion,Liverpool,0,1,0.590375,1.30017,1617
2017-04-17 20:00:00,Middlesbrough,Arsenal,1,2,1.72075,1.0689,1617
2017-04-22 15:00:00,Bournemouth,Middlesbrough,4,0,3.27712,0.2072,1617
2017-04-22 15:00:00,Hull City,Watford,2,0,1.42309,1.15869,1617
2017-04-22 15:00:00,Swansea City,Stoke City,2,0,0.475636,1.69454,1617
2017-04-22 15:00:00,West Ham United,Everton,0,0,0.668323,0.104476,1617
2017-04-23 14:15:00,Burnley,Manchester United,0,2,0.342829,2.24747,1617
2017-04-23 16:30:00,Liverpool,Crystal Palace,1,2,0.89449,1.21741,1617
2017-04-25 19:45:00,Chelsea,Southampton,4,2,1.4438,1.32952,1617
2017-04-26 19:45:00,Arsenal,Leicester City,1,0,0.410203,0.595173,1617
2017-04-26 20:00:00,Crystal Palace,Tottenham Hotspur,0,1,0.321722,1.00589,1617
2017-04-26 19:45:00,Middlesbrough,Sunderland,1,0,0.825839,0.445766,1617
2017-04-27 20:00:00,Manchester City,Manchester United,0,0,1.41537,0.421251,1617
2017-04-29 17:30:00,Crystal Palace,Burnley,0,2,0.633469,1.38569,1617
2017-04-29 15:00:00,Southampton,Hull City,0,0,1.24844,0.472435,1617
2017-04-29 15:00:00,Stoke City,West Ham United,0,0,1.35509,0.65149,1617
2017-04-29 15:00:00,Sunderland,Bournemouth,0,1,1.6667,1.53094,1617
2017-04-29 15:00:00,West Bromwich Albion,Leicester City,0,1,0.809101,0.570664,1617
2017-04-30 14:05:00,Everton,Chelsea,0,3,0.684516,1.81945,1617
2017-04-30 12:00:00,Manchester United,Swansea City,1,1,1.99224,0.775713,1617
2017-04-30 14:05:00,Middlesbrough,Manchester City,2,2,1.17715,3.10725,1617
2017-04-30 16:30:00,Tottenham Hotspur,Arsenal,2,0,3.46042,0.589537,1617
2017-05-01 20:00:00,Watford,Liverpool,0,1,0.436648,0.55669,1617
2017-05-05 20:00:00,West Ham United,Tottenham Hotspur,1,0,2.21043,0.451017,1617
2017-05-06 15:00:00,Bournemouth,Stoke City,2,2,1.30668,2.3019,1617
2017-05-06 15:00:00,Burnley,West Bromwich Albion,2,2,1.08649,0.82853,1617
2017-05-06 15:00:00,Hull City,Sunderland,0,2,1.21734,1.95502,1617
2017-05-06 15:00:00,Leicester City,Watford,3,0,1.00566,0.512433,1617
2017-05-06 12:30:00,Manchester City,Crystal Palace,5,0,2.69837,0.241571,1617
2017-05-06 17:30:00,Swansea City,Everton,1,0,2.09244,0.270186,1617
2017-05-07 16:00:00,Arsenal,Manchester United,2,0,1.03986,0.576173,1617
2017-05-07 13:30:00,Liverpool,Southampton,0,0,1.35967,0.182082,1617
2017-05-08 20:00:00,Chelsea,Middlesbrough,3,0,2.28046,0.0718773,1617
2017-05-10 19:45:00,Southampton,Arsenal,0,2,1.25259,1.35954,1617
2017-05-12 19:45:00,Everton,Watford,1,0,1.12984,1.54861,1617
2017-05-12 20:00:00,West Bromwich Albion,Chelsea,0,1,0.529155,1.76954,1617
2017-05-13 15:00:00,Bournemouth,Burnley,2,1,1.5499,1.1511,1617
2017-05-13 12:30:00,Manchester City,Leicester City,2,1,1.98776,1.62503,1617
2017-05-13 15:00:00,Middlesbrough,Southampton,1,2,1.32885,1.52569,1617
2017-05-13 17:30:00,Stoke City,Arsenal,1,4,1.30239,2.63639,1617
2017-05-13 15:00:00,Sunderland,Swansea City,0,2,1.03765,0.344096,1617
2017-05-14 12:00:00,Crystal Palace,Hull City,4,0,2.73274,0.518148,1617
2017-05-14 16:30:00,Tottenham Hotspur,Manchester United,2,1,2.10698,1.03696,1617
2017-05-14 14:15:00,West Ham United,Liverpool,0,4,1.03963,3.28962,1617
2017-05-15 20:00:00,Chelsea,Watford,4,3,2.65315,0.883368,1617
2017-05-16 19:45:00,Arsenal,Sunderland,2,0,3.83905,0.271744,1617
2017-05-16 20:00:00,Manchester City,West Bromwich Albion,3,1,2.58035,0.387741,1617
2017-05-17 19:45:00,Southampton,Manchester United,0,0,1.66533,0.45805,1617
2017-05-18 19:45:00,Leicester City,Tottenham Hotspur,1,6,0.725721,2.64912,1617
2017-05-21 15:00:00,Arsenal,Everton,3,1,3.35075,1.8831,1617
2017-05-21 15:00:00,Burnley,West Ham United,1,2,1.70802,1.67299,1617
2017-05-21 15:00:00,Chelsea,Sunderland,5,1,2.73947,0.693994,1617
2017-05-21 15:00:00,Hull City,Tottenham Hotspur,1,7,0.812723,3.89027,1617
2017-05-21 15:00:00,Leicester City,Bournemouth,1,1,2.45308,0.87072,1617
2017-05-21 15:00:00,Liverpool,Middlesbrough,3,0,2.16957,0.899691,1617
2017-05-21 15:00:00,Manchester United,Crystal Palace,2,0,1.0386,0.3016,1617
2017-05-21 15:00:00,Southampton,Stoke City,0,1,1.3554,0.983464,1617
2017-05-21 15:00:00,Swansea City,West Bromwich Albion,2,1,1.74555,1.60674,1617
2017-05-21 15:00:00,Watford,Manchester City,0,5,0.826124,3.26614,1617
2017-08-11 19:45:00,Arsenal,Leicester City,4,3,2.54329,1.46495,1718
2017-08-12 17:30:00,Brighton,Manchester City,0,2,0.276343,1.86751,1718
2017-08-12 15:00:00,Chelsea,Burnley,2,3,1.35651,0.564237,1718
2017-08-12 15:00:00,Crystal Palace,Huddersfield Town,0,3,0.988934,1.73657,1718
2017-08-12 15:00:00,Everton,Stoke City,1,0,0.720574,0.27644,1718
2017-08-12 15:00:00,Southampton,Swansea City,0,0,2.21748,0.406196,1718
2017-08-12 12:30:00,Watford,Liverpool,3,3,2.17647,2.61549,1718
2017-08-12 15:00:00,West Bromwich Albion,Bournemouth,1,0,1.18399,0.378659,1718
2017-08-13 16:00:00,Manchester United,West Ham United,4,0,2.63853,0.62654,1718
2017-08-13 13:30:00,Newcastle United,Tottenham Hotspur,0,2,0.634633,2.34418,1718
2017-08-19 15:00:00,Bournemouth,Watford,0,2,0.766694,2.17717,1718
2017-08-19 15:00:00,Burnley,West Bromwich Albion,0,1,1.37242,0.653058,1718
2017-08-19 15:00:00,Leicester City,Brighton,2,0,1.88355,0.123075,1718
2017-08-19 15:00:00,Liverpool,Crystal Palace,1,0,2.84978,0.727364,1718
2017-08-19 15:00:00,Southampton,West Ham United,3,2,2.1424,1.53269,1718
2017-08-19 17:30:00,Stoke City,Arsenal,1,0,0.692644,1.40658,1718
2017-08-19 12:30:00,Swansea City,Manchester United,0,4,0.304164,3.41021,1718
2017-08-20 13:30:00,Huddersfield Town,Newcastle United,1,0,0.267008,0.973322,1718
2017-08-20 16:00:00,Tottenham Hotspur,Chelsea,1,2,0.72428,0.834423,1718
2017-08-21 20:00:00,Manchester City,Everton,1,1,1.14216,0.59971,1718
2017-08-26 12:30:00,Bournemouth,Manchester City,1,2,0.415402,1.76626,1718
2017-08-26 15:00:00,Crystal Palace,Swansea City,0,2,0.818951,0.966783,1718
2017-08-26 15:00:00,Huddersfield Town,Southampton,0,0,1.51605,0.795911,1718
2017-08-26 17:30:00,Manchester United,Leicester City,2,0,2.73725,0.670573,1718
2017-08-26 15:00:00,Newcastle United,West Ham United,3,0,2.76107,0.558484,1718
2017-08-26 15:00:00,Watford,Brighton,0,0,0.281459,0.952357,1718
2017-08-27 13:30:00,Chelsea,Everton,2,0,1.16991,0.326655,1718
2017-08-27 16:00:00,Liverpool,Arsenal,4,0,3.45998,0.484816,1718
2017-08-27 16:00:00,Tottenham Hotspur,Burnley,1,1,2.3497,0.670943,1718
2017-08-27 13:30:00,West Bromwich Albion,Stoke City,1,1,0.875132,0.980905,1718
2017-09-09 15:00:00,Arsenal,Bournemouth,3,0,2.48732,0.577291,1718
2017-09-09 15:00:00,Brighton,West Bromwich Albion,3,1,0.396771,0.866679,1718
2017-09-09 15:00:00,Everton,Tottenham Hotspur,0,3,1.15144,2.17535,1718
2017-09-09 15:00:00,Leicester City,Chelsea,1,2,1.34903,1.03943,1718
2017-09-09 12:30:00,Manchester City,Liverpool,5,0,3.14589,0.665186,1718
2017-09-09 15:00:00,Southampton,Watford,0,2,0.331259,0.57794,1718
2017-09-09 17:30:00,Stoke City,Manchester United,2,2,1.49928,1.96635,1718
2017-09-10 13:30:00,Burnley,Crystal Palace,1,0,0.429329,1.72996,1718
2017-09-10 16:00:00,Swansea City,Newcastle United,0,1,1.48574,1.03177,1718
2017-09-11 20:00:00,West Ham United,Huddersfield Town,2,0,1.94969,0.339338,1718
2017-09-15 20:00:00,Bournemouth,Brighton,2,1,1.39529,0.874276,1718
2017-09-16 12:30:00,Crystal Palace,Southampton,0,1,2.03243,1.11428,1718
2017-09-16 15:00:00,Huddersfield Town,Leicester City,1,1,0.700349,1.24181,1718
2017-09-16 15:00:00,Liverpool,Burnley,1,1,2.18727,0.334402,1718
2017-09-16 15:00:00,Newcastle United,Stoke City,2,1,2.6598,0.675783,1718
2017-09-16 17:30:00,Tottenham Hotspur,Swansea City,0,0,1.17894,0.154074,1718
2017-09-16 15:00:00,Watford,Manchester City,0,6,0.803933,3.99349,1718
2017-09-16 15:00:00,West Bromwich Albion,West Ham United,0,0,0.781891,0.266344,1718
2017-09-17 13:30:00,Chelsea,Arsenal,0,0,0.762129,1.42208,1718
2017-09-17 16:00:00,Manchester United,Everton,4,0,3.28722,1.06298,1718
2017-09-23 15:00:00,Burnley,Huddersfield Town,0,0,0.369454,0.312561,1718
2017-09-23 15:00:00,Everton,Bournemouth,2,1,2.21092,0.384728,1718
2017-09-23 17:30:00,Leicester City,Liverpool,2,3,2.88766,1.92902,1718
2017-09-23 15:00:00,Manchester City,Crystal Palace,5,0,5.72543,0.611018,1718
2017-09-23 15:00:00,Southampton,Manchester United,0,1,0.802062,1.07247,1718
2017-09-23 15:00:00,Stoke City,Chelsea,0,4,0.600959,1.59815,1718
2017-09-23 15:00:00,Swansea City,Watford,1,2,1.50811,1.25817,1718
2017-09-23 12:30:00,West Ham United,Tottenham Hotspur,2,3,0.67667,1.45327,1718
2017-09-24 16:00:00,Brighton,Newcastle United,1,0,0.507341,1.37001,1718
2017-09-25 20:00:00,Arsenal,West Bromwich Albion,2,0,2.39316,0.766652,1718
2017-09-30 15:00:00,Bournemouth,Leicester City,0,0,1.39901,0.594808,1718
2017-09-30 17:30:00,Chelsea,Manchester City,0,1,0.911532,1.23068,1718
2017-09-30 12:30:00,Huddersfield Town,Tottenham Hotspur,0,4,0.196648,1.56089,1718
2017-09-30 15:00:00,Manchester United,Crystal Palace,4,0,3.47508,0.244321,1718
2017-09-30 15:00:00,Stoke City,Southampton,2,1,2.68136,1.42781,1718
2017-09-30 15:00:00,West Bromwich Albion,Watford,2,2,1.93896,1.62462,1718
2017-09-30 15:00:00,West Ham United,Swansea City,1,0,0.692185,0.178568,1718
2017-10-01 12:00:00,Arsenal,Brighton,2,0,2.47818,0.386343,1718
2017-10-01 14:15:00,Everton,Burnley,0,1,0.93376,0.383977,1718
2017-10-01 16:30:00,Newcastle United,Liverpool,1,1,0.280437,1.64475,1718
2017-10-14 15:00:00,Burnley,West Ham United,1,1,0.70219,0.835192,1718
2017-10-14 15:00:00,Crystal Palace,Chelsea,2,1,1.51873,0.651919,1718
2017-10-14 12:30:00,Liverpool,Manchester United,0,0,1.92702,0.230358,1718
2017-10-14 15:00:00,Manchester City,Stoke City,7,2,4.45388,0.681236,1718
2017-10-14 15:00:00,Swansea City,Huddersfield Town,2,0,1.65446,0.596086,1718
2017-10-14 15:00:00,Tottenham Hotspur,Bournemouth,1,0,1.95684,0.17504,1718
2017-10-14 17:30:00,Watford,Arsenal,2,1,1.63418,0.988468,1718
2017-10-15 13:30:00,Brighton,Everton,1,1,1.05884,1.45518,1718
2017-10-15 16:00:00,Southampton,Newcastle United,2,2,1.71445,0.950997,1718
2017-10-16 20:00:00,Leicester City,West Bromwich Albion,1,1,0.964277,0.155254,1718
2017-10-20 20:00:00,West Ham United,Brighton,0,3,0.569111,1.98345,1718
2017-10-21 19:30:00,Chelsea,Watford,4,2,1.78315,1.79693,1718
2017-10-21 15:00:00,Huddersfield Town,Manchester United,2,1,1.26744,0.807135,1718
2017-10-21 15:00:00,Manchester City,Burnley,3,0,3.71812,0.14859,1718
2017-10-21 15:00:00,Newcastle United,Crystal Palace,1,0,0.270313,0.566845,1718
2017-10-21 17:30:00,Southampton,West Bromwich Albion,1,0,2.02288,0.504128,1718
2017-10-21 15:00:00,Stoke City,Bournemouth,1,2,1.60117,1.11834,1718
2017-10-21 15:00:00,Swansea City,Leicester City,1,2,0.559618,1.80814,1718
2017-10-22 13:30:00,Everton,Arsenal,2,5,0.810989,3.86029,1718
2017-10-22 16:00:00,Tottenham Hotspur,Liverpool,4,1,2.62043,0.667771,1718
2017-10-28 15:00:00,Arsenal,Swansea City,2,1,2.37777,0.8355,1718
2017-10-28 17:30:00,Bournemouth,Chelsea,0,1,0.455055,1.78362,1718
2017-10-28 15:00:00,Crystal Palace,West Ham United,2,2,2.91672,0.742845,1718
2017-10-28 15:00:00,Liverpool,Huddersfield Town,3,0,2.14257,0.0554802,1718
2017-10-28 12:30:00,Manchester United,Tottenham Hotspur,1,0,0.943496,1.08708,1718
2017-10-28 15:00:00,Watford,Stoke City,0,1,1.13448,0.778883,1718
2017-10-28 15:00:00,West Bromwich Albion,Manchester City,2,3,1.11852,2.77085,1718
2017-10-29 13:30:00,Brighton,Southampton,1,1,1.50533,0.54364,1718
2017-10-29 16:00:00,Leicester City,Everton,2,0,1.36768,0.575236,1718
2017-10-30 20:00:00,Burnley,Newcastle United,1,0,1.0271,0.516369,1718
2017-11-04 15:00:00,Huddersfield Town,West Bromwich Albion,1,0,0.260436,0.382005,1718
2017-11-04 15:00:00,Newcastle United,Bournemouth,0,1,0.676091,1.28703,1718
2017-11-04 15:00:00,Southampton,Burnley,0,1,0.789259,0.137743,1718
2017-11-04 12:30:00,Stoke City,Leicester City,2,2,1.22988,1.39563,1718
2017-11-04 15:00:00,Swansea City,Brighton,0,1,1.24557,0.874927,1718
2017-11-04 17:30:00,West Ham United,Liverpool,1,4,1.13045,2.8773,1718
2017-11-05 16:30:00,Chelsea,Manchester United,1,0,1.8417,0.773586,1718
2017-11-05 16:30:00,Everton,Watford,3,2,2.5796,2.05534,1718
2017-11-05 14:15:00,Manchester City,Arsenal,3,1,2.15028,0.340407,1718
2017-11-05 12:00:00,Tottenham Hotspur,Crystal Palace,1,0,0.991813,1.10222,1718
2017-11-18 12:30:00,Arsenal,Tottenham Hotspur,2,0,2.24246,0.591192,1718
2017-11-18 15:00:00,Bournemouth,Huddersfield Town,4,0,1.38782,1.1633,1718
2017-11-18 15:00:00,Burnley,Swansea City,2,0,1.5427,0.431402,1718
2017-11-18 15:00:00,Crystal Palace,Everton,2,2,2.02983,1.68728,1718
2017-11-18 15:00:00,Leicester City,Manchester City,0,2,0.0970457,2.40056,1718
2017-11-18 15:00:00,Liverpool,Southampton,3,0,2.06277,0.563886,1718
2017-11-18 17:30:00,Manchester United,Newcastle United,4,1,2.57424,1.08708,1718
2017-11-18 15:00:00,West Bromwich Albion,Chelsea,0,4,0.590655,1.71709,1718
2017-11-19 16:00:00,Watford,West Ham United,2,0,1.24547,1.43369,1718
2017-11-20 20:00:00,Brighton,Stoke City,2,2,0.490058,1.20507,1718
2017-11-24 20:00:00,West Ham United,Leicester City,1,1,0.775297,0.453851,1718
2017-11-25 15:00:00,Crystal Palace,Stoke City,2,1,1.48339,0.628292,1718
2017-11-25 17:30:00,Liverpool,Chelsea,1,1,1.50368,0.739983,1718
2017-11-25 15:00:00,Manchester United,Brighton,1,0,1.50148,0.565072,1718
2017-11-25 15:00:00,Newcastle United,Watford,0,3,0.86002,2.05844,1718
2017-11-25 15:00:00,Swansea City,Bournemouth,0,0,0.879594,0.449075,1718
2017-11-25 15:00:00,Tottenham Hotspur,West Bromwich Albion,1,1,1.91526,0.71711,1718
2017-11-26 14:00:00,Burnley,Arsenal,0,1,0.402745,1.75184,1718
2017-11-26 16:00:00,Huddersfield Town,Manchester City,1,2,0.537698,2.66178,1718
2017-11-26 13:30:00,Southampton,Everton,4,1,1.97034,0.147724,1718
2017-11-28 19:45:00,Brighton,Crystal Palace,0,0,0.475162,0.584296,1718
2017-11-28 19:45:00,Leicester City,Tottenham Hotspur,2,1,0.924575,2.50552,1718
2017-11-28 20:00:00,Watford,Manchester United,2,4,1.29277,1.63491,1718
2017-11-28 20:00:00,West Bromwich Albion,Newcastle United,2,2,0.845327,1.1342,1718
2017-11-29 19:45:00,Arsenal,Huddersfield Town,5,0,4.47889,0.475716,1718
2017-11-29 19:45:00,Bournemouth,Burnley,1,2,0.915088,1.08519,1718
2017-11-29 19:45:00,Chelsea,Swansea City,1,0,2.30012,0.0411427,1718
2017-11-29 20:00:00,Everton,West Ham United,4,0,1.76497,1.03658,1718
2017-11-29 20:00:00,Manchester City,Southampton,2,1,1.64952,1.7066,1718
2017-11-29 20:00:00,Stoke City,Liverpool,0,3,0.846748,2.58757,1718
2017-12-02 17:30:00,Arsenal,Manchester United,1,3,4.24057,2.06831,1718
2017-12-02 15:00:00,Brighton,Liverpool,1,5,1.65878,1.77566,1718
2017-12-02 12:30:00,Chelsea,Newcastle United,3,1,3.07794,0.519549,1718
2017-12-02 15:00:00,Everton,Huddersfield Town,2,0,0.820024,0.223429,1718
2017-12-02 15:00:00,Leicester City,Burnley,1,0,1.61269,0.789388,1718
2017-12-02 15:00:00,Stoke City,Swansea City,2,1,1.24743,0.320601,1718
2017-12-02 15:00:00,Watford,Tottenham Hotspur,1,1,0.352672,0.788817,1718
2017-12-02 15:00:00,West Bromwich Albion,Crystal Palace,0,0,1.65178,0.80924,1718
2017-12-03 13:30:00,Bournemouth,Southampton,1,1,1.11195,1.00264,1718
2017-12-03 16:00:00,Manchester City,West Ham United,2,1,2.45603,0.474483,1718
2017-12-09 15:00:00,Burnley,Watford,1,0,0.485632,0.819233,1718
2017-12-09 15:00:00,Crystal Palace,Bournemouth,2,2,4.61208,0.962374,1718
2017-12-09 15:00:00,Huddersfield Town,Brighton,2,0,2.68125,0.273809,1718
2017-12-09 17:30:00,Newcastle United,Leicester City,2,3,0.964657,0.444099,1718
2017-12-09 15:00:00,Swansea City,West Bromwich Albion,1,0,1.01101,0.25228,1718
2017-12-09 15:00:00,Tottenham Hotspur,Stoke City,5,1,4.01925,0.749296,1718
2017-12-09 12:30:00,West Ham United,Chelsea,1,0,0.418127,1.18891,1718
2017-12-10 14:15:00,Liverpool,Everton,1,1,1.89569,0.823217,1718
2017-12-10 16:30:00,Manchester United,Manchester City,1,2,1.43756,2.03041,1718
2017-12-10 12:00:00,Southampton,Arsenal,1,1,1.21942,0.608352,1718
2017-12-12 19:45:00,Burnley,Stoke City,1,0,0.360081,0.916344,1718
2017-12-12 20:00:00,Crystal Palace,Watford,2,1,1.10545,1.40441,1718
2017-12-12 20:00:00,Huddersfield Town,Chelsea,1,3,0.476748,1.8707,1718
2017-12-13 20:00:00,Liverpool,West Bromwich Albion,0,0,2.13915,0.520382,1718
2017-12-13 20:00:00,Manchester United,Bournemouth,1,0,1.24043,0.815792,1718
2017-12-13 19:45:00,Newcastle United,Everton,0,1,0.570658,1.38719,1718
2017-12-13 19:45:00,Southampton,Leicester City,1,4,1.11749,2.24579,1718
2017-12-13 19:45:00,Swansea City,Manchester City,0,4,0.589496,3.56828,1718
2017-12-13 20:00:00,Tottenham Hotspur,Brighton,2,0,1.87344,0.315616,1718
2017-12-13 20:00:00,West Ham United,Arsenal,0,0,0.405172,1.02186,1718
2017-12-16 15:00:00,Arsenal,Newcastle United,1,0,2.02472,0.286547,1718
2017-12-16 15:00:00,Brighton,Burnley,0,0,1.49029,1.32536,1718
2017-12-16 15:00:00,Chelsea,Southampton,1,0,1.29018,0.587081,1718
2017-12-16 12:30:00,Leicester City,Crystal Palace,0,3,0.758241,2.25889,1718
2017-12-16 17:30:00,Manchester City,Tottenham Hotspur,4,1,4.14588,0.182456,1718
2017-12-16 16:00:00,Stoke City,West Ham United,0,3,0.983293,3.08244,1718
2017-12-16 15:00:00,Watford,Huddersfield Town,1,4,0.589103,3.49193,1718
2017-12-17 16:30:00,Bournemouth,Liverpool,0,4,0.539178,3.25041,1718
2017-12-17 14:15:00,West Bromwich Albion,Manchester United,1,2,1.076,0.898984,1718
2017-12-18 20:00:00,Everton,Swansea City,3,1,2.01756,0.766224,1718
2017-12-22 19:45:00,Arsenal,Liverpool,3,3,1.13104,2.05947,1718
2017-12-23 15:00:00,Brighton,Watford,1,0,1.40139,1.30044,1718
2017-12-23 17:30:00,Burnley,Tottenham Hotspur,0,3,0.159735,3.30947,1718
2017-12-23 12:30:00,Everton,Chelsea,0,0,0.342403,1.84971,1718
2017-12-23 19:45:00,Leicester City,Manchester United,2,2,1.56465,2.15281,1718
2017-12-23 15:00:00,Manchester City,Bournemouth,4,0,1.55724,0.334896,1718
2017-12-23 15:00:00,Southampton,Huddersfield Town,1,1,1.73805,1.09381,1718
2017-12-23 15:00:00,Stoke City,West Bromwich Albion,3,1,1.7986,2.0544,1718
2017-12-23 15:00:00,Swansea City,Crystal Palace,1,1,0.546613,1.25546,1718
2017-12-23 15:00:00,West Ham United,Newcastle United,2,3,2.31898,1.90622,1718
2017-12-26 15:00:00,Bournemouth,West Ham United,3,3,2.84928,1.87596,1718
2017-12-26 15:00:00,Chelsea,Brighton,2,0,2.16934,0.452601,1718
2017-12-26 15:00:00,Huddersfield Town,Stoke City,1,1,1.8756,1.19984,1718
2017-12-26 17:30:00,Liverpool,Swansea City,5,0,3.06422,0.2719,1718
2017-12-26 15:00:00,Manchester United,Burnley,2,2,1.80763,0.786214,1718
2017-12-26 12:30:00,Tottenham Hotspur,Southampton,5,2,3.08413,0.591118,1718
2017-12-26 15:00:00,Watford,Leicester City,2,1,1.43009,1.54771,1718
2017-12-26 15:00:00,West Bromwich Albion,Everton,0,0,1.18168,0.405775,1718
2017-12-27 19:45:00,Newcastle United,Manchester City,0,1,0.174705,1.93187,1718
2017-12-28 20:00:00,Crystal Palace,Arsenal,2,3,1.14522,1.84104,1718
2017-12-30 15:00:00,Bournemouth,Everton,2,1,1.39955,0.599608,1718
2017-12-30 15:00:00,Chelsea,Stoke City,5,0,3.09527,0.28218,1718
2017-12-30 15:00:00,Huddersfield Town,Burnley,0,0,0.049118,1.20923,1718
2017-12-30 15:00:00,Liverpool,Leicester City,2,1,2.56607,0.789667,1718
2017-12-30 17:30:00,Manchester United,Southampton,0,0,1.87247,0.85013,1718
2017-12-30 15:00:00,Newcastle United,Brighton,0,0,0.504379,0.630058,1718
2017-12-30 15:00:00,Watford,Swansea City,1,2,1.17794,1.31479,1718
2017-12-31 12:00:00,Crystal Palace,Manchester City,0,0,1.72153,1.09586,1718
2017-12-31 16:30:00,West Bromwich Albion,Arsenal,1,1,1.39429,0.917801,1718
2018-01-01 12:30:00,Brighton,Bournemouth,2,2,2.37332,1.28248,1718
2018-01-01 15:00:00,Burnley,Liverpool,1,2,0.900466,1.62514,1718
2018-01-01 17:30:00,Everton,Manchester United,0,2,1.23952,1.26247,1718
2018-01-01 15:00:00,Leicester City,Huddersfield Town,3,0,1.45074,0.226625,1718
2018-01-01 15:00:00,Stoke City,Newcastle United,0,1,1.50029,2.02028,1718
2018-01-02 20:00:00,Manchester City,Watford,3,1,2.77398,0.965283,1718
2018-01-02 19:45:00,Southampton,Crystal Palace,1,2,0.445301,1.34294,1718
2018-01-02 19:45:00,Swansea City,Tottenham Hotspur,0,2,0.397789,1.61843,1718
2018-01-02 19:45:00,West Ham United,West Bromwich Albion,2,1,1.0594,0.63538,1718
2018-01-03 19:45:00,Arsenal,Chelsea,2,2,1.23205,3.0768,1718
2018-01-04 20:00:00,Tottenham Hotspur,West Ham United,1,1,1.64908,0.612933,1718
2018-01-13 15:00:00,Chelsea,Leicester City,0,0,0.622946,1.36341,1718
2018-01-13 15:00:00,Crystal Palace,Burnley,1,0,1.80971,0.907849,1718
2018-01-13 15:00:00,Huddersfield Town,West Ham United,1,4,0.681,0.986853,1718
2018-01-13 15:00:00,Newcastle United,Swansea City,1,1,1.8273,0.895774,1718
2018-01-13 17:30:00,Tottenham Hotspur,Everton,4,0,4.21366,0.290345,1718
2018-01-13 15:00:00,Watford,Southampton,2,2,1.67369,0.857637,1718
2018-01-13 15:00:00,West Bromwich Albion,Brighton,2,0,1.38478,0.530765,1718
2018-01-14 13:30:00,Bournemouth,Arsenal,2,1,0.822285,1.00956,1718
2018-01-14 16:00:00,Liverpool,Manchester City,4,3,1.01595,0.722959,1718
2018-01-15 20:00:00,Manchester United,Stoke City,3,0,1.9485,1.47603,1718
2018-01-20 15:00:00,Arsenal,Crystal Palace,4,1,3.56519,0.501202,1718
2018-01-20 12:30:00,Brighton,Chelsea,0,4,0.881174,1.52008,1718
2018-01-20 15:00:00,Burnley,Manchester United,0,1,0.568215,0.860828,1718
2018-01-20 15:00:00,Everton,West Bromwich Albion,1,1,0.92355,1.34998,1718
2018-01-20 15:00:00,Leicester City,Watford,2,0,1.51932,0.740795,1718
2018-01-20 17:30:00,Manchester City,Newcastle United,3,1,2.5505,0.992018,1718
2018-01-20 15:00:00,Stoke City,Huddersfield Town,2,0,0.987799,0.238458,1718
2018-01-20 15:00:00,West Ham United,Bournemouth,1,1,0.980241,0.501886,1718
2018-01-21 16:00:00,Southampton,Tottenham Hotspur,1,1,1.15209,1.30653,1718
2018-01-22 20:00:00,Swansea City,Liverpool,1,0,0.498742,2.19675,1718
2018-01-30 20:00:00,Huddersfield Town,Liverpool,0,3,0.288048,2.05148,1718
2018-01-30 19:45:00,Swansea City,Arsenal,3,1,2.37911,1.15616,1718
2018-01-30 19:45:00,West Ham United,Crystal Palace,1,1,1.11632,1.15809,1718
2018-01-31 19:45:00,Chelsea,Bournemouth,0,3,1.14795,1.42447,1718
2018-01-31 19:45:00,Everton,Leicester City,2,1,1.53072,2.65018,1718
2018-01-31 20:00:00,Manchester City,West Bromwich Albion,3,0,2.68955,0.118043,1718
2018-01-31 19:45:00,Newcastle United,Burnley,1,1,2.52275,1.22828,1718
2018-01-31 19:45:00,Southampton,Brighton,1,1,1.27393,1.07907,1718
2018-01-31 20:00:00,Stoke City,Watford,0,0,0.722172,0.740773,1718
2018-01-31 20:00:00,Tottenham Hotspur,Manchester United,2,0,2.0117,0.817997,1718
2018-02-03 17:30:00,Arsenal,Everton,5,1,3.19622,1.49065,1718
2018-02-03 15:00:00,Bournemouth,Stoke City,2,1,1.91091,0.721222,1718
2018-02-03 15:00:00,Brighton,West Ham United,3,1,1.64227,0.443751,1718
2018-02-03 12:30:00,Burnley,Manchester City,1,1,0.795971,2.24914,1718
2018-02-03 15:00:00,Leicester City,Swansea City,1,1,1.48466,0.569943,1718
2018-02-03 15:00:00,Manchester United,Huddersfield Town,2,0,1.63389,0.13049,1718
2018-02-03 15:00:00,West Bromwich Albion,Southampton,2,3,0.876603,0.99695,1718
2018-02-04 14:15:00,Crystal Palace,Newcastle United,1,1,3.00238,1.14408,1718
2018-02-04 16:30:00,Liverpool,Tottenham Hotspur,2,2,1.28962,2.54392,1718
2018-02-05 20:00:00,Watford,Chelsea,4,1,2.12696,0.573557,1718
2018-02-10 15:00:00,Everton,Crystal Palace,3,1,1.48792,1.65713,1718
2018-02-10 17:30:00,Manchester City,Leicester City,5,1,2.59121,0.109716,1718
2018-02-10 15:00:00,Stoke City,Brighton,1,1,1.39547,0.897856,1718
2018-02-10 15:00:00,Swansea City,Burnley,1,0,0.843332,0.430729,1718
2018-02-10 12:30:00,Tottenham Hotspur,Arsenal,1,0,2.63564,0.487297,1718
2018-02-10 15:00:00,West Ham United,Watford,2,0,1.83359,0.799928,1718
2018-02-11 12:00:00,Huddersfield Town,Bournemouth,4,1,2.56699,0.433555,1718
2018-02-11 14:15:00,Newcastle United,Manchester United,1,0,0.676656,1.71995,1718
2018-02-11 16:30:00,Southampton,Liverpool,0,2,0.854343,2.35575,1718
2018-02-12 20:00:00,Chelsea,West Bromwich Albion,3,0,2.37995,0.628806,1718
2018-02-24 15:00:00,Bournemouth,Newcastle United,2,2,1.20646,4.23567,1718
2018-02-24 15:00:00,Brighton,Swansea City,4,1,3.2913,0.443169,1718
2018-02-24 15:00:00,Burnley,Southampton,1,1,1.28178,0.65898,1718
2018-02-24 12:30:00,Leicester City,Stoke City,1,1,1.12487,0.166078,1718
2018-02-24 15:00:00,Liverpool,West Ham United,4,1,3.9205,0.33527,1718
2018-02-24 17:30:00,Watford,Everton,1,0,0.606929,0.665127,1718
2018-02-24 15:00:00,West Bromwich Albion,Huddersfield Town,1,2,1.50162,1.18101,1718
2018-02-25 00:00:00,Crystal Palace,Tottenham Hotspur,0,1,0.184958,1.65074,1718
2018-02-25 14:05:00,Manchester United,Chelsea,2,1,1.30036,1.68958,1718
2018-03-01 19:45:00,Arsenal,Manchester City,0,3,1.30172,1.92605,1718
2018-03-03 12:30:00,Burnley,Everton,2,1,2.33524,1.79993,1718
2018-03-03 15:00:00,Leicester City,Bournemouth,1,1,2.97799,1.4035,1718
2018-03-03 17:30:00,Liverpool,Newcastle United,2,0,1.56935,0.255322,1718
2018-03-03 15:00:00,Southampton,Stoke City,0,0,0.982895,0.385303,1718
2018-03-03 15:00:00,Swansea City,West Ham United,4,1,2.30838,0.497211,1718
2018-03-03 15:00:00,Tottenham Hotspur,Huddersfield Town,2,0,1.63794,0.138106,1718
2018-03-03 15:00:00,Watford,West Bromwich Albion,1,0,1.23526,1.09115,1718
2018-03-04 13:30:00,Brighton,Arsenal,2,1,1.48498,0.801513,1718
2018-03-04 16:00:00,Manchester City,Chelsea,1,0,0.953312,0.118301,1718
2018-03-05 20:00:00,Crystal Palace,Manchester United,2,3,0.74138,1.25439,1718
2018-03-10 17:30:00,Chelsea,Crystal Palace,2,1,3.87829,1.13893,1718
2018-03-10 15:00:00,Everton,Brighton,2,0,1.68868,0.321797,1718
2018-03-10 15:00:00,Huddersfield Town,Swansea City,0,0,1.39381,0.0,1718
2018-03-10 12:30:00,Manchester United,Liverpool,2,1,0.845051,0.777089,1718
2018-03-10 15:00:00,Newcastle United,Southampton,3,0,1.35847,0.496723,1718
2018-03-10 15:00:00,West Bromwich Albion,Leicester City,1,4,0.360925,1.86524,1718
2018-03-10 15:00:00,West Ham United,Burnley,0,3,0.72673,1.41929,1718
2018-03-11 13:30:00,Arsenal,Watford,3,0,2.38263,1.54676,1718
2018-03-11 16:00:00,Bournemouth,Tottenham Hotspur,1,4,1.17387,2.53124,1718
2018-03-12 20:00:00,Stoke City,Manchester City,0,2,0.157023,1.64562,1718
2018-03-17 15:00:00,Bournemouth,West Bromwich Albion,2,1,0.685329,1.74488,1718
2018-03-17 15:00:00,Huddersfield Town,Crystal Palace,0,2,0.220381,2.74705,1718
2018-03-17 17:30:00,Liverpool,Watford,5,0,1.81208,0.35476,1718
2018-03-17 15:00:00,Stoke City,Everton,1,2,0.894266,2.97881,1718
2018-03-31 15:00:00,Brighton,Leicester City,0,2,1.60322,1.26582,1718
2018-03-31 12:30:00,Crystal Palace,Liverpool,1,2,1.90868,1.72037,1718
2018-03-31 17:30:00,Everton,Manchester City,1,3,0.859628,1.91312,1718
2018-03-31 15:00:00,Manchester United,Swansea City,2,0,2.14368,0.138813,1718
2018-03-31 15:00:00,Newcastle United,Huddersfield Town,1,0,2.53617,0.280847,1718
2018-03-31 15:00:00,Watford,Bournemouth,2,2,0.76133,2.1146,1718
2018-03-31 15:00:00,West Bromwich Albion,Burnley,1,2,0.394723,1.41534,1718
2018-03-31 15:00:00,West Ham United,Southampton,3,0,1.44971,0.446641,1718
2018-04-01 13:30:00,Arsenal,Stoke City,3,0,3.56649,0.342516,1718
2018-04-01 16:00:00,Chelsea,Tottenham Hotspur,1,3,1.209,1.3895,1718
2018-04-07 14:00:00,Bournemouth,Crystal Palace,2,2,2.09227,1.14558,1718
2018-04-07 14:00:00,Brighton,Huddersfield Town,1,1,1.53244,1.48964,1718
2018-04-07 11:30:00,Everton,Liverpool,0,0,0.723427,0.947321,1718
2018-04-07 14:00:00,Leicester City,Newcastle United,1,2,1.09224,0.285116,1718
2018-04-07 16:30:00,Manchester City,Manchester United,2,3,3.42967,1.21683,1718
2018-04-07 14:00:00,Stoke City,Tottenham Hotspur,1,2,1.40115,1.79894,1718
2018-04-07 14:00:00,Watford,Burnley,1,2,1.36685,1.38319,1718
2018-04-07 14:00:00,West Bromwich Albion,Swansea City,1,1,1.22912,0.655729,1718
2018-04-08 13:15:00,Arsenal,Southampton,3,2,1.58895,2.16699,1718
2018-04-08 15:30:00,Chelsea,West Ham United,1,1,2.12073,0.302554,1718
2018-04-14 14:00:00,Burnley,Leicester City,2,1,1.05951,1.99812,1718
2018-04-14 14:00:00,Crystal Palace,Brighton,3,2,2.49925,1.54485,1718
2018-04-14 14:00:00,Huddersfield Town,Watford,1,0,0.929512,0.306273,1718
2018-04-14 16:30:00,Liverpool,Bournemouth,3,0,2.6402,0.540593,1718
2018-04-14 11:30:00,Southampton,Chelsea,2,3,1.2922,0.663817,1718
2018-04-14 14:00:00,Swansea City,Everton,1,1,1.19751,1.61456,1718
2018-04-14 18:45:00,Tottenham Hotspur,Manchester City,1,3,0.445014,3.61987,1718
2018-04-15 15:00:00,Manchester United,West Bromwich Albion,0,1,0.639748,0.824508,1718
2018-04-15 12:30:00,Newcastle United,Arsenal,2,1,0.888452,1.41538,1718
2018-04-16 19:00:00,West Ham United,Stoke City,1,1,0.807456,1.41085,1718
2018-04-17 18:45:00,Brighton,Tottenham Hotspur,1,1,0.988099,1.36248,1718
2018-04-18 18:45:00,Bournemouth,Manchester United,0,2,1.18301,1.61597,1718
2018-04-19 18:45:00,Burnley,Chelsea,1,2,0.221642,1.7717,1718
2018-04-19 18:45:00,Leicester City,Southampton,0,0,0.515248,0.651171,1718
2018-04-21 14:00:00,Watford,Crystal Palace,0,0,0.59455,0.182325,1718
2018-04-21 00:00:00,West Bromwich Albion,Liverpool,2,2,1.39669,1.6393,1718
2018-04-22 12:30:00,Arsenal,West Ham United,4,1,2.07299,0.623161,1718
2018-04-22 15:30:00,Manchester City,Swansea City,5,0,3.41675,0.297493,1718
2018-04-22 12:30:00,Stoke City,Burnley,1,1,0.356095,1.61309,1718
2018-04-23 19:00:00,Everton,Newcastle United,1,0,0.948534,0.480957,1718
2018-04-28 14:00:00,Burnley,Brighton,0,0,1.54596,0.378409,1718
2018-04-28 14:00:00,Crystal Palace,Leicester City,5,0,2.7876,0.941395,1718
2018-04-28 14:00:00,Huddersfield Town,Everton,0,2,0.56538,0.943754,1718
2018-04-28 11:30:00,Liverpool,Stoke City,0,0,2.11658,0.777827,1718
2018-04-28 14:00:00,Newcastle United,West Bromwich Albion,0,1,1.58397,0.703096,1718
2018-04-28 14:00:00,Southampton,Bournemouth,2,1,1.72584,1.01741,1718
2018-04-28 16:30:00,Swansea City,Chelsea,0,1,0.502964,1.45426,1718
2018-04-29 15:30:00,Manchester United,Arsenal,2,1,1.54667,0.651541,1718
2018-04-29 13:15:00,West Ham United,Manchester City,1,4,0.228917,2.29076,1718
2018-04-30 19:00:00,Tottenham Hotspur,Watford,2,0,1.76757,1.36928,1718
2018-05-04 20:00:00,Brighton,Manchester United,1,0,0.922771,0.652444,1718
2018-05-05 15:00:00,Bournemouth,Swansea City,1,0,1.69618,1.0138,1718
2018-05-05 17:30:00,Everton,Southampton,1,1,0.420891,0.634996,1718
2018-05-05 15:00:00,Leicester City,West Ham United,0,2,0.391738,1.43027,1718
2018-05-05 12:30:00,Stoke City,Crystal Palace,1,2,0.750175,1.31471,1718
2018-05-05 15:00:00,Watford,Newcastle United,2,1,2.81246,0.613901,1718
2018-05-05 15:00:00,West Bromwich Albion,Tottenham Hotspur,1,0,1.21792,0.969481,1718
2018-05-06 16:30:00,Arsenal,Burnley,5,0,2.92408,0.21671,1718
2018-05-06 16:30:00,Chelsea,Liverpool,1,0,0.806168,0.427002,1718
2018-05-06 13:30:00,Manchester City,Huddersfield Town,0,0,0.78641,0.54565,1718
2018-05-08 19:45:00,Swansea City,Southampton,0,1,0.389621,1.48865,1718
2018-05-09 19:45:00,Chelsea,Huddersfield Town,1,1,2.25256,0.631021,1718
2018-05-09 19:45:00,Leicester City,Arsenal,3,1,2.19801,1.54443,1718
2018-05-09 20:00:00,Manchester City,Brighton,3,1,1.64765,1.00939,1718
2018-05-09 20:00:00,Tottenham Hotspur,Newcastle United,1,0,0.835241,0.829699,1718
2018-05-10 19:45:00,West Ham United,Manchester United,0,0,0.783043,0.596075,1718
2018-05-13 15:00:00,Burnley,Bournemouth,1,2,1.16179,1.38551,1718
2018-05-13 15:00:00,Crystal Palace,West Bromwich Albion,2,0,2.36491,0.216004,1718
2018-05-13 15:00:00,Huddersfield Town,Arsenal,0,1,1.31031,2.3322,1718
2018-05-13 15:00:00,Liverpool,Brighton,4,0,3.50981,0.0408165,1718
2018-05-13 15:00:00,Manchester United,Watford,1,0,0.45805,0.654288,1718
2018-05-13 15:00:00,Newcastle United,Chelsea,3,0,2.24197,0.843284,1718
2018-05-13 15:00:00,Southampton,Manchester City,0,1,0.506624,0.765614,1718
2018-05-13 15:00:00,Swansea City,Stoke City,1,2,1.70936,1.75436,1718
2018-05-13 15:00:00,Tottenham Hotspur,Leicester City,5,4,1.83248,1.27359,1718
2018-05-13 15:00:00,West Ham United,Everton,3,1,1.18299,1.67867,1718
2018-08-10 22:00:00,Manchester United,Leicester City,2,1,1.5137,1.73813,1819
2018-08-11 17:00:00,Bournemouth,Cardiff City,2,0,2.60022,1.50693,1819
2018-08-11 17:00:00,Fulham,Crystal Palace,0,2,0.638076,1.07816,1819
2018-08-11 17:00:00,Huddersfield Town,Chelsea,0,3,0.396115,2.31427,1819
2018-08-11 14:30:00,Newcastle United,Tottenham Hotspur,1,2,0.974497,2.58097,1819
2018-08-11 17:00:00,Watford,Brighton,2,0,1.42372,0.45504,1819
2018-08-11 19:30:00,Wolverhampton Wanderers,Everton,2,2,0.891038,0.715382,1819
2018-08-12 18:00:00,Arsenal,Manchester City,0,2,0.445187,2.0178,1819
2018-08-12 15:30:00,Liverpool,West Ham United,4,0,4.34421,0.404253,1819
2018-08-12 15:30:00,Southampton,Burnley,0,0,1.01994,1.40827,1819
2018-08-18 14:30:00,Cardiff City,Newcastle United,0,0,1.15521,1.55405,1819
2018-08-18 19:30:00,Chelsea,Arsenal,3,2,1.71799,2.45798,1819
2018-08-18 17:00:00,Everton,Southampton,2,1,2.02004,1.77471,1819
2018-08-18 17:00:00,Leicester City,Wolverhampton Wanderers,2,0,0.222843,1.09349,1819
2018-08-18 17:00:00,Tottenham Hotspur,Fulham,3,1,3.26713,1.44253,1819
2018-08-18 17:00:00,West Ham United,Bournemouth,1,2,1.10275,1.69077,1819
2018-08-19 18:00:00,Brighton,Manchester United,3,2,1.63672,1.56579,1819
2018-08-19 15:30:00,Burnley,Watford,1,3,0.392642,1.9171,1819
2018-08-19 15:30:00,Manchester City,Huddersfield Town,6,1,4.60356,0.663731,1819
2018-08-20 22:00:00,Crystal Palace,Liverpool,0,2,0.368608,2.82183,1819
2018-08-25 17:00:00,Arsenal,West Ham United,3,1,1.7852,1.17924,1819
2018-08-25 17:00:00,Bournemouth,Everton,2,2,2.5887,0.543665,1819
2018-08-25 17:00:00,Huddersfield Town,Cardiff City,0,0,0.203453,1.06351,1819
2018-08-25 19:30:00,Liverpool,Brighton,1,0,1.81412,0.535616,1819
2018-08-25 17:00:00,Southampton,Leicester City,1,2,0.542494,0.517935,1819
2018-08-25 14:30:00,Wolverhampton Wanderers,Manchester City,1,1,1.26376,1.84293,1819
2018-08-26 17:00:00,Fulham,Burnley,4,2,1.92459,1.56882,1819
2018-08-26 18:00:00,Newcastle United,Chelsea,1,2,0.209337,1.49669,1819
2018-08-26 15:30:00,Watford,Crystal Palace,2,1,1.14596,1.21905,1819
2018-08-27 22:00:00,Manchester United,Tottenham Hotspur,0,3,1.40321,1.80811,1819
2018-09-01 14:00:00,Brighton,Fulham,2,2,2.68216,1.51555,1819
2018-09-01 14:00:00,Chelsea,Bournemouth,2,0,1.16408,0.950959,1819
2018-09-01 14:00:00,Crystal Palace,Southampton,0,2,2.35193,3.13612,1819
2018-09-01 14:00:00,Everton,Huddersfield Town,1,1,0.616013,0.660035,1819
2018-09-01 11:30:00,Leicester City,Liverpool,1,2,0.981217,1.22722,1819
2018-09-01 16:30:00,Manchester City,Newcastle United,2,1,2.46904,0.554763,1819
2018-09-01 14:00:00,West Ham United,Wolverhampton Wanderers,0,1,0.888887,1.22301,1819
2018-09-02 15:00:00,Burnley,Manchester United,0,2,1.09923,2.90359,1819
2018-09-02 12:30:00,Cardiff City,Arsenal,2,3,0.77426,1.41005,1819
2018-09-02 15:00:00,Watford,Tottenham Hotspur,2,1,0.454309,0.582521,1819
2018-09-15 14:00:00,Bournemouth,Leicester City,4,2,2.22726,1.82502,1819
2018-09-15 14:00:00,Chelsea,Cardiff City,4,1,2.67145,0.8276,1819
2018-09-15 14:00:00,Huddersfield Town,Crystal Palace,0,1,0.87744,0.746631,1819
2018-09-15 14:00:00,Manchester City,Fulham,3,0,4.91621,0.342698,1819
2018-09-15 14:00:00,Newcastle United,Arsenal,1,2,0.412121,0.90461,1819
2018-09-15 11:30:00,Tottenham Hotspur,Liverpool,1,2,0.788168,3.01015,1819
2018-09-15 16:30:00,Watford,Manchester United,1,2,1.17523,1.64902,1819
2018-09-16 15:00:00,Everton,West Ham United,1,3,1.26774,1.52437,1819
2018-09-16 12:30:00,Wolverhampton Wanderers,Burnley,1,0,3.3916,0.208994,1819
2018-09-17 19:00:00,Southampton,Brighton,2,2,2.19521,1.97094,1819
2018-09-22 16:30:00,Brighton,Tottenham Hotspur,1,2,0.817174,2.11655,1819
2018-09-22 14:00:00,Burnley,Bournemouth,4,0,2.29417,0.976413,1819
2018-09-22 14:00:00,Cardiff City,Manchester City,0,5,0.0980726,3.08415,1819
2018-09-22 14:00:00,Crystal Palace,Newcastle United,0,0,0.930793,0.229309,1819
2018-09-22 11:30:00,Fulham,Watford,1,1,1.77245,1.76133,1819
2018-09-22 14:00:00,Leicester City,Huddersfield Town,3,1,1.80404,0.688176,1819
2018-09-22 14:00:00,Liverpool,Southampton,3,0,1.77893,0.310467,1819
2018-09-22 14:00:00,Manchester United,Wolverhampton Wanderers,1,1,0.62283,1.1185,1819
2018-09-23 15:00:00,Arsenal,Everton,2,0,0.930544,1.06523,1819
2018-09-23 12:30:00,West Ham United,Chelsea,0,0,1.0177,1.88344,1819
2018-09-29 14:00:00,Arsenal,Watford,2,0,1.57061,2.62141,1819
2018-09-29 16:30:00,Chelsea,Liverpool,1,1,1.77638,1.74071,1819
2018-09-29 14:00:00,Everton,Fulham,3,0,2.31538,0.536317,1819
2018-09-29 14:00:00,Huddersfield Town,Tottenham Hotspur,0,2,0.339245,2.33733,1819
2018-09-29 14:00:00,Manchester City,Brighton,2,0,2.90697,0.23023,1819
2018-09-29 14:00:00,Newcastle United,Leicester City,0,2,0.397301,1.34341,1819
2018-09-29 11:30:00,West Ham United,Manchester United,3,1,1.3029,0.865739,1819
2018-09-29 14:00:00,Wolverhampton Wanderers,Southampton,2,0,1.42507,0.679627,1819
2018-09-30 15:00:00,Cardiff City,Burnley,1,2,1.56707,0.111527,1819
2018-10-01 19:00:00,Bournemouth,Crystal Palace,2,1,1.97143,0.385841,1819
2018-10-05 19:00:00,Brighton,West Ham United,1,0,1.02566,1.43652,1819
2018-10-06 14:00:00,Burnley,Huddersfield Town,1,1,0.353128,1.02549,1819
2018-10-06 14:00:00,Crystal Palace,Wolverhampton Wanderers,0,1,1.03714,0.755654,1819
2018-10-06 14:00:00,Leicester City,Everton,1,2,1.10472,1.14952,1819
2018-10-06 16:30:00,Manchester United,Newcastle United,3,2,2.40631,1.55962,1819
2018-10-06 14:00:00,Tottenham Hotspur,Cardiff City,1,0,2.6517,1.13843,1819
2018-10-06 14:00:00,Watford,Bournemouth,0,4,1.06613,3.28471,1819
2018-10-07 11:00:00,Fulham,Arsenal,1,5,1.31588,1.13706,1819
2018-10-07 15:30:00,Liverpool,Manchester City,0,0,0.433994,1.07481,1819
2018-10-07 13:15:00,Southampton,Chelsea,0,3,1.487,3.54699,1819
2018-10-20 14:00:00,Bournemouth,Southampton,0,0,0.840403,0.589633,1819
2018-10-20 14:00:00,Cardiff City,Fulham,4,2,1.7562,0.947712,1819
2018-10-20 11:30:00,Chelsea,Manchester United,2,2,2.21163,1.11454,1819
2018-10-20 16:30:00,Huddersfield Town,Liverpool,0,1,0.638341,0.663819,1819
2018-10-20 14:00:00,Manchester City,Burnley,5,0,4.48577,0.370236,1819
2018-10-20 14:00:00,Newcastle United,Brighton,0,1,1.71169,0.675798,1819
2018-10-20 14:00:00,West Ham United,Tottenham Hotspur,0,1,0.544268,1.11777,1819
2018-10-20 14:00:00,Wolverhampton Wanderers,Watford,0,2,0.47391,1.0684,1819
2018-10-21 15:00:00,Everton,Crystal Palace,2,0,1.92794,1.50174,1819
2018-10-22 19:00:00,Arsenal,Leicester City,3,1,2.91637,0.932491,1819
2018-10-27 14:00:00,Brighton,Wolverhampton Wanderers,1,0,1.01337,1.38027,1819
2018-10-27 14:00:00,Fulham,Bournemouth,0,3,0.383833,2.10555,1819
2018-10-27 16:30:00,Leicester City,West Ham United,1,1,1.95344,1.56009,1819
2018-10-27 14:00:00,Liverpool,Cardiff City,4,1,2.30176,0.643117,1819
2018-10-27 14:00:00,Southampton,Newcastle United,0,0,1.19216,0.297646,1819
2018-10-27 14:00:00,Watford,Huddersfield Town,3,0,2.29622,0.479655,1819
2018-10-28 12:30:00,Burnley,Chelsea,0,4,0.269828,3.01621,1819
2018-10-28 12:30:00,Crystal Palace,Arsenal,2,2,2.38115,0.845197,1819
2018-10-28 15:00:00,Manchester United,Everton,2,1,2.51393,1.67348,1819
2018-10-29 19:00:00,Tottenham Hotspur,Manchester City,0,1,0.442436,1.93588,1819
2018-11-03 17:30:00,Arsenal,Liverpool,1,1,1.62321,1.19558,1819
2018-11-03 12:30:00,Bournemouth,Manchester United,1,2,1.928,3.29249,1819
2018-11-03 15:00:00,Cardiff City,Leicester City,0,1,0.922262,2.18288,1819
2018-11-03 15:00:00,Everton,Brighton,3,1,2.59305,0.676348,1819
2018-11-03 15:00:00,Newcastle United,Watford,1,0,0.691575,2.5452,1819
2018-11-03 15:00:00,West Ham United,Burnley,4,2,2.55739,0.882514,1819
2018-11-03 19:45:00,Wolverhampton Wanderers,Tottenham Hotspur,2,3,2.40643,1.63123,1819
2018-11-04 16:00:00,Chelsea,Crystal Palace,3,1,1.88741,0.454547,1819
2018-11-04 15:00:00,Manchester City,Southampton,6,1,2.76272,1.81466,1819
2018-11-05 20:00:00,Huddersfield Town,Fulham,1,0,0.51433,0.354166,1819
2018-11-10 12:30:00,Cardiff City,Brighton,2,1,1.94297,0.767044,1819
2018-11-10 17:30:00,Crystal Palace,Tottenham Hotspur,0,1,0.688016,1.55381,1819
2018-11-10 15:00:00,Huddersfield Town,West Ham United,1,1,1.17524,1.44113,1819
2018-11-10 15:00:00,Leicester City,Burnley,0,0,1.5091,0.368393,1819
2018-11-10 15:00:00,Newcastle United,Bournemouth,2,1,2.57545,1.91687,1819
2018-11-10 15:00:00,Southampton,Watford,1,1,1.20211,1.07573,1819
2018-11-11 16:30:00,Arsenal,Wolverhampton Wanderers,1,1,0.965843,1.86549,1819
2018-11-11 14:15:00,Chelsea,Everton,0,0,1.16298,0.198027,1819
2018-11-11 12:00:00,Liverpool,Fulham,2,0,2.22417,0.571301,1819
2018-11-11 16:30:00,Manchester City,Manchester United,3,1,2.02764,0.97089,1819
2018-11-24 15:00:00,Brighton,Leicester City,1,1,0.862315,1.12521,1819
2018-11-24 15:00:00,Everton,Cardiff City,1,0,2.48066,0.879108,1819
2018-11-24 15:00:00,Fulham,Southampton,3,2,1.3875,1.67163,1819
2018-11-24 15:00:00,Manchester United,Crystal Palace,0,0,1.34245,1.05292,1819
2018-11-24 17:30:00,Tottenham Hotspur,Chelsea,3,1,3.34649,0.962804,1819
2018-11-24 15:00:00,Watford,Liverpool,0,3,0.673382,1.45314,1819
2018-11-24 15:00:00,West Ham United,Manchester City,0,4,0.829504,2.95852,1819
2018-11-25 13:30:00,Bournemouth,Arsenal,1,2,0.650884,1.71044,1819
2018-11-25 16:00:00,Wolverhampton Wanderers,Huddersfield Town,0,2,0.701036,0.627281,1819
2018-11-26 20:00:00,Burnley,Newcastle United,1,2,1.49487,1.67701,1819
2018-11-30 20:00:00,Cardiff City,Wolverhampton Wanderers,2,1,1.09264,0.987623,1819
2018-12-01 15:00:00,Crystal Palace,Burnley,2,0,2.03785,0.302477,1819
2018-12-01 15:00:00,Huddersfield Town,Brighton,1,2,0.558083,1.67998,1819
2018-12-01 15:00:00,Leicester City,Watford,2,0,1.41758,1.19923,1819
2018-12-01 15:00:00,Manchester City,Bournemouth,3,1,2.83557,0.715009,1819
2018-12-01 15:00:00,Newcastle United,West Ham United,0,3,1.12583,2.62697,1819
2018-12-01 17:30:00,Southampton,Manchester United,2,2,0.623954,0.904803,1819
2018-12-02 14:05:00,Arsenal,Tottenham Hotspur,4,2,2.71421,1.0926,1819
2018-12-02 12:00:00,Chelsea,Fulham,2,0,2.17105,0.285256,1819
2018-12-02 16:15:00,Liverpool,Everton,1,0,3.07574,1.23014,1819
2018-12-04 19:45:00,Bournemouth,Huddersfield Town,2,1,1.07393,1.5631,1819
2018-12-04 19:45:00,Brighton,Crystal Palace,3,1,1.2521,1.5329,1819
2018-12-04 20:00:00,Watford,Manchester City,1,2,1.672,2.51933,1819
2018-12-04 19:45:00,West Ham United,Cardiff City,3,1,1.57488,1.93448,1819
2018-12-05 19:45:00,Burnley,Liverpool,1,3,1.05809,2.73897,1819
2018-12-05 19:45:00,Everton,Newcastle United,1,1,2.10943,1.52214,1819
2018-12-05 19:45:00,Fulham,Leicester City,1,1,1.47593,1.21575,1819
2018-12-05 20:00:00,Manchester United,Arsenal,2,2,1.33679,1.73226,1819
2018-12-05 20:00:00,Tottenham Hotspur,Southampton,3,1,1.73642,1.82434,1819
2018-12-05 19:45:00,Wolverhampton Wanderers,Chelsea,2,1,0.682893,1.10702,1819
2018-12-08 15:00:00,Arsenal,Huddersfield Town,1,0,2.02156,0.308361,1819
2018-12-08 12:30:00,Bournemouth,Liverpool,0,4,0.279142,1.80619,1819
2018-12-08 15:00:00,Burnley,Brighton,1,0,1.81251,0.951507,1819
2018-12-08 15:00:00,Cardiff City,Southampton,1,0,1.55832,0.501128,1819
2018-12-08 17:30:00,Chelsea,Manchester City,2,0,0.526329,0.740048,1819
2018-12-08 19:45:00,Leicester City,Tottenham Hotspur,0,2,0.357742,0.917968,1819
2018-12-08 15:00:00,Manchester United,Fulham,4,1,3.15444,1.23251,1819
2018-12-08 15:00:00,West Ham United,Crystal Palace,3,2,1.53635,0.934613,1819
2018-12-09 16:00:00,Newcastle United,Wolverhampton Wanderers,1,2,0.4601,1.57799,1819
2018-12-10 20:00:00,Everton,Watford,2,2,1.72686,1.63043,1819
2018-12-15 15:00:00,Crystal Palace,Leicester City,1,0,0.39698,0.895305,1819
2018-12-15 17:30:00,Fulham,West Ham United,0,2,1.03424,0.75325,1819
2018-12-15 15:00:00,Huddersfield Town,Newcastle United,0,1,0.671382,0.931041,1819
2018-12-15 12:30:00,Manchester City,Everton,3,1,1.79848,1.6235,1819
2018-12-15 15:00:00,Tottenham Hotspur,Burnley,1,0,1.74625,0.451196,1819
2018-12-15 15:00:00,Watford,Cardiff City,3,2,1.64998,0.485768,1819
2018-12-15 15:00:00,Wolverhampton Wanderers,Bournemouth,2,0,2.02223,0.52685,1819
2018-12-16 13:30:00,Brighton,Chelsea,1,2,0.26126,1.6111,1819
2018-12-16 16:00:00,Liverpool,Manchester United,3,1,2.60435,0.658049,1819
2018-12-16 13:30:00,Southampton,Arsenal,3,2,1.21163,1.85763,1819
2018-12-21 20:00:00,Wolverhampton Wanderers,Liverpool,0,2,0.763821,2.16356,1819
2018-12-22 12:30:00,Arsenal,Burnley,3,1,1.4656,1.03237,1819
2018-12-22 15:00:00,Bournemouth,Brighton,2,0,0.892502,0.825478,1819
2018-12-22 17:30:00,Cardiff City,Manchester United,1,5,1.27173,2.72523,1819
2018-12-22 15:00:00,Chelsea,Leicester City,0,1,2.40458,0.456492,1819
2018-12-22 15:00:00,Huddersfield Town,Southampton,1,3,1.0038,2.60172,1819
2018-12-22 15:00:00,Manchester City,Crystal Palace,2,3,1.27118,1.14609,1819
2018-12-22 15:00:00,Newcastle United,Fulham,0,0,0.289508,0.245408,1819
2018-12-22 15:00:00,West Ham United,Watford,0,2,2.06507,2.32983,1819
2018-12-23 16:00:00,Everton,Tottenham Hotspur,2,6,1.00121,2.55514,1819
2018-12-26 17:15:00,Brighton,Arsenal,1,1,1.38502,0.789138,1819
2018-12-26 15:00:00,Burnley,Everton,1,5,1.88646,1.8875,1819
2018-12-26 15:00:00,Crystal Palace,Cardiff City,0,0,2.43202,1.05926,1819
2018-12-26 12:30:00,Fulham,Wolverhampton Wanderers,1,1,1.2769,1.35896,1819
2018-12-26 15:00:00,Leicester City,Manchester City,2,1,1.55714,1.34781,1819
2018-12-26 15:00:00,Liverpool,Newcastle United,4,0,3.24988,0.456309,1819
2018-12-26 15:00:00,Manchester United,Huddersfield Town,3,1,1.79848,1.40594,1819
2018-12-26 15:00:00,Tottenham Hotspur,Bournemouth,5,0,2.23457,1.21736,1819
2018-12-26 19:30:00,Watford,Chelsea,1,2,1.24414,2.1956,1819
2018-12-27 19:45:00,Southampton,West Ham United,1,2,1.28665,1.26973,1819
2018-12-29 15:00:00,Brighton,Everton,1,0,1.60311,0.655851,1819
2018-12-29 15:00:00,Fulham,Huddersfield Town,1,0,1.72386,0.276791,1819
2018-12-29 15:00:00,Leicester City,Cardiff City,0,1,1.51648,0.493212,1819
2018-12-29 17:30:00,Liverpool,Arsenal,5,1,3.7053,1.08186,1819
2018-12-29 15:00:00,Tottenham Hotspur,Wolverhampton Wanderers,1,3,0.277704,1.20867,1819
2018-12-29 15:00:00,Watford,Newcastle United,1,1,1.05566,0.661713,1819
2018-12-30 14:15:00,Burnley,West Ham United,2,0,2.89884,0.656044,1819
2018-12-30 12:00:00,Crystal Palace,Chelsea,0,1,0.199002,0.741471,1819
2018-12-30 16:30:00,Manchester United,Bournemouth,4,1,3.41874,0.705549,1819
2018-12-30 14:15:00,Southampton,Manchester City,1,3,0.221381,2.96802,1819
2019-01-01 15:00:00,Arsenal,Fulham,4,1,4.43325,1.71312,1819
2019-01-01 17:30:00,Cardiff City,Tottenham Hotspur,0,3,1.0789,1.38282,1819
2019-01-01 12:30:00,Everton,Leicester City,0,1,0.871304,0.644144,1819
2019-01-02 19:45:00,Bournemouth,Watford,3,3,2.84828,0.977046,1819
2019-01-02 19:45:00,Chelsea,Southampton,0,0,0.850791,0.158168,1819
2019-01-02 19:45:00,Huddersfield Town,Burnley,1,2,0.621818,2.66309,1819
2019-01-02 20:00:00,Newcastle United,Manchester United,0,2,0.691878,2.6754,1819
2019-01-02 19:45:00,West Ham United,Brighton,2,2,0.639356,0.686806,1819
2019-01-02 19:45:00,Wolverhampton Wanderers,Crystal Palace,0,2,0.656255,1.94658,1819
2019-01-03 20:00:00,Manchester City,Liverpool,2,1,1.00357,1.3801,1819
2019-01-12 15:00:00,Brighton,Liverpool,0,1,0.384198,2.2665,1819
2019-01-12 15:00:00,Burnley,Fulham,2,1,0.809801,0.903255,1819
2019-01-12 15:00:00,Cardiff City,Huddersfield Town,0,0,0.124558,0.39468,1819
2019-01-12 17:30:00,Chelsea,Newcastle United,2,1,1.32355,0.395148,1819
2019-01-12 15:00:00,Crystal Palace,Watford,1,2,1.1617,1.56262,1819
2019-01-12 15:00:00,Leicester City,Southampton,1,2,1.75983,1.41659,1819
2019-01-12 12:30:00,West Ham United,Arsenal,1,0,0.669394,0.685895,1819
2019-01-13 14:15:00,Everton,Bournemouth,2,0,1.7814,1.52828,1819
2019-01-13 16:30:00,Tottenham Hotspur,Manchester United,0,1,1.80359,0.957777,1819
2019-01-14 20:00:00,Manchester City,Wolverhampton Wanderers,3,0,3.11947,0.0985446,1819
2019-01-19 17:30:00,Arsenal,Chelsea,2,0,2.09412,0.755304,1819
2019-01-19 15:00:00,Bournemouth,West Ham United,2,0,1.24835,0.971813,1819
2019-01-19 15:00:00,Liverpool,Crystal Palace,4,3,2.8299,0.695213,1819
2019-01-19 15:00:00,Manchester United,Brighton,2,1,2.64005,0.635111,1819
2019-01-19 15:00:00,Newcastle United,Cardiff City,3,0,2.518,0.255727,1819
2019-01-19 15:00:00,Southampton,Everton,2,1,1.06009,1.31169,1819
2019-01-19 15:00:00,Watford,Burnley,0,0,1.06981,1.97256,1819
2019-01-19 12:30:00,Wolverhampton Wanderers,Leicester City,4,3,2.21719,1.33831,1819
2019-01-20 16:00:00,Fulham,Tottenham Hotspur,1,2,0.937902,1.93316,1819
2019-01-20 13:30:00,Huddersfield Town,Manchester City,0,3,0.764264,2.01376,1819
2019-01-29 19:45:00,Arsenal,Cardiff City,2,1,2.69339,0.597893,1819
2019-01-29 19:45:00,Fulham,Brighton,4,2,3.46113,2.36867,1819
2019-01-29 19:45:00,Huddersfield Town,Everton,0,1,0.73078,1.05995,1819
2019-01-29 20:00:00,Manchester United,Burnley,2,2,3.23417,0.934603,1819
2019-01-29 20:00:00,Newcastle United,Manchester City,2,1,0.992326,1.33896,1819
2019-01-29 19:45:00,Wolverhampton Wanderers,West Ham United,3,0,2.0363,0.130179,1819
2019-01-30 19:45:00,Bournemouth,Chelsea,4,0,2.15094,0.718873,1819
2019-01-30 20:00:00,Liverpool,Leicester City,1,1,0.576336,1.1272,1819
2019-01-30 19:45:00,Southampton,Crystal Palace,1,1,1.33257,1.53294,1819
2019-01-30 20:00:00,Tottenham Hotspur,Watford,2,1,1.36248,0.479838,1819
2019-02-02 15:00:00,Brighton,Watford,0,0,1.83528,0.279297,1819
2019-02-02 15:00:00,Burnley,Southampton,1,1,2.00175,0.787747,1819
2019-02-02 17:30:00,Cardiff City,Bournemouth,2,0,2.53093,0.35199,1819
2019-02-02 15:00:00,Chelsea,Huddersfield Town,5,0,2.94236,0.260391,1819
2019-02-02 15:00:00,Crystal Palace,Fulham,2,0,2.19582,0.560836,1819
2019-02-02 15:00:00,Everton,Wolverhampton Wanderers,1,3,1.36252,1.85729,1819
2019-02-02 12:30:00,Tottenham Hotspur,Newcastle United,1,0,3.10409,0.400152,1819
2019-02-03 14:05:00,Leicester City,Manchester United,0,1,1.40067,1.49717,1819
2019-02-03 16:30:00,Manchester City,Arsenal,3,1,3.03102,0.703542,1819
2019-02-04 20:00:00,West Ham United,Liverpool,1,1,0.791319,1.12475,1819
2019-02-06 19:45:00,Everton,Manchester City,0,2,0.111559,2.60922,1819
2019-02-09 17:30:00,Brighton,Burnley,1,3,1.31614,1.83041,1819
2019-02-09 15:00:00,Crystal Palace,West Ham United,1,1,2.68412,1.74711,1819
2019-02-09 12:30:00,Fulham,Manchester United,0,3,2.18741,2.13209,1819
2019-02-09 15:00:00,Huddersfield Town,Arsenal,1,2,1.96816,1.46751,1819
2019-02-09 15:00:00,Liverpool,Bournemouth,3,0,2.53003,0.390995,1819
2019-02-09 15:00:00,Southampton,Cardiff City,1,2,1.70666,0.980673,1819
2019-02-09 15:00:00,Watford,Everton,1,0,1.53311,0.641094,1819
2019-02-10 16:00:00,Manchester City,Chelsea,6,0,4.04218,0.901867,1819
2019-02-10 13:30:00,Tottenham Hotspur,Leicester City,3,1,1.21144,3.02164,1819
2019-02-11 20:00:00,Wolverhampton Wanderers,Newcastle United,1,1,2.30998,0.435263,1819
2019-02-22 19:45:00,Cardiff City,Watford,1,5,1.90045,2.75798,1819
2019-02-22 19:45:00,West Ham United,Fulham,3,1,2.72871,1.23555,1819
2019-02-23 15:00:00,Bournemouth,Wolverhampton Wanderers,1,1,2.13291,1.20286,1819
2019-02-23 12:30:00,Burnley,Tottenham Hotspur,2,1,1.08514,0.845211,1819
2019-02-23 17:30:00,Leicester City,Crystal Palace,1,4,0.946697,1.57739,1819
2019-02-23 15:00:00,Newcastle United,Huddersfield Town,2,0,3.03313,0.133934,1819
2019-02-24 14:05:00,Arsenal,Southampton,2,0,2.35088,0.613167,1819
2019-02-24 14:05:00,Manchester United,Liverpool,0,0,0.474869,0.380519,1819
2019-02-26 19:45:00,Cardiff City,Everton,0,3,0.219359,1.14212,1819
2019-02-26 19:45:00,Huddersfield Town,Wolverhampton Wanderers,1,0,1.46224,0.573166,1819
2019-02-26 19:45:00,Leicester City,Brighton,2,1,1.92171,1.20566,1819
2019-02-26 20:00:00,Newcastle United,Burnley,2,0,1.70312,1.74201,1819
2019-02-27 19:45:00,Arsenal,Bournemouth,5,1,3.18716,0.88618,1819
2019-02-27 20:00:00,Chelsea,Tottenham Hotspur,2,0,0.625978,0.722229,1819
2019-02-27 20:00:00,Crystal Palace,Manchester United,1,3,1.69334,1.54089,1819
2019-02-27 20:00:00,Liverpool,Watford,5,0,2.74266,0.630423,1819
2019-02-27 20:00:00,Manchester City,West Ham United,1,0,3.67741,0.400125,1819
2019-02-27 19:45:00,Southampton,Fulham,2,0,1.15823,0.798715,1819
2019-03-02 15:00:00,Bournemouth,Manchester City,0,1,0.0,1.59515,1819
2019-03-02 15:00:00,Brighton,Huddersfield Town,1,0,1.39896,0.2014,1819
2019-03-02 15:00:00,Burnley,Crystal Palace,1,3,1.90872,0.706284,1819
2019-03-02 15:00:00,Manchester United,Southampton,3,2,2.54216,0.578485,1819
2019-03-02 12:30:00,Tottenham Hotspur,Arsenal,1,1,1.76818,3.45713,1819
2019-03-02 17:30:00,West Ham United,Newcastle United,2,0,1.88895,1.18549,1819
2019-03-02 15:00:00,Wolverhampton Wanderers,Cardiff City,2,0,3.2075,0.702261,1819
2019-03-03 16:15:00,Everton,Liverpool,0,0,0.241879,0.811272,1819
2019-03-03 14:05:00,Fulham,Chelsea,1,2,0.898469,1.53632,1819
2019-03-03 12:00:00,Watford,Leicester City,2,1,1.36515,0.794683,1819
2019-03-09 15:00:00,Cardiff City,West Ham United,2,0,3.49275,0.295869,1819
2019-03-09 12:30:00,Crystal Palace,Brighton,1,2,1.44291,0.129312,1819
2019-03-09 15:00:00,Huddersfield Town,Bournemouth,0,2,0.339087,2.16389,1819
2019-03-09 15:00:00,Leicester City,Fulham,3,1,2.13494,0.15103,1819
2019-03-09 17:30:00,Manchester City,Watford,3,1,3.75714,0.407168,1819
2019-03-09 15:00:00,Newcastle United,Everton,3,2,2.37896,1.15114,1819
2019-03-09 15:00:00,Southampton,Tottenham Hotspur,2,1,2.07772,1.26876,1819
2019-03-10 16:30:00,Arsenal,Manchester United,2,0,1.52723,2.3703,1819
2019-03-10 14:05:00,Chelsea,Wolverhampton Wanderers,1,1,1.0471,0.609079,1819
2019-03-10 12:00:00,Liverpool,Burnley,4,2,4.12341,0.471571,1819
2019-03-16 15:00:00,Bournemouth,Newcastle United,2,2,1.61666,1.02847,1819
2019-03-16 15:00:00,Burnley,Leicester City,1,2,1.17008,0.608954,1819
2019-03-16 15:00:00,West Ham United,Huddersfield Town,4,3,1.88114,1.66909,1819
2019-03-17 16:30:00,Everton,Chelsea,2,0,2.24031,1.24394,1819
2019-03-17 14:15:00,Fulham,Liverpool,1,2,0.915765,2.73437,1819
2019-03-30 15:00:00,Brighton,Southampton,0,1,0.560521,0.857436,1819
2019-03-30 15:00:00,Burnley,Wolverhampton Wanderers,2,0,0.572695,0.397928,1819
2019-03-30 15:00:00,Crystal Palace,Huddersfield Town,2,0,2.84701,0.926991,1819
2019-03-30 12:30:00,Fulham,Manchester City,0,2,0.661491,2.31513,1819
2019-03-30 15:00:00,Leicester City,Bournemouth,2,0,1.8935,0.790333,1819
2019-03-30 15:00:00,Manchester United,Watford,2,1,1.98052,1.35208,1819
2019-03-30 17:30:00,West Ham United,Everton,0,2,0.0891639,2.65983,1819
2019-03-31 13:05:00,Cardiff City,Chelsea,1,2,0.446122,2.07834,1819
2019-03-31 15:30:00,Liverpool,Tottenham Hotspur,2,1,1.0931,1.04822,1819
2019-04-01 20:00:00,Arsenal,Newcastle United,2,0,1.04458,0.0441445,1819
2019-04-02 19:45:00,Watford,Fulham,4,1,1.59338,1.90917,1819
2019-04-02 19:45:00,Wolverhampton Wanderers,Manchester United,2,1,1.65044,2.03847,1819
2019-04-03 19:45:00,Chelsea,Brighton,3,0,3.12416,0.440898,1819
2019-04-03 19:45:00,Manchester City,Cardiff City,2,0,3.53913,0.135788,1819
2019-04-03 19:45:00,Tottenham Hotspur,Crystal Palace,2,0,2.57376,0.564317,1819
2019-04-05 20:00:00,Southampton,Liverpool,1,3,0.718394,2.00654,1819
2019-04-06 15:00:00,Bournemouth,Burnley,1,3,1.20888,1.38919,1819
2019-04-06 15:00:00,Huddersfield Town,Leicester City,1,4,1.62301,3.61876,1819
2019-04-06 15:00:00,Newcastle United,Crystal Palace,0,1,0.943175,0.907988,1819
2019-04-07 14:05:00,Everton,Arsenal,1,0,2.69396,0.201885,1819
2019-04-08 20:00:00,Chelsea,West Ham United,2,0,2.23287,0.471195,1819
2019-04-12 20:00:00,Leicester City,Newcastle United,0,1,0.877377,0.945804,1819
2019-04-13 15:00:00,Brighton,Bournemouth,0,5,0.206731,2.76885,1819
2019-04-13 15:00:00,Burnley,Cardiff City,2,0,2.84358,0.872224,1819
2019-04-13 15:00:00,Fulham,Everton,2,0,1.66303,1.29107,1819
2019-04-13 17:30:00,Manchester United,West Ham United,2,1,2.65125,1.42817,1819
2019-04-13 15:00:00,Southampton,Wolverhampton Wanderers,3,1,3.80842,0.642825,1819
2019-04-13 12:30:00,Tottenham Hotspur,Huddersfield Town,4,0,2.78596,0.983527,1819
2019-04-14 14:05:00,Crystal Palace,Manchester City,1,3,0.318169,2.86236,1819
2019-04-14 16:30:00,Liverpool,Chelsea,2,0,1.30839,0.873177,1819
2019-04-15 20:00:00,Watford,Arsenal,0,1,1.12595,2.2668,1819
2019-04-16 19:45:00,Brighton,Cardiff City,0,2,0.588539,0.819472,1819
2019-04-20 15:00:00,Bournemouth,Fulham,0,1,2.83739,2.61689,1819
2019-04-20 15:00:00,Huddersfield Town,Watford,1,2,1.09072,1.08462,1819
2019-04-20 12:30:00,Manchester City,Tottenham Hotspur,1,0,2.06185,1.19894,1819
2019-04-20 17:30:00,Newcastle United,Southampton,3,1,1.23033,1.27102,1819
2019-04-20 15:00:00,West Ham United,Leicester City,2,2,1.36558,0.8065,1819
2019-04-20 15:00:00,Wolverhampton Wanderers,Brighton,0,0,2.60447,0.115051,1819
2019-04-21 16:00:00,Arsenal,Crystal Palace,2,3,1.54245,2.56216,1819
2019-04-21 16:00:00,Cardiff City,Liverpool,0,2,1.1187,2.42404,1819
2019-04-21 13:30:00,Everton,Manchester United,4,0,1.5204,0.305982,1819
2019-04-22 20:00:00,Chelsea,Burnley,2,2,1.28197,0.788788,1819
2019-04-23 19:45:00,Tottenham Hotspur,Brighton,1,0,1.0032,0.143138,1819
2019-04-23 19:45:00,Watford,Southampton,1,1,1.27253,2.11999,1819
2019-04-24 20:00:00,Manchester United,Manchester City,0,2,0.514509,0.530481,1819
2019-04-24 19:45:00,Wolverhampton Wanderers,Arsenal,3,1,0.982018,0.939754,1819
2019-04-26 20:00:00,Liverpool,Huddersfield Town,5,0,3.58922,0.1624,1819
2019-04-27 17:30:00,Brighton,Newcastle United,1,1,1.20482,0.43797,1819
2019-04-27 15:00:00,Crystal Palace,Everton,0,0,0.261344,1.15217,1819
2019-04-27 15:00:00,Fulham,Cardiff City,1,0,0.519072,1.11322,1819
2019-04-27 15:00:00,Southampton,Bournemouth,3,3,2.73537,2.62214,1819
2019-04-27 12:30:00,Tottenham Hotspur,West Ham United,0,1,1.35378,0.991558,1819
2019-04-27 15:00:00,Watford,Wolverhampton Wanderers,1,2,0.896093,2.44357,1819
2019-04-28 14:05:00,Burnley,Manchester City,0,1,0.0899809,2.34878,1819
2019-04-28 12:00:00,Leicester City,Arsenal,3,0,3.6797,0.600697,1819
2019-04-28 16:30:00,Manchester United,Chelsea,1,1,1.12483,1.6298,1819
2019-05-03 19:00:00,Everton,Burnley,2,0,1.76461,0.473292,1819
2019-05-04 11:30:00,Bournemouth,Tottenham Hotspur,1,0,2.22622,0.713362,1819
2019-05-04 16:30:00,Cardiff City,Crystal Palace,2,3,1.4996,1.80991,1819
2019-05-04 18:45:00,Newcastle United,Liverpool,2,3,1.29707,1.48081,1819
2019-05-04 14:00:00,West Ham United,Southampton,3,0,1.99866,0.443686,1819
2019-05-04 14:00:00,Wolverhampton Wanderers,Fulham,1,0,2.09397,0.512477,1819
2019-05-05 15:30:00,Arsenal,Brighton,1,1,2.36178,1.90585,1819
2019-05-05 13:00:00,Chelsea,Watford,3,0,2.96478,1.2712,1819
2019-05-05 13:00:00,Huddersfield Town,Manchester United,1,1,0.73663,1.88049,1819
2019-05-06 19:00:00,Manchester City,Leicester City,1,0,1.08617,0.537307,1819
2019-05-12 14:00:00,Brighton,Manchester City,1,4,0.595313,2.22234,1819
2019-05-12 14:00:00,Burnley,Arsenal,1,3,1.72939,2.87276,1819
2019-05-12 14:00:00,Crystal Palace,Bournemouth,5,3,2.85899,1.8981,1819
2019-05-12 14:00:00,Fulham,Newcastle United,0,4,0.569845,1.95921,1819
2019-05-12 14:00:00,Leicester City,Chelsea,0,0,0.345306,1.26735,1819
2019-05-12 14:00:00,Liverpool,Wolverhampton Wanderers,2,0,1.70197,0.883861,1819
2019-05-12 14:00:00,Manchester United,Cardiff City,0,2,1.89555,1.71095,1819
2019-05-12 14:00:00,Southampton,Huddersfield Town,1,1,0.941018,0.857152,1819
2019-05-12 14:00:00,Tottenham Hotspur,Everton,2,2,0.882608,2.06851,1819
2019-05-12 14:00:00,Watford,West Ham United,1,4,2.06986,3.20094,1819
2019-08-09 20:00:00,Liverpool,Norwich City,4,1,2.23456,0.842407,1920
2019-08-10 15:00:00,Bournemouth,Sheffield United,1,1,1.34099,1.59864,1920
2019-08-10 15:00:00,Burnley,Southampton,3,0,0.909241,1.08752,1920
2019-08-10 15:00:00,Crystal Palace,Everton,0,0,0.87159,1.2246,1920
2019-08-10 17:30:00,Tottenham Hotspur,Aston Villa,3,1,2.57262,0.639599,1920
2019-08-10 15:00:00,Watford,Brighton,0,3,0.670022,0.855516,1920
2019-08-10 12:30:00,West Ham United,Manchester City,0,5,1.2003,3.18377,1920
2019-08-11 14:00:00,Leicester City,Wolverhampton Wanderers,0,0,0.543759,0.812949,1920
2019-08-11 16:30:00,Manchester United,Chelsea,4,0,2.37442,1.09534,1920
2019-08-11 14:00:00,Newcastle United,Arsenal,0,1,0.380551,1.13309,1920
2019-08-17 12:30:00,Arsenal,Burnley,2,1,1.1644,1.39172,1920
2019-08-17 15:00:00,Aston Villa,Bournemouth,1,2,1.65069,1.62777,1920
2019-08-17 15:00:00,Brighton,West Ham United,1,1,2.40461,1.00856,1920
2019-08-17 15:00:00,Everton,Watford,1,0,0.832913,1.17279,1920
2019-08-17 17:30:00,Manchester City,Tottenham Hotspur,2,2,3.20076,0.074542,1920
2019-08-17 15:00:00,Norwich City,Newcastle United,3,1,2.09572,0.920429,1920
2019-08-17 15:00:00,Southampton,Liverpool,1,2,2.14047,1.52022,1920
2019-08-18 16:30:00,Chelsea,Leicester City,1,1,1.22629,0.947941,1920
2019-08-18 14:00:00,Sheffield United,Crystal Palace,1,0,1.84778,0.241912,1920
2019-08-19 20:00:00,Wolverhampton Wanderers,Manchester United,1,1,0.307356,1.14332,1920
2019-08-23 20:00:00,Aston Villa,Everton,2,0,0.855926,1.25668,1920
2019-08-24 15:00:00,Brighton,Southampton,0,2,0.997711,2.07795,1920
2019-08-24 17:30:00,Liverpool,Arsenal,3,1,2.78821,0.985542,1920
2019-08-24 15:00:00,Manchester United,Crystal Palace,1,2,2.23561,0.676993,1920
2019-08-24 12:30:00,Norwich City,Chelsea,2,3,1.07904,1.89428,1920
2019-08-24 15:00:00,Sheffield United,Leicester City,1,2,0.654318,0.704879,1920
2019-08-24 15:00:00,Watford,West Ham United,1,3,2.29348,3.45768,1920
2019-08-25 14:00:00,Bournemouth,Manchester City,1,3,1.89345,3.12856,1920
2019-08-25 16:30:00,Tottenham Hotspur,Newcastle United,0,1,1.25927,0.51428,1920
2019-08-25 16:30:00,Wolverhampton Wanderers,Burnley,1,1,1.32793,1.22762,1920
2019-08-31 17:30:00,Burnley,Liverpool,0,3,0.61739,1.20057,1920
2019-08-31 15:00:00,Chelsea,Sheffield United,2,2,2.30579,1.04649,1920
2019-08-31 15:00:00,Crystal Palace,Aston Villa,1,0,1.41394,0.30354,1920
2019-08-31 15:00:00,Leicester City,Bournemouth,3,1,2.23766,0.554726,1920
2019-08-31 15:00:00,Manchester City,Brighton,4,0,2.30818,0.861035,1920
2019-08-31 15:00:00,Newcastle United,Watford,1,1,1.04131,1.1068,1920
2019-08-31 12:30:00,Southampton,Manchester United,1,1,0.769616,1.90356,1920
2019-08-31 15:00:00,West Ham United,Norwich City,2,0,2.20657,1.1674,1920
2019-09-01 16:30:00,Arsenal,Tottenham Hotspur,2,2,1.92509,1.95514,1920
2019-09-01 14:00:00,Everton,Wolverhampton Wanderers,3,2,1.48842,2.00172,1920
2019-09-14 14:00:00,Brighton,Burnley,1,1,1.68545,0.341654,1920
2019-09-14 11:30:00,Liverpool,Newcastle United,3,1,2.93281,0.291073,1920
2019-09-14 14:00:00,Manchester United,Leicester City,1,0,1.10019,0.459141,1920
2019-09-14 16:30:00,Norwich City,Manchester City,3,2,1.7413,2.34436,1920
2019-09-14 14:00:00,Sheffield United,Southampton,0,1,1.88034,1.57659,1920
2019-09-14 14:00:00,Tottenham Hotspur,Crystal Palace,4,0,1.04944,0.577323,1920
2019-09-14 14:00:00,Wolverhampton Wanderers,Chelsea,2,5,1.49359,3.06799,1920
2019-09-15 13:00:00,Bournemouth,Everton,3,1,1.41542,1.50641,1920
2019-09-15 15:30:00,Watford,Arsenal,2,2,2.83209,1.00616,1920
2019-09-16 19:00:00,Aston Villa,West Ham United,0,0,1.40502,0.535279,1920
2019-09-20 19:00:00,Southampton,Bournemouth,1,3,2.18021,1.29773,1920
2019-09-21 14:00:00,Burnley,Norwich City,2,0,2.39312,0.801428,1920
2019-09-21 14:00:00,Everton,Sheffield United,0,2,1.26041,0.508011,1920
2019-09-21 11:30:00,Leicester City,Tottenham Hotspur,2,1,1.28752,1.33735,1920
2019-09-21 14:00:00,Manchester City,Watford,8,0,6.63049,0.344718,1920
2019-09-21 16:30:00,Newcastle United,Brighton,0,0,1.09807,1.21592,1920
2019-09-22 15:30:00,Arsenal,Aston Villa,3,2,2.53209,1.71546,1920
2019-09-22 15:30:00,Chelsea,Liverpool,1,2,1.23321,1.03003,1920
2019-09-22 13:00:00,Crystal Palace,Wolverhampton Wanderers,1,1,0.984777,1.75572,1920
2019-09-22 13:00:00,West Ham United,Manchester United,2,0,0.51376,1.27826,1920
2019-09-28 14:00:00,Aston Villa,Burnley,2,2,0.914266,1.66919,1920
2019-09-28 14:00:00,Bournemouth,West Ham United,2,2,2.31957,1.29546,1920
2019-09-28 14:00:00,Chelsea,Brighton,2,0,4.26443,0.616263,1920
2019-09-28 14:00:00,Crystal Palace,Norwich City,2,0,1.80497,0.712129,1920
2019-09-28 16:30:00,Everton,Manchester City,1,3,2.35854,3.1082,1920
2019-09-28 11:30:00,Sheffield United,Liverpool,0,1,1.17022,1.97079,1920
2019-09-28 14:00:00,Tottenham Hotspur,Southampton,2,1,1.19008,1.16256,1920
2019-09-28 14:00:00,Wolverhampton Wanderers,Watford,2,0,1.16363,1.06615,1920
2019-09-29 15:30:00,Leicester City,Newcastle United,5,0,1.82438,0.054134,1920
2019-09-30 19:00:00,Manchester United,Arsenal,1,1,1.1335,1.70399,1920
2019-10-05 12:30:00,Brighton,Tottenham Hotspur,3,0,2.60017,0.478504,1920
2019-10-05 15:00:00,Burnley,Everton,1,0,0.558912,1.30723,1920
2019-10-05 15:00:00,Liverpool,Leicester City,2,1,3.74867,0.0982107,1920
2019-10-05 15:00:00,Norwich City,Aston Villa,1,5,1.84838,3.67827,1920
2019-10-05 15:00:00,Watford,Sheffield United,0,0,1.44318,0.353724,1920
2019-10-05 17:30:00,West Ham United,Crystal Palace,1,2,1.23577,2.0682,1920
2019-10-06 14:00:00,Arsenal,Bournemouth,1,0,1.24109,0.683967,1920
2019-10-06 14:00:00,Manchester City,Wolverhampton Wanderers,0,2,1.61884,1.18825,1920
2019-10-06 16:30:00,Newcastle United,Manchester United,1,0,0.650296,0.969204,1920
2019-10-06 14:00:00,Southampton,Chelsea,1,4,1.27044,2.15201,1920
2019-10-19 15:00:00,Aston Villa,Brighton,2,1,2.96692,1.32184,1920
2019-10-19 15:00:00,Bournemouth,Norwich City,0,0,0.675554,0.402873,1920
2019-10-19 15:00:00,Chelsea,Newcastle United,1,0,2.30068,0.197082,1920
2019-10-19 17:30:00,Crystal Palace,Manchester City,0,2,0.616864,4.02104,1920
2019-10-19 12:30:00,Everton,West Ham United,2,0,2.23324,0.459112,1920
2019-10-19 15:00:00,Leicester City,Burnley,2,1,0.8291,1.79569,1920
2019-10-19 15:00:00,Tottenham Hotspur,Watford,1,1,0.891617,0.846851,1920
2019-10-19 15:00:00,Wolverhampton Wanderers,Southampton,1,1,0.887495,1.37695,1920
2019-10-20 16:30:00,Manchester United,Liverpool,1,1,0.791862,1.03212,1920
2019-10-21 20:00:00,Sheffield United,Arsenal,1,0,0.895722,0.949735,1920
2019-10-25 20:00:00,Southampton,Leicester City,0,9,0.457334,4.38046,1920
2019-10-26 15:00:00,Brighton,Everton,3,2,1.15279,1.04723,1920
2019-10-26 17:30:00,Burnley,Chelsea,2,4,2.23494,0.988321,1920
2019-10-26 12:30:00,Manchester City,Aston Villa,3,0,3.19004,0.980145,1920
2019-10-26 15:00:00,Watford,Bournemouth,0,0,0.674903,0.899526,1920
2019-10-26 15:00:00,West Ham United,Sheffield United,1,1,2.33891,1.16171,1920
2019-10-27 16:30:00,Arsenal,Crystal Palace,2,2,1.54014,1.77892,1920
2019-10-27 16:30:00,Liverpool,Tottenham Hotspur,2,1,2.18851,1.35143,1920
2019-10-27 14:00:00,Newcastle United,Wolverhampton Wanderers,1,1,0.603104,1.93255,1920
2019-10-27 16:30:00,Norwich City,Manchester United,1,3,0.8924,4.51232,1920
2019-11-02 15:00:00,Arsenal,Wolverhampton Wanderers,1,1,1.02552,1.5103,1920
2019-11-02 15:00:00,Aston Villa,Liverpool,1,2,0.741615,2.38824,1920
2019-11-02 12:30:00,Bournemouth,Manchester United,1,0,1.86862,0.641129,1920
2019-11-02 15:00:00,Brighton,Norwich City,2,0,2.65496,0.455082,1920
2019-11-02 15:00:00,Manchester City,Southampton,2,1,3.36132,0.893889,1920
2019-11-02 15:00:00,Sheffield United,Burnley,3,0,2.58392,0.716613,1920
2019-11-02 17:30:00,Watford,Chelsea,1,2,1.4744,2.18313,1920
2019-11-02 15:00:00,West Ham United,Newcastle United,2,3,1.53597,1.93192,1920
2019-11-03 14:00:00,Crystal Palace,Leicester City,0,2,0.44291,0.981167,1920
2019-11-03 16:30:00,Everton,Tottenham Hotspur,1,1,1.15532,0.243393,1920
2019-11-08 20:00:00,Norwich City,Watford,0,2,0.62104,1.36017,1920
2019-11-09 15:00:00,Burnley,West Ham United,3,0,2.4158,0.474281,1920
2019-11-09 12:30:00,Chelsea,Crystal Palace,2,0,3.28903,0.479488,1920
2019-11-09 17:30:00,Leicester City,Arsenal,2,0,1.37055,0.961339,1920
2019-11-09 15:00:00,Newcastle United,Bournemouth,2,1,2.3306,1.9213,1920
2019-11-09 15:00:00,Southampton,Everton,1,2,0.742281,2.08883,1920
2019-11-09 15:00:00,Tottenham Hotspur,Sheffield United,1,1,1.5104,0.923443,1920
2019-11-10 16:30:00,Liverpool,Manchester City,3,1,1.3319,1.48104,1920
2019-11-10 14:00:00,Manchester United,Brighton,3,1,3.65299,1.1342,1920
2019-11-10 14:00:00,Wolverhampton Wanderers,Aston Villa,2,1,2.09891,0.473225,1920
2019-11-23 15:00:00,Arsenal,Southampton,2,2,1.60823,2.60312,1920
2019-11-23 15:00:00,Bournemouth,Wolverhampton Wanderers,1,2,0.849789,1.2765,1920
2019-11-23 15:00:00,Brighton,Leicester City,0,2,0.784706,3.50917,1920
2019-11-23 15:00:00,Crystal Palace,Liverpool,1,2,1.02306,1.64291,1920
2019-11-23 15:00:00,Everton,Norwich City,0,2,0.812693,1.80849,1920
2019-11-23 17:30:00,Manchester City,Chelsea,2,1,1.23596,0.820474,1920
2019-11-23 15:00:00,Watford,Burnley,0,3,0.902384,2.66281,1920
2019-11-23 12:30:00,West Ham United,Tottenham Hotspur,2,3,0.661449,2.20681,1920
2019-11-24 16:30:00,Sheffield United,Manchester United,3,3,1.56025,1.33065,1920
2019-11-25 20:00:00,Aston Villa,Newcastle United,2,0,2.6985,0.69784,1920
2019-11-30 15:00:00,Burnley,Crystal Palace,0,2,1.8509,0.936732,1920
2019-11-30 15:00:00,Chelsea,West Ham United,0,1,2.73185,1.12034,1920
2019-11-30 15:00:00,Liverpool,Brighton,2,1,1.36832,0.867601,1920
2019-11-30 12:30:00,Newcastle United,Manchester City,2,2,0.208252,2.44389,1920
2019-11-30 17:30:00,Southampton,Watford,2,1,1.9671,0.504005,1920
2019-11-30 15:00:00,Tottenham Hotspur,Bournemouth,3,2,2.93189,1.02949,1920
2019-12-01 16:30:00,Leicester City,Everton,2,1,2.24348,1.24986,1920
2019-12-01 16:30:00,Manchester United,Aston Villa,2,2,1.84804,1.29701,1920
2019-12-01 14:00:00,Norwich City,Arsenal,2,2,0.810596,1.96157,1920
2019-12-01 14:00:00,Wolverhampton Wanderers,Sheffield United,1,1,1.27422,1.47296,1920
2019-12-03 20:15:00,Burnley,Manchester City,1,4,0.486548,2.56057,1920
2019-12-03 19:30:00,Crystal Palace,Bournemouth,1,0,0.383763,0.342799,1920
2019-12-04 19:30:00,Chelsea,Aston Villa,2,1,1.9774,0.86086,1920
2019-12-04 19:30:00,Leicester City,Watford,2,0,2.28735,0.199733,1920
2019-12-04 20:15:00,Liverpool,Everton,5,2,2.41397,1.76453,1920
2019-12-04 19:30:00,Manchester United,Tottenham Hotspur,2,1,1.47683,0.542315,1920
2019-12-04 19:30:00,Southampton,Norwich City,2,1,2.00232,0.896647,1920
2019-12-04 19:30:00,Wolverhampton Wanderers,West Ham United,2,0,1.82237,0.501977,1920
2019-12-05 20:15:00,Arsenal,Brighton,1,2,0.965377,1.53446,1920
2019-12-05 19:30:00,Sheffield United,Newcastle United,0,2,1.09175,0.533775,1920
2019-12-07 15:00:00,Bournemouth,Liverpool,0,3,0.154608,3.04446,1920
2019-12-07 12:30:00,Everton,Chelsea,3,1,2.03892,1.25734,1920
2019-12-07 17:30:00,Manchester City,Manchester United,1,2,2.07108,1.63385,1920
2019-12-07 15:00:00,Tottenham Hotspur,Burnley,5,0,2.39684,1.08645,1920
2019-12-07 15:00:00,Watford,Crystal Palace,0,0,1.57132,0.210746,1920
2019-12-08 14:00:00,Aston Villa,Leicester City,1,4,1.24141,4.03286,1920
2019-12-08 16:30:00,Brighton,Wolverhampton Wanderers,2,2,0.951621,1.87208,1920
2019-12-08 14:00:00,Newcastle United,Southampton,2,1,1.10449,1.89255,1920
2019-12-08 14:00:00,Norwich City,Sheffield United,1,2,0.585805,0.712899,1920
2019-12-09 20:00:00,West Ham United,Arsenal,1,3,0.521847,1.79181,1920
2019-12-14 15:00:00,Burnley,Newcastle United,1,0,1.43602,1.08726,1920
2019-12-14 15:00:00,Chelsea,Bournemouth,0,1,2.02119,1.20777,1920
2019-12-14 15:00:00,Leicester City,Norwich City,1,1,1.06421,1.16408,1920
2019-12-14 12:30:00,Liverpool,Watford,2,0,1.56674,1.01166,1920
2019-12-14 15:00:00,Sheffield United,Aston Villa,2,0,1.888,0.97258,1920
2019-12-14 17:30:00,Southampton,West Ham United,0,1,0.805884,0.90324,1920
2019-12-15 16:30:00,Arsenal,Manchester City,0,3,0.28161,1.69553,1920
2019-12-15 14:00:00,Manchester United,Everton,1,1,1.48327,0.276759,1920
2019-12-15 14:00:00,Wolverhampton Wanderers,Tottenham Hotspur,1,2,0.718669,0.989205,1920
2019-12-16 19:45:00,Crystal Palace,Brighton,1,1,0.484859,2.48355,1920
2019-12-21 15:00:00,Aston Villa,Southampton,1,3,0.921054,2.63444,1920
2019-12-21 15:00:00,Bournemouth,Burnley,0,1,0.138532,0.144318,1920
2019-12-21 15:00:00,Brighton,Sheffield United,0,1,0.428371,1.65933,1920
2019-12-21 12:30:00,Everton,Arsenal,0,0,0.486523,0.881818,1920
2019-12-21 17:30:00,Manchester City,Leicester City,3,1,3.59139,1.01388,1920
2019-12-21 15:00:00,Newcastle United,Crystal Palace,1,0,0.714368,0.985368,1920
2019-12-21 15:00:00,Norwich City,Wolverhampton Wanderers,1,2,1.26536,1.65224,1920
2019-12-22 16:30:00,Tottenham Hotspur,Chelsea,0,2,0.276667,1.49374,1920
2019-12-22 14:00:00,Watford,Manchester United,2,0,1.59291,1.5309,1920
2019-12-26 15:00:00,Aston Villa,Norwich City,1,0,0.654194,1.45005,1920
2019-12-26 15:00:00,Bournemouth,Arsenal,1,1,1.55463,1.42464,1920
2019-12-26 15:00:00,Chelsea,Southampton,0,2,0.859973,0.981321,1920
2019-12-26 15:00:00,Crystal Palace,West Ham United,2,1,2.14195,0.796338,1920
2019-12-26 15:00:00,Everton,Burnley,1,0,1.47521,0.565252,1920
2019-12-26 20:00:00,Leicester City,Liverpool,0,4,0.120994,3.76973,1920
2019-12-26 17:30:00,Manchester United,Newcastle United,4,1,1.99638,1.05018,1920
2019-12-26 15:00:00,Sheffield United,Watford,1,1,2.04481,0.596611,1920
2019-12-26 12:30:00,Tottenham Hotspur,Brighton,2,1,1.02645,1.09007,1920
2019-12-27 19:45:00,Wolverhampton Wanderers,Manchester City,3,2,2.39405,1.52044,1920
2019-12-28 12:30:00,Brighton,Bournemouth,2,0,1.05876,0.500726,1920
2019-12-28 19:45:00,Burnley,Manchester United,0,2,0.386662,2.10542,1920
2019-12-28 15:00:00,Newcastle United,Everton,1,2,1.63211,2.82576,1920
2019-12-28 17:30:00,Norwich City,Tottenham Hotspur,2,2,0.268052,1.82189,1920
2019-12-28 15:00:00,Southampton,Crystal Palace,1,1,1.47937,0.137837,1920
2019-12-28 15:00:00,Watford,Aston Villa,3,0,3.25314,0.610997,1920
2019-12-28 17:30:00,West Ham United,Leicester City,1,2,0.782104,2.62349,1920
2019-12-29 14:00:00,Arsenal,Chelsea,1,2,0.785214,1.49666,1920
2019-12-29 16:30:00,Liverpool,Wolverhampton Wanderers,1,0,1.49124,0.363764,1920
2019-12-29 18:00:00,Manchester City,Sheffield United,2,0,1.08628,1.23346,1920
2020-01-01 20:00:00,Arsenal,Manchester United,2,0,1.90747,0.715563,1920
2020-01-01 12:30:00,Brighton,Chelsea,1,1,1.56978,1.57497,1920
2020-01-01 12:30:00,Burnley,Aston Villa,1,2,2.34418,1.74824,1920
2020-01-01 17:30:00,Manchester City,Everton,2,1,1.79757,0.848942,1920
2020-01-01 15:00:00,Newcastle United,Leicester City,0,3,0.780118,2.43642,1920
2020-01-01 17:30:00,Norwich City,Crystal Palace,1,1,1.66454,1.29896,1920
2020-01-01 15:00:00,Southampton,Tottenham Hotspur,1,0,1.51192,1.078,1920
2020-01-01 15:00:00,Watford,Wolverhampton Wanderers,2,1,1.07053,1.23252,1920
2020-01-01 17:30:00,West Ham United,Bournemouth,4,0,2.32825,0.720709,1920
2020-01-02 20:00:00,Liverpool,Sheffield United,2,0,3.0465,0.634607,1920
2020-01-10 20:00:00,Sheffield United,West Ham United,1,0,2.02768,0.90477,1920
2020-01-11 15:00:00,Chelsea,Burnley,3,0,2.87633,0.717407,1920
2020-01-11 12:30:00,Crystal Palace,Arsenal,1,1,0.317862,1.43924,1920
2020-01-11 15:00:00,Everton,Brighton,1,0,2.02533,1.53324,1920
2020-01-11 15:00:00,Leicester City,Southampton,1,2,0.780114,2.40601,1920
2020-01-11 15:00:00,Manchester United,Norwich City,4,0,3.13456,0.275987,1920
2020-01-11 17:30:00,Tottenham Hotspur,Liverpool,0,1,1.10584,1.74564,1920
2020-01-11 15:00:00,Wolverhampton Wanderers,Newcastle United,1,1,2.04805,0.184495,1920
2020-01-12 16:30:00,Aston Villa,Manchester City,1,6,1.12565,3.75131,1920
2020-01-12 14:00:00,Bournemouth,Watford,0,3,0.320447,2.29827,1920
2020-01-18 15:00:00,Arsenal,Sheffield United,1,1,1.22882,1.18444,1920
2020-01-18 15:00:00,Brighton,Aston Villa,1,1,1.30028,1.02045,1920
2020-01-18 15:00:00,Manchester City,Crystal Palace,2,2,2.47314,0.586716,1920
2020-01-18 17:30:00,Newcastle United,Chelsea,1,0,0.892988,2.05436,1920
2020-01-18 15:00:00,Norwich City,Bournemouth,1,0,1.76046,0.558298,1920
2020-01-18 15:00:00,Southampton,Wolverhampton Wanderers,2,3,0.786974,2.1772,1920
2020-01-18 12:30:00,Watford,Tottenham Hotspur,0,0,2.39174,1.76697,1920
2020-01-18 15:00:00,West Ham United,Everton,1,1,1.68436,1.95473,1920
2020-01-19 14:00:00,Burnley,Leicester City,2,1,1.50886,2.33415,1920
2020-01-19 16:30:00,Liverpool,Manchester United,2,0,2.00655,1.4185,1920
2020-01-21 19:30:00,Aston Villa,Watford,2,1,1.06739,1.81101,1920
2020-01-21 19:30:00,Bournemouth,Brighton,3,1,1.92315,1.97227,1920
2020-01-21 20:15:00,Chelsea,Arsenal,2,2,3.38612,0.568077,1920
2020-01-21 19:30:00,Crystal Palace,Southampton,0,2,0.674589,1.1306,1920
2020-01-21 19:30:00,Everton,Newcastle United,2,2,2.05254,0.570931,1920
2020-01-21 19:30:00,Sheffield United,Manchester City,0,1,0.774943,2.873,1920
2020-01-22 19:30:00,Leicester City,West Ham United,4,1,2.91302,1.16254,1920
2020-01-22 20:15:00,Manchester United,Burnley,0,2,1.416,0.717284,1920
2020-01-22 19:30:00,Tottenham Hotspur,Norwich City,2,1,2.22282,1.42472,1920
2020-01-23 20:00:00,Wolverhampton Wanderers,Liverpool,1,2,1.85442,1.59024,1920
2020-01-29 19:45:00,West Ham United,Liverpool,0,2,0.878341,2.59926,1920
2020-02-01 15:00:00,Bournemouth,Aston Villa,2,1,2.72236,1.40955,1920
2020-02-01 15:00:00,Crystal Palace,Sheffield United,0,1,0.970063,0.860755,1920
2020-02-01 12:30:00,Leicester City,Chelsea,2,2,1.65956,0.806995,1920
2020-02-01 15:00:00,Liverpool,Southampton,4,0,3.7195,0.716298,1920
2020-02-01 17:30:00,Manchester United,Wolverhampton Wanderers,0,0,1.18608,1.54211,1920
2020-02-01 15:00:00,Newcastle United,Norwich City,0,0,0.937293,2.39985,1920
2020-02-01 15:00:00,Watford,Everton,2,3,0.919248,2.70178,1920
2020-02-01 15:00:00,West Ham United,Brighton,3,3,1.30774,2.03179,1920
2020-02-02 14:00:00,Burnley,Arsenal,0,0,2.24562,1.48025,1920
2020-02-02 16:30:00,Tottenham Hotspur,Manchester City,2,0,0.420293,3.25139,1920
2020-02-08 17:30:00,Brighton,Watford,1,1,0.76201,0.280048,1920
2020-02-08 12:30:00,Everton,Crystal Palace,3,1,2.79103,0.865323,1920
2020-02-09 14:00:00,Sheffield United,Bournemouth,2,1,2.04467,1.07183,1920
2020-02-14 20:00:00,Wolverhampton Wanderers,Leicester City,0,0,1.14491,0.527366,1920
2020-02-15 17:30:00,Norwich City,Liverpool,0,1,0.383495,2.07331,1920
2020-02-15 12:30:00,Southampton,Burnley,1,2,0.694025,0.892699,1920
2020-02-16 16:30:00,Arsenal,Newcastle United,4,0,3.02257,1.16662,1920
2020-02-16 14:00:00,Aston Villa,Tottenham Hotspur,2,3,1.71313,3.86024,1920
2020-02-17 20:00:00,Chelsea,Manchester United,0,2,0.940204,0.681814,1920
2020-02-19 19:30:00,Manchester City,West Ham United,2,0,2.13777,0.0895892,1920
2020-02-22 15:00:00,Burnley,Bournemouth,3,0,3.09935,1.75718,1920
2020-02-22 12:30:00,Chelsea,Tottenham Hotspur,2,1,1.78193,0.265879,1920
2020-02-22 15:00:00,Crystal Palace,Newcastle United,1,0,1.75552,0.164495,1920
2020-02-22 17:30:00,Leicester City,Manchester City,0,1,0.723269,2.42749,1920
2020-02-22 15:00:00,Sheffield United,Brighton,1,1,1.6597,1.06035,1920
2020-02-22 15:00:00,Southampton,Aston Villa,2,0,3.02926,0.47235,1920
2020-02-23 16:30:00,Arsenal,Everton,3,2,1.33567,2.65691,1920
2020-02-23 14:00:00,Manchester United,Watford,3,0,2.5042,0.294956,1920
2020-02-23 14:00:00,Wolverhampton Wanderers,Norwich City,3,0,3.25033,0.360646,1920
2020-02-24 20:00:00,Liverpool,West Ham United,3,2,2.48209,0.638236,1920
2020-02-28 20:00:00,Norwich City,Leicester City,1,0,0.591716,1.42581,1920
2020-02-29 15:00:00,Bournemouth,Chelsea,2,2,1.58495,1.98271,1920
2020-02-29 12:30:00,Brighton,Crystal Palace,0,1,1.78712,2.17159,1920
2020-02-29 15:00:00,Newcastle United,Burnley,0,0,1.11713,0.617612,1920
2020-02-29 17:30:00,Watford,Liverpool,3,0,2.71351,0.206031,1920
2020-02-29 15:00:00,West Ham United,Southampton,3,1,2.78682,0.868573,1920
2020-03-01 14:00:00,Everton,Manchester United,1,1,2.41259,1.12561,1920
2020-03-01 14:00:00,Tottenham Hotspur,Wolverhampton Wanderers,2,3,1.63079,2.62251,1920
2020-03-07 15:00:00,Arsenal,West Ham United,1,0,1.55974,1.61615,1920
2020-03-07 17:30:00,Burnley,Tottenham Hotspur,1,1,3.33302,1.13669,1920
2020-03-07 15:00:00,Crystal Palace,Watford,1,0,0.856107,0.449161,1920
2020-03-07 12:30:00,Liverpool,Bournemouth,2,1,1.89453,1.29544,1920
2020-03-07 15:00:00,Sheffield United,Norwich City,1,0,1.17263,2.55449,1920
2020-03-07 15:00:00,Southampton,Newcastle United,0,1,0.348871,3.06384,1920
2020-03-07 15:00:00,Wolverhampton Wanderers,Brighton,0,0,0.898221,0.308874,1920
2020-03-08 14:00:00,Chelsea,Everton,4,0,2.02883,0.445922,1920
2020-03-08 16:30:00,Manchester United,Manchester City,2,0,1.7389,0.585469,1920
2020-03-09 20:00:00,Leicester City,Aston Villa,4,0,2.41239,0.672448,1920
2020-06-17 17:00:00,Aston Villa,Sheffield United,0,0,1.00877,0.235909,1920
2020-06-17 19:15:00,Manchester City,Arsenal,3,0,2.73725,0.496759,1920
2020-06-19 17:00:00,Norwich City,Southampton,0,3,0.654932,1.87099,1920
2020-06-19 19:15:00,Tottenham Hotspur,Manchester United,1,1,0.534852,1.77307,1920
2020-06-20 18:45:00,Bournemouth,Crystal Palace,0,2,0.363637,0.788453,1920
2020-06-20 14:00:00,Brighton,Arsenal,2,1,0.670973,0.69627,1920
2020-06-20 11:30:00,Watford,Leicester City,1,1,1.00765,1.05245,1920
2020-06-20 16:30:00,West Ham United,Wolverhampton Wanderers,0,2,0.44207,1.06433,1920
2020-06-21 15:15:00,Aston Villa,Chelsea,1,2,1.57223,1.14011,1920
2020-06-21 18:00:00,Everton,Liverpool,0,0,0.621456,0.659123,1920
2020-06-21 13:00:00,Newcastle United,Sheffield United,3,0,2.15148,0.57107,1920
2020-06-22 19:00:00,Manchester City,Burnley,5,0,2.71096,0.0303408,1920
2020-06-23 17:00:00,Leicester City,Brighton,0,0,0.505486,1.10227,1920
2020-06-23 19:15:00,Tottenham Hotspur,West Ham United,2,0,2.24125,0.83104,1920
2020-06-24 19:15:00,Liverpool,Crystal Palace,4,0,2.56729,0.0645285,1920
2020-06-24 17:00:00,Manchester United,Sheffield United,3,0,2.8416,0.108082,1920
2020-06-24 17:00:00,Newcastle United,Aston Villa,1,1,0.661808,1.22985,1920
2020-06-24 17:00:00,Norwich City,Everton,0,1,0.382813,0.654912,1920
2020-06-24 17:00:00,Wolverhampton Wanderers,Bournemouth,1,0,0.715002,0.0619009,1920
2020-06-25 17:00:00,Burnley,Watford,1,0,0.964774,0.495542,1920
2020-06-25 19:15:00,Chelsea,Manchester City,2,1,4.206,0.690594,1920
2020-06-25 17:00:00,Southampton,Arsenal,0,2,0.738305,2.18595,1920
2020-06-27 11:30:00,Aston Villa,Wolverhampton Wanderers,0,1,0.403418,0.703549,1920
2020-06-28 15:30:00,Watford,Southampton,1,3,0.365347,1.3364,1920
2020-06-29 19:00:00,Crystal Palace,Burnley,0,1,1.06533,0.359906,1920
2020-06-30 19:15:00,Brighton,Manchester United,0,3,0.31013,1.20903,1920
2020-07-01 17:00:00,Arsenal,Norwich City,4,0,1.76496,0.153871,1920
2020-07-01 17:00:00,Bournemouth,Newcastle United,1,4,1.27503,2.23457,1920
2020-07-01 17:00:00,Everton,Leicester City,2,1,1.17592,1.80384,1920
2020-07-01 19:15:00,West Ham United,Chelsea,3,2,2.10497,1.57609,1920
2020-07-02 19:15:00,Manchester City,Liverpool,4,0,2.65433,0.819606,1920
2020-07-02 17:00:00,Sheffield United,Tottenham Hotspur,3,1,1.59994,1.01524,1920
2020-07-04 19:00:00,Chelsea,Watford,3,0,2.78877,0.608971,1920
2020-07-04 14:00:00,Leicester City,Crystal Palace,3,0,2.20683,0.507537,1920
2020-07-04 14:00:00,Manchester United,Bournemouth,5,2,2.63259,1.52161,1920
2020-07-04 11:30:00,Norwich City,Brighton,0,1,0.545069,0.903046,1920
2020-07-04 16:30:00,Wolverhampton Wanderers,Arsenal,0,2,0.985166,1.28273,1920
2020-07-05 11:00:00,Burnley,Sheffield United,1,1,1.31966,1.63343,1920
2020-07-05 15:30:00,Liverpool,Aston Villa,2,0,1.0837,0.689775,1920
2020-07-05 13:15:00,Newcastle United,West Ham United,2,2,1.49121,2.03065,1920
2020-07-05 18:00:00,Southampton,Manchester City,1,0,0.628765,3.39575,1920
2020-07-06 19:00:00,Tottenham Hotspur,Everton,1,0,0.511828,0.403762,1920
2020-07-07 19:15:00,Arsenal,Leicester City,1,1,1.29023,1.00238,1920
2020-07-07 17:00:00,Crystal Palace,Chelsea,2,3,1.2882,2.65753,1920
2020-07-07 17:00:00,Watford,Norwich City,2,1,0.725199,1.13378,1920
2020-07-08 19:15:00,Brighton,Liverpool,1,3,2.3646,2.61624,1920
2020-07-08 17:00:00,Manchester City,Newcastle United,5,0,3.28662,0.21643,1920
2020-07-08 17:00:00,Sheffield United,Wolverhampton Wanderers,1,0,0.470483,0.326909,1920
2020-07-08 17:00:00,West Ham United,Burnley,0,1,1.99821,1.05291,1920
2020-07-09 19:15:00,Aston Villa,Manchester United,0,3,0.598873,2.86531,1920
2020-07-09 17:00:00,Bournemouth,Tottenham Hotspur,0,0,0.960349,0.479274,1920
2020-07-09 17:00:00,Everton,Southampton,1,1,0.671442,2.29684,1920
2020-07-11 19:00:00,Brighton,Manchester City,0,5,0.149588,5.51767,1920
2020-07-11 14:00:00,Liverpool,Burnley,1,1,2.17649,0.452331,1920
2020-07-11 11:30:00,Norwich City,West Ham United,0,4,0.613251,3.81088,1920
2020-07-11 16:30:00,Sheffield United,Chelsea,3,0,2.00632,1.17509,1920
2020-07-11 11:30:00,Watford,Newcastle United,2,1,3.12855,1.49134,1920
2020-07-12 13:15:00,Aston Villa,Crystal Palace,2,0,1.6977,0.974181,1920
2020-07-12 18:00:00,Bournemouth,Leicester City,4,1,2.54311,1.66084,1920
2020-07-12 15:30:00,Tottenham Hotspur,Arsenal,2,1,1.81846,0.68991,1920
2020-07-12 11:00:00,Wolverhampton Wanderers,Everton,3,0,2.86724,0.286561,1920
2020-07-13 19:00:00,Manchester United,Southampton,2,2,1.5033,1.8051,1920
2020-07-14 19:15:00,Chelsea,Norwich City,1,0,3.05119,0.0631109,1920
2020-07-15 19:15:00,Arsenal,Liverpool,2,1,1.31516,2.2233,1920
2020-07-15 17:00:00,Burnley,Wolverhampton Wanderers,1,1,1.53435,1.2857,1920
2020-07-15 17:00:00,Manchester City,Bournemouth,2,1,0.82755,1.66635,1920
2020-07-15 17:00:00,Newcastle United,Tottenham Hotspur,1,3,1.05748,1.7498,1920
2020-07-16 19:15:00,Crystal Palace,Manchester United,0,2,0.572141,1.90448,1920
2020-07-16 17:00:00,Everton,Aston Villa,1,1,0.944434,1.52021,1920
2020-07-16 17:00:00,Leicester City,Sheffield United,2,0,3.05752,0.660214,1920
2020-07-16 19:15:00,Southampton,Brighton,1,1,2.33745,0.67264,1920
2020-07-17 19:00:00,West Ham United,Watford,3,1,0.833995,1.03402,1920
2020-07-18 16:30:00,Norwich City,Burnley,0,2,0.576602,1.8233,1920
2020-07-19 13:00:00,Bournemouth,Southampton,0,2,0.583117,2.24527,1920
2020-07-19 15:00:00,Tottenham Hotspur,Leicester City,3,0,0.766922,1.20085,1920
2020-07-20 17:00:00,Brighton,Newcastle United,0,0,0.855896,0.929091,1920
2020-07-20 17:00:00,Sheffield United,Everton,0,1,0.468461,0.624814,1920
2020-07-20 19:15:00,Wolverhampton Wanderers,Crystal Palace,2,0,1.48696,0.440119,1920
2020-07-21 19:15:00,Aston Villa,Arsenal,1,0,0.57408,0.737137,1920
2020-07-21 17:00:00,Watford,Manchester City,0,4,0.131868,3.73814,1920
2020-07-22 19:15:00,Liverpool,Chelsea,5,3,1.45179,2.38205,1920
2020-07-22 17:00:00,Manchester United,West Ham United,1,1,0.984161,1.29009,1920
2020-07-26 15:00:00,Arsenal,Watford,3,2,1.95282,3.9197,1920
2020-07-26 15:00:00,Burnley,Brighton,1,2,1.44244,1.3696,1920
2020-07-26 15:00:00,Chelsea,Wolverhampton Wanderers,2,0,1.15938,0.164561,1920
2020-07-26 15:00:00,Crystal Palace,Tottenham Hotspur,1,1,0.988534,0.310302,1920
2020-07-26 15:00:00,Everton,Bournemouth,1,3,1.74699,1.46461,1920
2020-07-26 15:00:00,Leicester City,Manchester United,0,2,0.754668,1.41019,1920
2020-07-26 15:00:00,Manchester City,Norwich City,5,0,3.56749,0.786563,1920
2020-07-26 15:00:00,Newcastle United,Liverpool,1,3,0.339294,0.56818,1920
2020-07-26 15:00:00,Southampton,Sheffield United,3,1,1.64306,1.41051,1920
2020-07-26 15:00:00,West Ham United,Aston Villa,1,1,0.781465,0.983594,1920
2020-09-12 14:00:00,Crystal Palace,Southampton,1,0,1.39569,1.26267,2021
2020-09-12 11:30:00,Fulham,Arsenal,0,3,0.126327,2.16287,2021
2020-09-12 16:30:00,Liverpool,Leeds United,4,3,3.15412,0.269813,2021
2020-09-12 19:00:00,West Ham United,Newcastle United,0,2,0.861445,1.65911,2021
2020-09-13 15:30:00,Tottenham Hotspur,Everton,0,1,0.822944,1.26793,2021
2020-09-13 13:00:00,West Bromwich Albion,Leicester City,0,3,0.352997,2.95581,2021
2020-09-14 19:15:00,Brighton,Chelsea,1,3,1.44281,1.27062,2021
2020-09-14 17:00:00,Sheffield United,Wolverhampton Wanderers,0,2,0.949316,1.61307,2021
2020-09-19 19:00:00,Arsenal,West Ham United,2,1,1.32902,2.06377,2021
2020-09-19 11:30:00,Everton,West Bromwich Albion,5,2,4.16254,0.315347,2021
2020-09-19 14:00:00,Leeds United,Fulham,4,3,1.45254,1.55503,2021
2020-09-19 16:30:00,Manchester United,Crystal Palace,1,3,1.09737,1.91456,2021
2020-09-20 15:30:00,Chelsea,Liverpool,0,2,0.904183,2.25211,2021
2020-09-20 18:00:00,Leicester City,Burnley,4,2,0.987365,1.52404,2021
2020-09-20 13:00:00,Newcastle United,Brighton,0,3,0.520678,1.8766,2021
2020-09-20 11:00:00,Southampton,Tottenham Hotspur,2,5,2.27708,2.28004,2021
2020-09-21 17:00:00,Aston Villa,Sheffield United,1,0,0.80527,0.849709,2021
2020-09-21 19:15:00,Wolverhampton Wanderers,Manchester City,1,3,0.727677,2.07651,2021
2020-09-26 11:30:00,Brighton,Manchester United,2,3,2.97659,1.57583,2021
2020-09-26 19:00:00,Burnley,Southampton,0,1,0.347136,0.706632,2021
2020-09-26 14:00:00,Crystal Palace,Everton,1,2,0.443115,2.27189,2021
2020-09-26 16:30:00,West Bromwich Albion,Chelsea,3,3,0.911185,2.36046,2021
2020-09-27 15:30:00,Manchester City,Leicester City,2,5,1.44633,2.86721,2021
2020-09-27 11:00:00,Sheffield United,Leeds United,0,1,1.53278,1.46641,2021
2020-09-27 13:00:00,Tottenham Hotspur,Newcastle United,1,1,3.18765,0.942726,2021
2020-09-27 18:00:00,West Ham United,Wolverhampton Wanderers,4,0,3.05703,0.385152,2021
2020-09-28 17:00:00,Fulham,Aston Villa,0,3,0.534675,2.03222,2021
2020-09-28 19:15:00,Liverpool,Arsenal,3,1,2.73834,1.17817,2021
2020-10-03 11:30:00,Chelsea,Crystal Palace,4,0,2.51433,0.103249,2021
2020-10-03 14:00:00,Everton,Brighton,4,2,2.34034,1.16568,2021
2020-10-03 16:30:00,Leeds United,Manchester City,1,1,2.56662,1.41533,2021
2020-10-03 19:00:00,Newcastle United,Burnley,3,1,1.95629,0.438849,2021
2020-10-04 13:00:00,Arsenal,Sheffield United,2,1,0.667131,0.144994,2021
2020-10-04 18:15:00,Aston Villa,Liverpool,7,2,3.07626,1.65705,2021
2020-10-04 11:00:00,Leicester City,West Ham United,0,3,0.456022,2.03227,2021
2020-10-04 15:30:00,Manchester United,Tottenham Hotspur,1,6,0.873435,3.3017,2021
2020-10-04 11:00:00,Southampton,West Bromwich Albion,2,0,0.949079,0.161283,2021
2020-10-04 13:00:00,Wolverhampton Wanderers,Fulham,1,0,0.89359,0.969393,2021
2020-10-17 14:00:00,Chelsea,Southampton,3,3,1.98708,1.42348,2021
2020-10-17 11:30:00,Everton,Liverpool,2,2,1.35998,2.49492,2021
2020-10-17 16:30:00,Manchester City,Arsenal,1,0,1.43023,0.838322,2021
2020-10-17 19:00:00,Newcastle United,Manchester United,1,4,0.867496,2.21729,2021
2020-10-18 13:00:00,Crystal Palace,Brighton,1,1,0.761169,1.0935,2021
2020-10-18 18:15:00,Leicester City,Aston Villa,0,1,0.671595,0.873776,2021
2020-10-18 11:00:00,Sheffield United,Fulham,1,1,1.66363,1.35611,2021
2020-10-18 15:30:00,Tottenham Hotspur,West Ham United,3,3,1.77602,1.49992,2021
2020-10-19 19:00:00,Leeds United,Wolverhampton Wanderers,0,1,1.08332,0.618191,2021
2020-10-19 16:30:00,West Bromwich Albion,Burnley,0,0,0.731692,1.08532,2021
2020-10-23 19:00:00,Aston Villa,Leeds United,0,3,1.50125,2.37695,2021
2020-10-24 14:00:00,Fulham,Crystal Palace,1,2,1.05258,2.81049,2021
2020-10-24 19:00:00,Liverpool,Sheffield United,2,1,2.40286,1.39788,2021
2020-10-24 16:30:00,Manchester United,Chelsea,0,0,0.648427,0.219906,2021
2020-10-24 11:30:00,West Ham United,Manchester City,1,1,0.263739,0.892456,2021
2020-10-25 19:15:00,Arsenal,Leicester City,0,1,0.73944,0.736172,2021
2020-10-25 14:00:00,Southampton,Everton,2,0,0.74151,0.287054,2021
2020-10-25 16:30:00,Wolverhampton Wanderers,Newcastle United,1,1,0.758626,0.253685,2021
2020-10-26 17:30:00,Brighton,West Bromwich Albion,1,1,0.546807,0.295654,2021
2020-10-26 20:00:00,Burnley,Tottenham Hotspur,0,1,0.95045,0.797344,2021
2020-10-30 20:00:00,Wolverhampton Wanderers,Crystal Palace,2,0,1.34895,0.802767,2021
2020-10-31 15:00:00,Burnley,Chelsea,0,3,0.407341,1.23077,2021
2020-10-31 17:30:00,Liverpool,West Ham United,2,1,1.56302,0.269048,2021
2020-10-31 12:30:00,Sheffield United,Manchester City,0,1,0.687544,1.89643,2021
2020-11-01 12:00:00,Aston Villa,Southampton,3,4,2.44855,1.00333,2021
2020-11-01 16:30:00,Manchester United,Arsenal,0,1,0.394113,0.998072,2021
2020-11-01 14:00:00,Newcastle United,Everton,2,1,2.6311,1.21805,2021
2020-11-01 19:15:00,Tottenham Hotspur,Brighton,2,1,1.97236,0.324457,2021
2020-11-02 17:30:00,Fulham,West Bromwich Albion,2,0,1.62247,0.482685,2021
2020-11-02 20:00:00,Leeds United,Leicester City,1,4,1.74822,3.07657,2021
2020-11-06 17:30:00,Brighton,Burnley,0,0,1.59022,0.326933,2021
2020-11-06 20:00:00,Southampton,Newcastle United,2,0,0.985828,0.175633,2021
2020-11-07 17:30:00,Chelsea,Sheffield United,4,1,2.87622,0.743967,2021
2020-11-07 15:00:00,Crystal Palace,Leeds United,4,1,1.30169,0.847913,2021
2020-11-07 12:30:00,Everton,Manchester United,1,3,0.376464,1.59642,2021
2020-11-07 20:00:00,West Ham United,Fulham,1,0,1.42614,1.84922,2021
2020-11-08 19:15:00,Arsenal,Aston Villa,0,3,1.39037,1.98553,2021
2020-11-08 14:00:00,Leicester City,Wolverhampton Wanderers,1,0,2.0545,0.57936,2021
2020-11-08 16:30:00,Manchester City,Liverpool,1,1,1.58487,1.18789,2021
2020-11-08 12:00:00,West Bromwich Albion,Tottenham Hotspur,0,1,0.799352,1.87063,2021
2020-11-21 15:00:00,Aston Villa,Brighton,1,2,1.76514,1.50038,2021
2020-11-21 20:00:00,Manchester United,West Bromwich Albion,1,0,2.42994,0.438646,2021
2020-11-21 12:30:00,Newcastle United,Chelsea,0,2,0.368286,1.81923,2021
2020-11-21 17:30:00,Tottenham Hotspur,Manchester City,2,0,0.761142,1.66325,2021
2020-11-22 12:00:00,Fulham,Everton,2,3,1.87028,2.2508,2021
2020-11-22 16:30:00,Leeds United,Arsenal,0,0,1.9617,0.710778,2021
2020-11-22 19:15:00,Liverpool,Leicester City,3,0,3.77245,1.98397,2021
2020-11-22 14:00:00,Sheffield United,West Ham United,0,1,0.692374,2.1142,2021
2020-11-23 17:30:00,Burnley,Crystal Palace,1,0,1.75343,1.28331,2021
2020-11-23 20:00:00,Wolverhampton Wanderers,Southampton,1,1,1.57479,1.0785,2021
2020-11-27 20:00:00,Crystal Palace,Newcastle United,0,2,0.534893,1.27929,2021
2020-11-28 12:30:00,Brighton,Liverpool,1,1,2.30722,0.28109,2021
2020-11-28 17:30:00,Everton,Leeds United,0,1,1.29229,3.11324,2021
2020-11-28 15:00:00,Manchester City,Burnley,5,0,2.26129,0.419877,2021
2020-11-28 20:00:00,West Bromwich Albion,Sheffield United,1,0,1.71644,3.36544,2021
2020-11-29 19:15:00,Arsenal,Wolverhampton Wanderers,1,2,1.1185,2.0069,2021
2020-11-29 16:30:00,Chelsea,Tottenham Hotspur,0,0,0.974755,0.22689,2021
2020-11-29 14:00:00,Southampton,Manchester United,2,3,0.498783,2.47547,2021
2020-11-30 17:30:00,Leicester City,Fulham,1,2,1.27814,2.03719,2021
2020-11-30 20:00:00,West Ham United,Aston Villa,2,1,0.571633,2.39051,2021
2020-12-05 12:30:00,Burnley,Everton,1,1,0.730434,2.28139,2021
2020-12-05 20:00:00,Chelsea,Leeds United,3,1,4.89472,1.0277,2021
2020-12-05 15:00:00,Manchester City,Fulham,2,0,3.26328,0.287444,2021
2020-12-05 17:30:00,West Ham United,Manchester United,1,3,2.53006,1.78708,2021
2020-12-06 19:15:00,Liverpool,Wolverhampton Wanderers,4,0,1.59454,0.357753,2021
2020-12-06 14:15:00,Sheffield United,Leicester City,1,2,0.290743,1.3904,2021
2020-12-06 16:30:00,Tottenham Hotspur,Arsenal,2,0,0.390629,0.595216,2021
2020-12-06 12:00:00,West Bromwich Albion,Crystal Palace,1,5,0.567234,1.68656,2021
2020-12-07 20:00:00,Brighton,Southampton,1,2,2.03376,1.34801,2021
2020-12-11 20:00:00,Leeds United,West Ham United,1,2,1.56644,1.7851,2021
2020-12-12 20:00:00,Everton,Chelsea,1,0,1.2216,1.00627,2021
2020-12-12 17:30:00,Manchester United,Manchester City,0,0,0.591617,1.28434,2021
2020-12-12 15:00:00,Newcastle United,West Bromwich Albion,2,1,0.904163,0.57319,2021
2020-12-12 12:30:00,Wolverhampton Wanderers,Aston Villa,0,1,1.1356,1.26872,2021
2020-12-13 19:15:00,Arsenal,Burnley,0,1,1.85362,0.815375,2021
2020-12-13 14:15:00,Crystal Palace,Tottenham Hotspur,1,1,1.84443,1.40792,2021
2020-12-13 16:30:00,Fulham,Liverpool,1,1,1.72509,1.82445,2021
2020-12-13 19:15:00,Leicester City,Brighton,3,0,1.64351,0.791673,2021
2020-12-13 12:00:00,Southampton,Sheffield United,3,0,2.27973,0.219115,2021
2020-12-15 20:00:00,Manchester City,West Bromwich Albion,1,1,2.58593,0.210243,2021
2020-12-15 18:00:00,Wolverhampton Wanderers,Chelsea,2,1,0.683783,1.56772,2021
2020-12-16 18:00:00,Arsenal,Southampton,1,1,0.661135,1.11296,2021
2020-12-16 20:00:00,Fulham,Brighton,0,0,1.00448,0.462456,2021
2020-12-16 18:00:00,Leeds United,Newcastle United,5,2,2.95137,1.44437,2021
2020-12-16 18:00:00,Leicester City,Everton,0,2,0.83883,1.51486,2021
2020-12-16 20:00:00,Liverpool,Tottenham Hotspur,2,1,1.21783,1.5161,2021
2020-12-16 20:00:00,West Ham United,Crystal Palace,1,1,0.449469,1.09108,2021
2020-12-17 18:00:00,Aston Villa,Burnley,0,0,1.81142,0.316737,2021
2020-12-17 20:00:00,Sheffield United,Manchester United,2,3,1.23525,1.78667,2021
2020-12-19 12:30:00,Crystal Palace,Liverpool,0,7,0.489318,2.86902,2021
2020-12-19 17:30:00,Everton,Arsenal,2,1,0.661744,1.25206,2021
2020-12-19 20:00:00,Newcastle United,Fulham,1,1,1.26725,1.10645,2021
2020-12-19 15:00:00,Southampton,Manchester City,0,1,0.586972,1.15599,2021
2020-12-20 12:00:00,Brighton,Sheffield United,1,1,2.90097,1.03713,2021
2020-12-20 16:30:00,Manchester United,Leeds United,6,2,4.77743,1.63467,2021
2020-12-20 14:15:00,Tottenham Hotspur,Leicester City,0,2,0.945932,1.74772,2021
2020-12-20 19:15:00,West Bromwich Albion,Aston Villa,0,3,0.0388442,2.61964,2021
2020-12-21 17:30:00,Burnley,Wolverhampton Wanderers,2,1,1.20465,1.45722,2021
2020-12-21 20:00:00,Chelsea,West Ham United,3,0,2.41157,0.277737,2021
2020-12-26 17:30:00,Arsenal,Chelsea,3,1,1.94485,2.25414,2021
2020-12-26 15:00:00,Aston Villa,Crystal Palace,3,0,4.58214,0.849086,2021
2020-12-26 15:00:00,Fulham,Southampton,0,0,0.781855,0.119709,2021
2020-12-26 12:30:00,Leicester City,Manchester United,2,2,1.0396,2.08423,2021
2020-12-26 20:00:00,Manchester City,Newcastle United,2,0,3.19575,0.200953,2021
2020-12-26 20:00:00,Sheffield United,Everton,0,1,1.25106,0.568803,2021
2020-12-27 12:00:00,Leeds United,Burnley,1,0,2.13271,1.54591,2021
2020-12-27 16:30:00,Liverpool,West Bromwich Albion,1,1,1.45485,0.739845,2021
2020-12-27 14:15:00,West Ham United,Brighton,2,2,1.38877,1.50551,2021
2020-12-27 19:15:00,Wolverhampton Wanderers,Tottenham Hotspur,1,1,0.742598,0.408109,2021
2020-12-28 17:30:00,Chelsea,Aston Villa,1,1,1.53701,0.730859,2021
2020-12-28 15:00:00,Crystal Palace,Leicester City,1,1,0.321348,1.72132,2021
2020-12-29 18:00:00,Brighton,Arsenal,0,1,0.799368,1.31394,2021
2020-12-29 18:00:00,Burnley,Sheffield United,1,0,0.973831,0.492578,2021
2020-12-29 20:00:00,Manchester United,Wolverhampton Wanderers,1,0,1.48207,0.411046,2021
2020-12-29 18:00:00,Southampton,West Ham United,0,0,0.670996,1.07246,2021
2020-12-29 18:00:00,West Bromwich Albion,Leeds United,0,5,0.43551,1.54225,2021
2020-12-30 20:00:00,Newcastle United,Liverpool,0,0,0.817935,1.32047,2021
2021-01-01 17:30:00,Everton,West Ham United,0,1,0.371045,1.19713,2021
2021-01-01 20:00:00,Manchester United,Aston Villa,2,1,2.46473,1.56434,2021
2021-01-02 17:30:00,Brighton,Wolverhampton Wanderers,3,3,2.4228,1.81856,2021
2021-01-02 15:00:00,Crystal Palace,Sheffield United,2,0,0.598888,0.323158,2021
2021-01-02 12:30:00,Tottenham Hotspur,Leeds United,3,0,2.5286,1.15626,2021
2021-01-02 20:00:00,West Bromwich Albion,Arsenal,0,4,0.869874,4.03429,2021
2021-01-03 16:30:00,Chelsea,Manchester City,1,3,0.691013,3.18063,2021
2021-01-03 14:15:00,Newcastle United,Leicester City,1,2,0.264584,0.702081,2021
2021-01-04 20:00:00,Southampton,Liverpool,1,0,0.500436,1.37204,2021
2021-01-12 22:15:00,Burnley,Manchester United,0,1,0.648582,1.23996,2021
2021-01-12 18:00:00,Sheffield United,Newcastle United,1,0,2.01315,1.04745,2021
2021-01-12 20:15:00,Wolverhampton Wanderers,Everton,1,2,0.852495,0.323445,2021
2021-01-13 18:00:00,Manchester City,Brighton,1,0,2.90855,0.177084,2021
2021-01-13 20:00:00,Tottenham Hotspur,Fulham,1,1,3.14372,1.05329,2021
2021-01-14 20:00:00,Arsenal,Crystal Palace,0,0,0.368554,0.709634,2021
2021-01-16 17:30:00,Fulham,Chelsea,0,1,0.46126,1.37939,2021
2021-01-16 15:00:00,Leeds United,Brighton,0,1,0.245193,1.14424,2021
2021-01-16 20:00:00,Leicester City,Southampton,2,0,2.12019,0.378147,2021
2021-01-16 15:00:00,West Ham United,Burnley,1,0,1.73397,0.395668,2021
2021-01-16 12:30:00,Wolverhampton Wanderers,West Bromwich Albion,2,3,1.94358,2.46332,2021
2021-01-17 16:30:00,Liverpool,Manchester United,0,0,1.20205,1.18929,2021
2021-01-17 19:15:00,Manchester City,Crystal Palace,4,0,0.961088,0.0515836,2021
2021-01-17 14:00:00,Sheffield United,Tottenham Hotspur,1,3,0.978133,1.28385,2021
2021-01-18 20:00:00,Arsenal,Newcastle United,3,0,2.30744,0.168796,2021
2021-01-19 20:15:00,Leicester City,Chelsea,2,0,1.1449,0.615727,2021
2021-01-19 18:00:00,West Ham United,West Bromwich Albion,2,1,2.17512,0.464091,2021
2021-01-20 20:15:00,Fulham,Manchester United,1,2,0.753669,1.68401,2021
2021-01-20 20:00:00,Manchester City,Aston Villa,2,0,3.34385,0.601768,2021
2021-01-21 20:00:00,Liverpool,Burnley,0,1,1.64907,1.08059,2021
2021-01-23 20:00:00,Aston Villa,Newcastle United,2,0,2.6026,0.400364,2021
2021-01-26 18:00:00,Crystal Palace,West Ham United,2,3,0.629033,3.30321,2021
2021-01-26 18:00:00,Newcastle United,Leeds United,1,2,1.1364,0.785914,2021
2021-01-26 20:15:00,Southampton,Arsenal,1,3,0.99504,2.4339,2021
2021-01-26 20:15:00,West Bromwich Albion,Manchester City,0,5,0.568258,2.24838,2021
2021-01-27 19:30:00,Brighton,Fulham,0,0,2.29129,0.513226,2021
2021-01-27 18:00:00,Burnley,Aston Villa,3,2,0.717681,2.70718,2021
2021-01-27 18:00:00,Chelsea,Wolverhampton Wanderers,0,0,0.663324,0.63192,2021
2021-01-27 20:15:00,Everton,Leicester City,1,1,0.474981,0.792045,2021
2021-01-27 20:15:00,Manchester United,Sheffield United,1,2,0.9931,0.689548,2021
2021-01-28 20:00:00,Tottenham Hotspur,Liverpool,1,3,0.104586,2.58798,2021
2021-01-30 17:30:00,Arsenal,Manchester United,0,0,0.747166,1.51332,2021
2021-01-30 15:00:00,Crystal Palace,Wolverhampton Wanderers,1,0,1.36877,0.450907,2021
2021-01-30 12:30:00,Everton,Newcastle United,0,2,0.966012,2.08832,2021
2021-01-30 15:00:00,Manchester City,Sheffield United,1,0,1.53116,0.154537,2021
2021-01-30 20:00:00,Southampton,Aston Villa,0,1,2.22557,0.795508,2021
2021-01-30 15:00:00,West Bromwich Albion,Fulham,2,2,0.994664,1.52044,2021
2021-01-31 19:15:00,Brighton,Tottenham Hotspur,1,0,1.77386,0.372524,2021
2021-01-31 12:00:00,Chelsea,Burnley,2,0,1.4405,0.390714,2021
2021-01-31 14:00:00,Leicester City,Leeds United,1,3,1.73432,1.8141,2021
2021-01-31 16:30:00,West Ham United,Liverpool,1,3,0.883061,2.05809,2021
2021-02-02 20:15:00,Manchester United,Southampton,9,0,5.0325,0.507893,2021
2021-02-02 20:15:00,Newcastle United,Crystal Palace,1,2,1.90755,0.809312,2021
2021-02-02 18:00:00,Sheffield United,West Bromwich Albion,2,1,1.35804,1.61871,2021
2021-02-02 18:00:00,Wolverhampton Wanderers,Arsenal,2,1,1.56162,0.716265,2021
2021-02-03 20:15:00,Aston Villa,West Ham United,1,3,0.741154,1.79064,2021
2021-02-03 18:00:00,Burnley,Manchester City,0,2,0.0489155,2.12153,2021
2021-02-03 18:00:00,Fulham,Leicester City,0,2,0.731288,1.71299,2021
2021-02-03 19:30:00,Leeds United,Everton,1,2,1.14303,1.91539,2021
2021-02-03 20:15:00,Liverpool,Brighton,0,1,1.09518,1.18977,2021
2021-02-04 20:00:00,Tottenham Hotspur,Chelsea,0,1,0.569446,2.393,2021
2021-02-06 12:30:00,Aston Villa,Arsenal,1,0,1.19792,0.679649,2021
2021-02-06 15:00:00,Burnley,Brighton,1,1,1.88934,0.612682,2021
2021-02-06 17:30:00,Fulham,West Ham United,0,0,1.60884,0.943539,2021
2021-02-06 20:00:00,Manchester United,Everton,3,3,1.71769,1.5571,2021
2021-02-06 15:00:00,Newcastle United,Southampton,3,2,0.910553,1.43445,2021
2021-02-07 16:30:00,Liverpool,Manchester City,1,4,1.17728,3.55196,2021
2021-02-07 19:15:00,Sheffield United,Chelsea,1,2,0.623045,1.64144,2021
2021-02-07 12:00:00,Tottenham Hotspur,West Bromwich Albion,2,0,1.92997,0.698686,2021
2021-02-07 14:00:00,Wolverhampton Wanderers,Leicester City,0,0,1.35506,0.632232,2021
2021-02-08 20:00:00,Leeds United,Crystal Palace,2,0,2.64769,0.370278,2021
2021-02-13 20:00:00,Brighton,Aston Villa,0,0,2.33232,0.144036,2021
2021-02-13 15:00:00,Crystal Palace,Burnley,0,3,0.645616,1.95502,2021
2021-02-13 12:30:00,Leicester City,Liverpool,3,1,2.07383,1.68325,2021
2021-02-13 17:30:00,Manchester City,Tottenham Hotspur,3,0,2.46219,0.4235,2021
2021-02-14 16:30:00,Arsenal,Leeds United,4,2,2.50614,0.77074,2021
2021-02-14 19:00:00,Everton,Fulham,0,2,0.314075,2.55085,2021
2021-02-14 12:00:00,Southampton,Wolverhampton Wanderers,1,2,0.8536,1.09361,2021
2021-02-14 14:00:00,West Bromwich Albion,Manchester United,1,1,0.945964,0.423885,2021
2021-02-15 20:00:00,Chelsea,Newcastle United,2,0,2.5428,0.432603,2021
2021-02-15 18:00:00,West Ham United,Sheffield United,3,0,2.32735,0.926652,2021
2021-02-17 18:00:00,Burnley,Fulham,1,1,1.20642,0.594471,2021
2021-02-17 20:15:00,Everton,Manchester City,1,3,1.04664,1.23218,2021
2021-02-19 20:00:00,Wolverhampton Wanderers,Leeds United,1,0,0.592049,2.4793,2021
2021-02-20 15:00:00,Burnley,West Bromwich Albion,0,0,0.535153,1.71922,2021
2021-02-20 20:00:00,Fulham,Sheffield United,1,0,1.21006,0.977747,2021
2021-02-20 17:30:00,Liverpool,Everton,0,2,1.54046,2.01468,2021
2021-02-20 12:30:00,Southampton,Chelsea,1,1,0.496603,1.44849,2021
2021-02-21 16:30:00,Arsenal,Manchester City,0,1,0.331188,2.08868,2021
2021-02-21 14:00:00,Aston Villa,Leicester City,1,2,1.7084,1.23852,2021
2021-02-21 19:00:00,Manchester United,Newcastle United,3,1,1.7256,0.341778,2021
2021-02-21 12:00:00,West Ham United,Tottenham Hotspur,2,1,1.09246,0.770706,2021
2021-02-22 20:00:00,Brighton,Crystal Palace,1,2,2.59204,0.179886,2021
2021-02-23 20:00:00,Leeds United,Southampton,3,0,1.84753,1.47981,2021
2021-02-27 17:30:00,Leeds United,Aston Villa,0,1,1.00106,0.876255,2021
2021-02-27 12:30:00,Manchester City,West Ham United,2,1,0.760574,1.92892,2021
2021-02-27 20:00:00,Newcastle United,Wolverhampton Wanderers,1,1,1.9519,1.27827,2021
2021-02-27 15:00:00,West Bromwich Albion,Brighton,1,0,0.687091,3.12111,2021
2021-02-28 16:30:00,Chelsea,Manchester United,0,0,1.17294,0.35954,2021
2021-02-28 12:00:00,Crystal Palace,Fulham,0,0,0.0880148,0.813134,2021
2021-02-28 12:00:00,Leicester City,Arsenal,1,3,0.533575,2.1065,2021
2021-02-28 19:15:00,Sheffield United,Liverpool,0,2,0.777149,2.80551,2021
2021-02-28 14:00:00,Tottenham Hotspur,Burnley,4,0,2.35788,0.603212,2021
2021-03-01 20:00:00,Everton,Southampton,1,0,1.42054,0.665743,2021
2021-03-02 20:00:00,Manchester City,Wolverhampton Wanderers,4,1,3.26196,0.318824,2021
2021-03-03 18:00:00,Burnley,Leicester City,1,1,1.26793,1.24109,2021
2021-03-03 20:15:00,Crystal Palace,Manchester United,0,0,0.742397,0.584016,2021
2021-03-03 18:00:00,Sheffield United,Aston Villa,1,0,0.716254,1.44176,2021
2021-03-04 18:00:00,Fulham,Tottenham Hotspur,0,1,1.1715,1.5519,2021
2021-03-04 20:15:00,Liverpool,Chelsea,0,1,0.247034,1.22635,2021
2021-03-04 18:00:00,West Bromwich Albion,Everton,0,1,1.02038,1.40789,2021
2021-03-06 17:30:00,Aston Villa,Wolverhampton Wanderers,0,0,0.956392,2.15087,2021
2021-03-06 20:00:00,Brighton,Leicester City,1,2,0.75471,1.03801,2021
2021-03-06 12:30:00,Burnley,Arsenal,1,1,1.10374,2.53692,2021
2021-03-06 15:00:00,Sheffield United,Southampton,0,2,0.908155,2.37386,2021
2021-03-07 14:00:00,Liverpool,Fulham,0,1,0.701764,1.37047,2021
2021-03-07 16:30:00,Manchester City,Manchester United,0,2,1.27561,2.11411,2021
2021-03-07 19:15:00,Tottenham Hotspur,Crystal Palace,4,1,2.24159,0.559383,2021
2021-03-07 12:00:00,West Bromwich Albion,Newcastle United,0,0,1.46503,0.454577,2021
2021-03-08 18:00:00,Chelsea,Everton,2,0,2.57224,0.270757,2021
2021-03-08 20:00:00,West Ham United,Leeds United,2,0,2.37556,1.34971,2021
2021-03-10 18:00:00,Manchester City,Southampton,5,2,3.10503,1.60561,2021
2021-03-12 20:00:00,Newcastle United,Aston Villa,1,1,0.873171,0.748665,2021
2021-03-13 15:00:00,Crystal Palace,West Bromwich Albion,1,0,1.30694,0.513439,2021
2021-03-13 17:30:00,Everton,Burnley,1,2,1.69849,0.74852,2021
2021-03-13 20:00:00,Fulham,Manchester City,0,3,0.449499,2.72578,2021
2021-03-13 12:30:00,Leeds United,Chelsea,0,0,0.382957,0.971054,2021
2021-03-14 16:30:00,Arsenal,Tottenham Hotspur,2,1,1.56529,0.705566,2021
2021-03-14 14:00:00,Leicester City,Sheffield United,5,0,4.54571,0.0934777,2021
2021-03-14 19:15:00,Manchester United,West Ham United,1,0,1.70128,0.463737,2021
2021-03-14 12:00:00,Southampton,Brighton,1,2,1.03495,0.895967,2021
2021-03-15 20:00:00,Wolverhampton Wanderers,Liverpool,0,1,1.29175,1.0552,2021
2021-03-19 20:00:00,Fulham,Leeds United,1,2,1.47498,1.40706,2021
2021-03-20 20:00:00,Brighton,Newcastle United,3,0,0.951921,0.100945,2021
2021-03-21 19:30:00,Aston Villa,Tottenham Hotspur,0,2,0.439681,1.72011,2021
2021-03-21 15:00:00,West Ham United,Arsenal,3,3,2.50629,1.35217,2021
2021-04-03 19:00:00,Arsenal,Liverpool,0,3,0.161161,2.43732,2021
2021-04-03 11:30:00,Chelsea,West Bromwich Albion,2,5,2.55917,1.38315,2021
2021-04-03 14:00:00,Leeds United,Sheffield United,2,1,2.50597,0.867652,2021
2021-04-03 16:30:00,Leicester City,Manchester City,0,2,0.284781,1.98438,2021
2021-04-04 15:30:00,Aston Villa,Fulham,3,1,1.52229,1.52172,2021
2021-04-04 18:30:00,Manchester United,Brighton,2,1,1.73474,1.41071,2021
2021-04-04 13:05:00,Newcastle United,Tottenham Hotspur,2,2,3.30098,2.43683,2021
2021-04-04 11:00:00,Southampton,Burnley,3,2,2.40272,1.50285,2021
2021-04-05 17:00:00,Everton,Crystal Palace,1,1,2.53386,0.603749,2021
2021-04-05 19:15:00,Wolverhampton Wanderers,West Ham United,2,3,1.95649,1.59694,2021
2021-04-09 19:00:00,Fulham,Wolverhampton Wanderers,0,1,0.733154,0.428134,2021
2021-04-10 16:30:00,Crystal Palace,Chelsea,1,4,0.602167,3.85472,2021
2021-04-10 14:00:00,Liverpool,Aston Villa,2,1,2.14592,0.760621,2021
2021-04-10 11:30:00,Manchester City,Leeds United,1,2,1.98825,0.17525,2021
2021-04-11 11:00:00,Burnley,Newcastle United,1,2,1.84262,1.34279,2021
2021-04-11 18:00:00,Sheffield United,Arsenal,0,3,0.315121,1.93838,2021
2021-04-11 15:30:00,Tottenham Hotspur,Manchester United,1,3,0.921801,2.09737,2021
2021-04-11 13:05:00,West Ham United,Leicester City,3,2,1.02408,1.17188,2021
2021-04-12 19:15:00,Brighton,Everton,0,0,1.16465,0.306287,2021
2021-04-12 17:00:00,West Bromwich Albion,Southampton,3,0,2.77089,1.5002,2021
2021-04-16 19:00:00,Everton,Tottenham Hotspur,2,2,2.26022,1.4815,2021
2021-04-17 11:30:00,Newcastle United,West Ham United,3,2,2.4314,2.06741,2021
2021-04-17 19:15:00,Wolverhampton Wanderers,Sheffield United,1,0,1.22604,0.295925,2021
2021-04-18 12:30:00,Arsenal,Fulham,1,1,2.85573,0.839128,2021
2021-04-18 15:00:00,Manchester United,Burnley,3,1,2.87455,0.959804,2021
2021-04-19 19:00:00,Leeds United,Liverpool,1,1,2.59719,1.60043,2021
2021-04-20 19:00:00,Chelsea,Brighton,0,0,0.807348,0.459568,2021
2021-04-21 19:15:00,Aston Villa,Manchester City,1,2,0.801733,1.5634,2021
2021-04-21 19:00:00,Tottenham Hotspur,Southampton,2,1,1.28824,1.06134,2021
2021-04-22 19:00:00,Leicester City,West Bromwich Albion,3,0,2.6712,0.277126,2021
2021-04-23 19:00:00,Arsenal,Everton,0,1,0.735767,0.529676,2021
2021-04-24 11:30:00,Liverpool,Newcastle United,1,1,2.84708,0.860694,2021
2021-04-24 19:00:00,Sheffield United,Brighton,1,0,0.786324,2.06038,2021
2021-04-24 16:30:00,West Ham United,Chelsea,0,1,0.267123,2.52059,2021
2021-04-25 18:00:00,Aston Villa,West Bromwich Albion,2,2,2.65394,1.56764,2021
2021-04-25 13:00:00,Leeds United,Manchester United,0,0,0.216834,1.11635,2021
2021-04-25 11:00:00,Wolverhampton Wanderers,Burnley,0,4,0.351673,2.24049,2021
2021-04-26 19:00:00,Leicester City,Crystal Palace,2,1,1.23419,0.723112,2021
2021-04-30 19:00:00,Southampton,Leicester City,1,1,0.954057,2.51518,2021
2021-05-01 14:00:00,Brighton,Leeds United,2,0,2.52542,0.510874,2021
2021-05-01 16:30:00,Chelsea,Fulham,2,0,1.8433,0.290042,2021
2021-05-01 11:30:00,Crystal Palace,Manchester City,0,2,0.361866,2.04443,2021
2021-05-01 19:00:00,Everton,Aston Villa,1,2,1.223,1.58811,2021
2021-05-02 13:00:00,Newcastle United,Arsenal,0,2,0.172988,1.78751,2021
2021-05-02 18:15:00,Tottenham Hotspur,Sheffield United,4,0,2.26016,0.469026,2021
2021-05-03 19:15:00,Burnley,West Ham United,1,2,1.68312,2.42477,2021
2021-05-03 17:00:00,West Bromwich Albion,Wolverhampton Wanderers,1,1,1.07133,0.844138,2021
2021-05-07 19:00:00,Leicester City,Newcastle United,2,4,2.315,2.87261,2021
2021-05-08 11:30:00,Leeds United,Tottenham Hotspur,3,1,2.55216,1.03384,2021
2021-05-08 19:15:00,Liverpool,Southampton,2,0,2.26367,1.2289,2021
2021-05-08 16:30:00,Manchester City,Chelsea,1,2,1.79168,0.619724,2021
2021-05-08 14:00:00,Sheffield United,Crystal Palace,0,2,0.639325,2.25382,2021
2021-05-09 18:00:00,Arsenal,West Bromwich Albion,3,1,1.07042,1.83076,2021
2021-05-09 13:05:00,Aston Villa,Manchester United,1,3,0.565472,1.88793,2021
2021-05-09 15:30:00,West Ham United,Everton,0,1,1.09704,1.56222,2021
2021-05-09 11:00:00,Wolverhampton Wanderers,Brighton,2,1,1.1199,0.27571,2021
2021-05-10 19:00:00,Fulham,Burnley,0,2,0.778074,1.65831,2021
2021-05-11 17:00:00,Manchester United,Leicester City,1,2,0.212874,0.991522,2021
2021-05-11 21:00:00,Southampton,Crystal Palace,3,1,1.58872,1.32586,2021
2021-05-12 19:15:00,Chelsea,Arsenal,0,1,1.56786,0.692043,2021
2021-05-13 21:00:00,Aston Villa,Everton,0,0,0.558976,0.975408,2021
2021-05-13 19:15:00,Manchester United,Liverpool,2,4,1.71328,2.938,2021
2021-05-14 19:00:00,Newcastle United,Manchester City,3,4,2.18312,1.477,2021
2021-05-15 19:00:00,Brighton,West Ham United,1,1,0.922587,1.92378,2021
2021-05-15 11:30:00,Burnley,Leeds United,0,4,1.41338,1.85654,2021
2021-05-15 14:00:00,Southampton,Fulham,3,1,2.29146,0.875957,2021
2021-05-16 11:00:00,Crystal Palace,Aston Villa,3,2,1.95285,1.2303,2021
2021-05-16 18:00:00,Everton,Sheffield United,0,1,1.24609,1.391,2021
2021-05-16 13:05:00,Tottenham Hotspur,Wolverhampton Wanderers,2,0,3.13947,1.09206,2021
2021-05-16 15:30:00,West Bromwich Albion,Liverpool,1,2,1.14202,2.07854,2021
2021-05-18 18:00:00,Brighton,Manchester City,3,2,1.22824,1.07139,2021
2021-05-18 19:15:00,Chelsea,Leicester City,2,1,2.86149,0.832596,2021
2021-05-18 17:00:00,Manchester United,Fulham,1,1,0.92243,0.872643,2021
2021-05-18 17:00:00,Southampton,Leeds United,0,2,1.3084,1.58132,2021
2021-05-19 19:15:00,Burnley,Liverpool,0,3,0.837048,2.73316,2021
2021-05-19 18:00:00,Crystal Palace,Arsenal,1,3,0.998377,1.7945,2021
2021-05-19 17:00:00,Everton,Wolverhampton Wanderers,1,0,0.670997,0.265526,2021
2021-05-19 17:00:00,Newcastle United,Sheffield United,1,0,1.82508,0.882242,2021
2021-05-19 17:00:00,Tottenham Hotspur,Aston Villa,1,2,0.89279,1.63669,2021
2021-05-19 19:15:00,West Bromwich Albion,West Ham United,1,3,1.10741,3.56991,2021
2021-05-23 15:00:00,Arsenal,Brighton,2,0,0.772904,0.193968,2021
2021-05-23 15:00:00,Aston Villa,Chelsea,2,1,0.980413,3.43414,2021
2021-05-23 15:00:00,Fulham,Newcastle United,0,2,0.98902,1.60157,2021
2021-05-23 15:00:00,Leeds United,West Bromwich Albion,3,1,2.49009,1.02209,2021
2021-05-23 15:00:00,Leicester City,Tottenham Hotspur,2,4,1.82554,1.85229,2021
2021-05-23 15:00:00,Liverpool,Crystal Palace,2,0,2.20348,0.772317,2021
2021-05-23 15:00:00,Manchester City,Everton,5,0,2.88355,1.07258,2021
2021-05-23 15:00:00,Sheffield United,Burnley,1,0,0.420006,0.558508,2021
2021-05-23 15:00:00,West Ham United,Southampton,3,0,1.98344,1.35179,2021
2021-05-23 15:00:00,Wolverhampton Wanderers,Manchester United,1,2,0.701256,2.05229,2021
2021-08-13 19:00:00,Brentford,Arsenal,2,0,1.88818,1.02385,2122
2021-08-14 14:00:00,Burnley,Brighton,1,2,1.79548,1.6853,2122
2021-08-14 14:00:00,Chelsea,Crystal Palace,3,0,1.18709,0.321701,2122
2021-08-14 14:00:00,Everton,Southampton,3,1,2.38863,0.580601,2122
2021-08-14 14:00:00,Leicester City,Wolverhampton Wanderers,1,0,0.668082,1.32714,2122
2021-08-14 11:30:00,Manchester United,Leeds United,5,1,1.64248,0.568342,2122
2021-08-14 16:30:00,Norwich City,Liverpool,0,3,1.3333,1.78728,2122
2021-08-14 14:00:00,Watford,Aston Villa,3,2,1.35036,1.13718,2122
2021-08-15 13:00:00,Newcastle United,West Ham United,2,4,1.67926,3.00939,2122
2021-08-15 15:30:00,Tottenham Hotspur,Manchester City,1,0,1.06014,2.10585,2122
2021-08-21 14:00:00,Aston Villa,Newcastle United,2,0,1.18426,0.63163,2122
2021-08-21 16:30:00,Brighton,Watford,2,0,1.77896,0.407224,2122
2021-08-21 14:00:00,Crystal Palace,Brentford,0,0,0.606313,0.712439,2122
2021-08-21 14:00:00,Leeds United,Everton,2,2,0.966093,1.85713,2122
2021-08-21 11:30:00,Liverpool,Burnley,2,0,2.63945,0.690464,2122
2021-08-21 14:00:00,Manchester City,Norwich City,5,0,2.43928,0.0250088,2122
2021-08-22 15:30:00,Arsenal,Chelsea,0,2,0.630099,3.64132,2122
2021-08-22 13:00:00,Southampton,Manchester United,1,1,0.587526,2.26173,2122
2021-08-22 13:00:00,Wolverhampton Wanderers,Tottenham Hotspur,0,1,1.51127,1.72636,2122
2021-08-23 19:00:00,West Ham United,Leicester City,4,1,2.28613,0.62676,2122
2021-08-28 14:00:00,Aston Villa,Brentford,1,1,0.431464,1.13312,2122
2021-08-28 14:00:00,Brighton,Everton,0,2,0.701622,1.54868,2122
2021-08-28 16:30:00,Liverpool,Chelsea,1,1,2.08462,0.573638,2122
2021-08-28 11:30:00,Manchester City,Arsenal,5,0,4.47273,0.116805,2122
2021-08-28 14:00:00,Newcastle United,Southampton,2,2,1.19077,3.46036,2122
2021-08-28 14:00:00,Norwich City,Leicester City,1,2,1.44084,1.27371,2122
2021-08-28 14:00:00,West Ham United,Crystal Palace,2,2,1.44748,1.67658,2122
2021-08-29 13:00:00,Burnley,Leeds United,1,1,1.71102,1.52078,2122
2021-08-29 13:00:00,Tottenham Hotspur,Watford,1,0,0.920963,0.596016,2122
2021-08-29 15:30:00,Wolverhampton Wanderers,Manchester United,0,1,1.79575,0.944083,2122
2021-09-11 14:00:00,Arsenal,Norwich City,1,0,2.68515,0.577292,2122
2021-09-11 14:00:00,Brentford,Brighton,0,1,0.729786,0.287902,2122
2021-09-11 16:30:00,Chelsea,Aston Villa,3,0,1.22153,1.17349,2122
2021-09-11 11:30:00,Crystal Palace,Tottenham Hotspur,3,0,2.89372,0.0775646,2122
2021-09-11 14:00:00,Leicester City,Manchester City,0,1,0.8001,2.75058,2122
2021-09-11 14:00:00,Manchester United,Newcastle United,4,1,2.77326,0.622042,2122
2021-09-11 14:00:00,Southampton,West Ham United,0,0,0.692135,0.725407,2122
2021-09-11 14:00:00,Watford,Wolverhampton Wanderers,0,2,0.185407,2.55922,2122
2021-09-12 15:30:00,Leeds United,Liverpool,0,3,0.652514,4.4016,2122
2021-09-13 19:00:00,Everton,Burnley,3,1,1.80386,1.82061,2122
2021-09-17 19:00:00,Newcastle United,Leeds United,1,1,1.17668,1.42995,2122
2021-09-18 16:30:00,Aston Villa,Everton,3,0,0.777716,0.755035,2122
2021-09-18 14:00:00,Burnley,Arsenal,0,1,0.775574,1.09928,2122
2021-09-18 14:00:00,Liverpool,Crystal Palace,3,0,2.76793,0.644168,2122
2021-09-18 14:00:00,Manchester City,Southampton,0,0,1.22451,0.490923,2122
2021-09-18 14:00:00,Norwich City,Watford,1,3,0.782665,2.42487,2122
2021-09-18 11:30:00,Wolverhampton Wanderers,Brentford,0,2,1.02316,2.32741,2122
2021-09-19 13:00:00,Brighton,Leicester City,2,1,1.47438,1.25373,2122
2021-09-19 15:30:00,Tottenham Hotspur,Chelsea,0,3,0.70567,2.5869,2122
2021-09-19 13:00:00,West Ham United,Manchester United,1,2,1.6671,1.8954,2122
2021-09-25 16:30:00,Brentford,Liverpool,3,3,2.94058,2.25736,2122
2021-09-25 11:30:00,Chelsea,Manchester City,0,1,0.194202,1.69244,2122
2021-09-25 14:00:00,Everton,Norwich City,2,0,2.26681,0.800903,2122
2021-09-25 14:00:00,Leeds United,West Ham United,1,2,1.1967,1.98962,2122
2021-09-25 14:00:00,Leicester City,Burnley,2,2,2.16233,0.428866,2122
2021-09-25 11:30:00,Manchester United,Aston Villa,0,1,1.9251,1.57249,2122
2021-09-25 14:00:00,Watford,Newcastle United,1,1,0.904061,2.52338,2122
2021-09-26 15:30:00,Arsenal,Tottenham Hotspur,3,1,1.44499,0.980166,2122
2021-09-26 13:00:00,Southampton,Wolverhampton Wanderers,0,1,0.909342,0.909833,2122
2021-09-27 19:00:00,Crystal Palace,Brighton,1,1,1.36836,0.649566,2122
2021-10-02 16:30:00,Brighton,Arsenal,0,0,1.11551,0.36431,2122
2021-10-02 14:00:00,Burnley,Norwich City,0,0,0.584725,0.673617,2122
2021-10-02 14:00:00,Chelsea,Southampton,3,1,3.79243,1.52634,2122
2021-10-02 14:00:00,Leeds United,Watford,1,0,1.57388,0.192794,2122
2021-10-02 11:30:00,Manchester United,Everton,1,1,1.0496,1.32211,2122
2021-10-02 14:00:00,Wolverhampton Wanderers,Newcastle United,2,1,1.15849,0.865217,2122
2021-10-03 13:00:00,Crystal Palace,Leicester City,2,2,1.1703,1.04322,2122
2021-10-03 15:30:00,Liverpool,Manchester City,2,2,0.949368,1.04319,2122
2021-10-03 13:00:00,Tottenham Hotspur,Aston Villa,2,1,1.78187,1.07395,2122
2021-10-03 13:00:00,West Ham United,Brentford,1,2,1.37258,1.30098,2122
2021-10-16 14:00:00,Aston Villa,Wolverhampton Wanderers,2,3,1.21276,2.19633,2122
2021-10-16 16:30:00,Brentford,Chelsea,0,1,1.62169,0.248256,2122
2021-10-16 14:00:00,Leicester City,Manchester United,4,2,2.96611,1.02494,2122
2021-10-16 14:00:00,Manchester City,Burnley,2,0,2.15712,1.07719,2122
2021-10-16 14:00:00,Norwich City,Brighton,0,0,1.16088,1.17572,2122
2021-10-16 14:00:00,Southampton,Leeds United,1,0,1.83082,0.446173,2122
2021-10-16 11:30:00,Watford,Liverpool,0,5,0.302302,3.65553,2122
2021-10-17 13:00:00,Everton,West Ham United,0,1,0.854165,2.03034,2122
2021-10-17 15:30:00,Newcastle United,Tottenham Hotspur,2,3,0.645658,1.55008,2122
2021-10-18 19:00:00,Arsenal,Crystal Palace,2,2,1.7436,0.492239,2122
2021-10-22 19:00:00,Arsenal,Aston Villa,3,1,3.4984,1.41088,2122
2021-10-23 16:30:00,Brighton,Manchester City,1,4,1.1695,3.57376,2122
2021-10-23 11:30:00,Chelsea,Norwich City,7,0,3.10509,0.267429,2122
2021-10-23 14:00:00,Crystal Palace,Newcastle United,1,1,2.25588,0.721813,2122
2021-10-23 14:00:00,Everton,Watford,2,5,1.84089,3.10344,2122
2021-10-23 14:00:00,Leeds United,Wolverhampton Wanderers,1,1,1.71313,0.858644,2122
2021-10-23 14:00:00,Southampton,Burnley,2,2,1.42567,0.673195,2122
2021-10-24 13:00:00,Brentford,Leicester City,1,2,1.16789,1.00254,2122
2021-10-24 15:30:00,Manchester United,Liverpool,0,5,1.35584,4.04765,2122
2021-10-24 13:00:00,West Ham United,Tottenham Hotspur,1,0,1.73468,0.672198,2122
2021-10-30 14:00:00,Burnley,Brentford,3,1,2.72901,0.834312,2122
2021-10-30 11:30:00,Leicester City,Arsenal,0,2,1.98801,1.10288,2122
2021-10-30 14:00:00,Liverpool,Brighton,2,2,1.39778,1.51032,2122
2021-10-30 14:00:00,Manchester City,Crystal Palace,0,2,0.65739,1.05029,2122
2021-10-30 14:00:00,Newcastle United,Chelsea,0,3,0.157616,2.16608,2122
2021-10-30 16:30:00,Tottenham Hotspur,Manchester United,0,3,1.15787,1.38612,2122
2021-10-30 14:00:00,Watford,Southampton,0,1,0.852556,1.90757,2122
2021-10-31 16:30:00,Aston Villa,West Ham United,1,4,0.687551,2.66391,2122
2021-10-31 14:00:00,Norwich City,Leeds United,1,2,0.661887,1.16855,2122
2021-11-01 20:00:00,Wolverhampton Wanderers,Everton,2,1,1.69344,1.69767,2122
2021-11-05 20:00:00,Southampton,Aston Villa,1,0,0.89818,0.536077,2122
2021-11-06 15:00:00,Brentford,Norwich City,1,2,2.79229,1.15797,2122
2021-11-06 17:30:00,Brighton,Newcastle United,1,1,1.43123,0.227321,2122
2021-11-06 15:00:00,Chelsea,Burnley,1,1,3.00585,0.674072,2122
2021-11-06 15:00:00,Crystal Palace,Wolverhampton Wanderers,2,0,2.65161,0.25416,2122
2021-11-06 12:30:00,Manchester United,Manchester City,0,2,0.759561,2.04202,2122
2021-11-07 14:00:00,Arsenal,Watford,1,0,1.49208,0.491659,2122
2021-11-07 14:00:00,Everton,Tottenham Hotspur,0,0,0.597906,0.801798,2122
2021-11-07 14:00:00,Leeds United,Leicester City,1,1,1.96551,0.795292,2122
2021-11-07 16:30:00,West Ham United,Liverpool,3,2,1.25298,1.45641,2122
2021-11-20 15:00:00,Aston Villa,Brighton,2,0,1.06946,0.582787,2122
2021-11-20 15:00:00,Burnley,Crystal Palace,3,3,1.04224,1.74839,2122
2021-11-20 12:30:00,Leicester City,Chelsea,0,3,0.499504,2.57178,2122
2021-11-20 17:30:00,Liverpool,Arsenal,4,0,3.97374,0.268025,2122
2021-11-20 15:00:00,Newcastle United,Brentford,3,3,2.18388,1.23275,2122
2021-11-20 15:00:00,Norwich City,Southampton,2,1,0.43778,1.13118,2122
2021-11-20 15:00:00,Watford,Manchester United,4,1,2.73393,1.66794,2122
2021-11-20 15:00:00,Wolverhampton Wanderers,West Ham United,1,0,1.31903,0.436331,2122
2021-11-21 14:00:00,Manchester City,Everton,3,0,2.61302,0.266894,2122
2021-11-21 16:30:00,Tottenham Hotspur,Leeds United,2,1,2.31744,1.46689,2122
2021-11-27 12:30:00,Arsenal,Newcastle United,2,0,2.84493,0.185383,2122
2021-11-27 17:30:00,Brighton,Leeds United,0,0,1.90498,0.864829,2122
2021-11-27 15:00:00,Crystal Palace,Aston Villa,1,2,0.962129,0.454305,2122
2021-11-27 15:00:00,Liverpool,Southampton,4,0,3.07278,0.966132,2122
2021-11-27 15:00:00,Norwich City,Wolverhampton Wanderers,0,0,1.4047,0.297157,2122
2021-11-28 14:00:00,Brentford,Everton,1,0,1.19813,0.968075,2122
2021-11-28 16:30:00,Chelsea,Manchester United,1,1,2.34525,0.563367,2122
2021-11-28 14:00:00,Leicester City,Watford,4,2,2.16027,2.38383,2122
2021-11-28 14:00:00,Manchester City,West Ham United,2,1,2.72187,0.171763,2122
2021-11-30 20:15:00,Leeds United,Crystal Palace,1,0,1.9818,0.707328,2122
2021-11-30 19:30:00,Newcastle United,Norwich City,1,1,1.15636,1.51084,2122
2021-12-01 20:15:00,Aston Villa,Manchester City,1,2,0.772083,1.01897,2122
2021-12-01 20:15:00,Everton,Liverpool,1,4,0.512263,2.86067,2122
2021-12-01 19:30:00,Southampton,Leicester City,2,2,1.91169,1.4401,2122
2021-12-01 19:30:00,Watford,Chelsea,1,2,0.990877,0.908574,2122
2021-12-01 19:30:00,West Ham United,Brighton,1,1,1.14679,1.2607,2122
2021-12-01 19:30:00,Wolverhampton Wanderers,Burnley,0,0,0.711691,0.195537,2122
2021-12-02 20:15:00,Manchester United,Arsenal,3,2,1.85597,1.16638,2122
2021-12-02 19:30:00,Tottenham Hotspur,Brentford,2,0,2.07248,0.225492,2122
2021-12-04 15:00:00,Newcastle United,Burnley,1,0,1.70609,0.604599,2122
2021-12-04 15:00:00,Southampton,Brighton,1,1,1.34236,1.4872,2122
2021-12-04 17:30:00,Watford,Manchester City,1,3,0.675105,4.03223,2122
2021-12-04 12:30:00,West Ham United,Chelsea,3,2,2.0174,1.37049,2122
2021-12-04 15:00:00,Wolverhampton Wanderers,Liverpool,0,1,0.095167,2.42332,2122
2021-12-05 16:30:00,Aston Villa,Leicester City,2,1,1.84818,0.982614,2122
2021-12-05 14:00:00,Leeds United,Brentford,2,2,1.41896,1.19959,2122
2021-12-05 14:00:00,Manchester United,Crystal Palace,1,0,0.870376,0.520593,2122
2021-12-05 14:00:00,Tottenham Hotspur,Norwich City,3,0,2.00668,1.06562,2122
2021-12-06 20:00:00,Everton,Arsenal,2,1,1.06108,1.05723,2122
2021-12-10 20:00:00,Brentford,Watford,2,1,1.82799,0.561554,2122
2021-12-11 15:00:00,Arsenal,Southampton,3,0,2.08429,0.502215,2122
2021-12-11 15:00:00,Chelsea,Leeds United,3,2,2.74844,1.72934,2122
2021-12-11 15:00:00,Liverpool,Aston Villa,1,0,2.71181,0.140573,2122
2021-12-11 12:30:00,Manchester City,Wolverhampton Wanderers,1,0,2.99915,0.0762839,2122
2021-12-11 17:30:00,Norwich City,Manchester United,0,1,0.986107,2.09817,2122
2021-12-12 14:00:00,Burnley,West Ham United,0,0,0.54801,0.998813,2122
2021-12-12 16:30:00,Crystal Palace,Everton,3,1,2.09864,1.27556,2122
2021-12-12 14:00:00,Leicester City,Newcastle United,4,0,2.05771,0.511934,2122
2021-12-14 20:00:00,Manchester City,Leeds United,7,0,3.31349,0.227498,2122
2021-12-14 19:45:00,Norwich City,Aston Villa,0,2,0.502647,1.96261,2122
2021-12-15 20:00:00,Arsenal,West Ham United,2,0,2.81482,0.338855,2122
2021-12-15 19:30:00,Brighton,Wolverhampton Wanderers,0,1,1.20118,1.11736,2122
2021-12-15 19:30:00,Crystal Palace,Southampton,2,2,1.49244,0.625183,2122
2021-12-16 19:45:00,Chelsea,Everton,1,1,3.20239,0.627528,2122
2021-12-16 20:00:00,Liverpool,Newcastle United,3,1,2.93912,0.2064,2122
2021-12-18 17:30:00,Leeds United,Arsenal,1,4,1.31408,3.69008,2122
2021-12-19 14:15:00,Newcastle United,Manchester City,0,4,0.174208,3.64686,2122
2021-12-19 16:30:00,Tottenham Hotspur,Liverpool,2,2,2.79777,1.54944,2122
2021-12-19 14:00:00,Wolverhampton Wanderers,Chelsea,0,0,0.321371,0.793952,2122
2021-12-26 17:30:00,Aston Villa,Chelsea,1,3,0.474029,2.8285,2122
2021-12-26 20:00:00,Brighton,Brentford,2,0,0.943363,1.10342,2122
2021-12-26 15:00:00,Manchester City,Leicester City,6,3,3.82869,2.43425,2122
2021-12-26 15:00:00,Norwich City,Arsenal,0,5,0.154212,2.87539,2122
2021-12-26 15:00:00,Tottenham Hotspur,Crystal Palace,3,0,2.82148,0.178324,2122
2021-12-26 15:00:00,West Ham United,Southampton,2,3,1.53745,1.35643,2122
2021-12-27 20:00:00,Newcastle United,Manchester United,1,1,1.26586,1.75587,2122
2021-12-28 15:00:00,Crystal Palace,Norwich City,3,0,2.38978,0.594134,2122
2021-12-28 20:00:00,Leicester City,Liverpool,1,0,0.615892,2.72682,2122
2021-12-28 15:00:00,Southampton,Tottenham Hotspur,1,1,0.353043,2.80917,2122
2021-12-28 15:00:00,Watford,West Ham United,1,4,1.0143,2.84084,2122
2021-12-29 20:15:00,Brentford,Manchester City,0,1,0.238829,1.01763,2122
2021-12-29 19:30:00,Chelsea,Brighton,1,1,0.763458,0.78663,2122
2021-12-30 20:15:00,Manchester United,Burnley,3,1,1.80776,0.871738,2122
2022-01-01 12:30:00,Arsenal,Manchester City,1,2,0.836949,1.94623,2122
2022-01-01 17:30:00,Crystal Palace,West Ham United,2,3,2.69204,2.23146,2122
2022-01-01 15:00:00,Watford,Tottenham Hotspur,0,1,0.303514,1.93752,2122
2022-01-02 14:00:00,Brentford,Aston Villa,2,1,0.501329,1.13821,2122
2022-01-02 16:30:00,Chelsea,Liverpool,2,2,1.389,1.78897,2122
2022-01-02 14:00:00,Everton,Brighton,2,3,1.82698,1.48397,2122
2022-01-02 14:00:00,Leeds United,Burnley,3,1,2.04186,0.960493,2122
2022-01-03 17:30:00,Manchester United,Wolverhampton Wanderers,0,1,0.768752,0.840925,2122
2022-01-11 21:45:00,Southampton,Brentford,4,1,1.59306,0.621466,2122
2022-01-12 21:45:00,West Ham United,Norwich City,2,0,2.89217,0.343347,2122
2022-01-14 20:00:00,Brighton,Crystal Palace,1,1,2.18053,0.509681,2122
2022-01-15 17:30:00,Aston Villa,Manchester United,2,2,1.82784,1.35378,2122
2022-01-15 12:30:00,Manchester City,Chelsea,1,0,0.901703,0.613757,2122
2022-01-15 15:00:00,Newcastle United,Watford,1,1,1.03855,1.49623,2122
2022-01-15 15:00:00,Norwich City,Everton,2,1,1.00153,0.541027,2122
2022-01-15 15:00:00,Wolverhampton Wanderers,Southampton,3,1,2.29917,0.91728,2122
2022-01-16 14:00:00,Liverpool,Brentford,3,0,3.49099,0.376656,2122
2022-01-16 14:00:00,West Ham United,Leeds United,2,3,2.3549,2.26884,2122
2022-01-18 09:45:00,Brighton,Chelsea,1,1,0.747557,0.572994,2122
2022-01-19 20:00:00,Brentford,Manchester United,1,3,2.081,2.05969,2122
2022-01-19 19:30:00,Leicester City,Tottenham Hotspur,2,3,1.95031,4.24711,2122
2022-01-21 20:00:00,Watford,Norwich City,0,3,1.30606,0.925212,2122
2022-01-22 15:00:00,Brentford,Wolverhampton Wanderers,1,2,0.742573,0.218211,2122
2022-01-22 12:30:00,Everton,Aston Villa,0,1,1.2384,0.860245,2122
2022-01-22 15:00:00,Leeds United,Newcastle United,0,1,1.12992,1.15904,2122
2022-01-22 15:00:00,Manchester United,West Ham United,1,0,1.75857,0.238027,2122
2022-01-22 17:30:00,Southampton,Manchester City,1,1,1.00222,1.62907,2122
2022-01-23 14:00:00,Arsenal,Burnley,0,0,1.35507,0.388963,2122
2022-01-23 16:30:00,Chelsea,Tottenham Hotspur,2,0,1.04212,0.328818,2122
2022-01-23 14:00:00,Crystal Palace,Liverpool,1,3,1.62615,1.49697,2122
2022-01-23 14:00:00,Leicester City,Brighton,1,1,1.70979,1.19738,2122
2022-02-05 18:00:00,Burnley,Watford,0,0,0.765905,0.933965,2122
2022-02-08 20:00:00,Burnley,Manchester United,1,1,0.772721,1.83387,2122
2022-02-08 19:45:00,Newcastle United,Everton,3,1,2.68732,0.823607,2122
2022-02-08 19:45:00,West Ham United,Watford,1,0,0.905143,0.335474,2122
2022-02-09 20:00:00,Aston Villa,Leeds United,3,3,1.5013,2.52914,2122
2022-02-09 19:45:00,Manchester City,Brentford,2,0,1.98246,0.461305,2122
2022-02-09 19:45:00,Norwich City,Crystal Palace,1,1,0.296411,1.22883,2122
2022-02-09 19:45:00,Tottenham Hotspur,Southampton,2,3,1.74286,1.73293,2122
2022-02-10 19:45:00,Liverpool,Leicester City,2,0,2.72997,0.544954,2122
2022-02-10 19:45:00,Wolverhampton Wanderers,Arsenal,0,1,0.641359,1.45247,2122
2022-02-12 15:00:00,Brentford,Crystal Palace,0,0,1.97576,0.49802,2122
2022-02-12 15:00:00,Everton,Leeds United,3,0,2.58561,0.242668,2122
2022-02-12 12:30:00,Manchester United,Southampton,1,1,2.99207,0.677386,2122
2022-02-12 17:30:00,Norwich City,Manchester City,0,4,0.356755,4.44653,2122
2022-02-12 15:00:00,Watford,Brighton,0,2,0.532979,1.80456,2122
2022-02-13 14:00:00,Burnley,Liverpool,0,1,1.16081,1.95722,2122
2022-02-13 16:30:00,Leicester City,West Ham United,2,2,1.40693,0.745068,2122
2022-02-13 14:00:00,Newcastle United,Aston Villa,1,0,0.527571,0.455206,2122
2022-02-13 14:00:00,Tottenham Hotspur,Wolverhampton Wanderers,0,2,0.838197,1.87026,2122
2022-02-15 20:15:00,Manchester United,Brighton,2,0,2.74936,1.26179,2122
2022-02-19 15:00:00,Arsenal,Brentford,2,1,1.52247,0.640726,2122
2022-02-19 15:00:00,Aston Villa,Watford,0,1,1.0267,1.82051,2122
2022-02-19 15:00:00,Brighton,Burnley,0,3,0.44587,0.821228,2122
2022-02-19 15:00:00,Crystal Palace,Chelsea,0,1,0.624023,1.12339,2122
2022-02-19 15:00:00,Liverpool,Norwich City,3,1,3.15449,0.66975,2122
2022-02-19 17:30:00,Manchester City,Tottenham Hotspur,2,3,2.31773,2.00235,2122
2022-02-19 15:00:00,Southampton,Everton,2,0,2.72851,0.19991,2122
2022-02-19 12:30:00,West Ham United,Newcastle United,1,1,0.847948,0.932574,2122
2022-02-20 14:00:00,Leeds United,Manchester United,2,4,1.74476,2.60999,2122
2022-02-20 16:30:00,Wolverhampton Wanderers,Leicester City,2,1,0.472777,1.55048,2122
2022-02-23 19:30:00,Burnley,Tottenham Hotspur,1,0,1.55576,0.691655,2122
2022-02-23 19:45:00,Liverpool,Leeds United,6,0,5.3303,0.141547,2122
2022-02-23 19:30:00,Watford,Crystal Palace,1,4,1.71917,0.818403,2122
2022-02-24 19:45:00,Arsenal,Wolverhampton Wanderers,2,1,2.50961,1.10934,2122
2022-02-25 20:00:00,Southampton,Norwich City,2,0,3.08863,0.424877,2122
2022-02-26 15:00:00,Brentford,Newcastle United,0,2,0.494232,2.25373,2122
2022-02-26 15:30:00,Brighton,Aston Villa,0,2,0.627107,1.3027,2122
2022-02-26 15:00:00,Crystal Palace,Burnley,1,1,1.03765,0.255988,2122
2022-02-26 17:30:00,Everton,Manchester City,0,1,0.770819,1.93422,2122
2022-02-26 12:30:00,Leeds United,Tottenham Hotspur,0,4,1.89569,2.47025,2122
2022-02-26 15:00:00,Manchester United,Watford,0,0,2.41457,0.437185,2122
2022-02-27 14:00:00,West Ham United,Wolverhampton Wanderers,1,0,1.62241,0.892018,2122
2022-03-01 19:45:00,Burnley,Leicester City,0,2,1.04214,1.79558,2122
2022-03-05 15:00:00,Aston Villa,Southampton,4,0,2.85379,1.32947,2122
2022-03-05 15:00:00,Burnley,Chelsea,0,4,0.849232,2.2868,2122
2022-03-05 12:30:00,Leicester City,Leeds United,1,0,0.359129,2.14389,2122
2022-03-05 17:30:00,Liverpool,West Ham United,1,0,2.18865,1.33829,2122
2022-03-05 15:00:00,Newcastle United,Brighton,2,1,1.58028,1.64995,2122
2022-03-05 15:00:00,Norwich City,Brentford,1,3,0.77334,2.22064,2122
2022-03-05 15:00:00,Wolverhampton Wanderers,Crystal Palace,0,2,0.710865,2.53759,2122
2022-03-06 16:30:00,Manchester City,Manchester United,4,1,2.74434,0.361782,2122
2022-03-06 14:00:00,Watford,Arsenal,2,3,1.29603,1.00457,2122
2022-03-07 20:00:00,Tottenham Hotspur,Everton,5,0,3.24279,0.208263,2122
2022-03-10 19:45:00,Leeds United,Aston Villa,0,3,0.194028,1.2729,2122
2022-03-10 19:30:00,Norwich City,Chelsea,1,3,0.965723,2.1308,2122
2022-03-10 19:30:00,Southampton,Newcastle United,1,2,1.79835,0.812233,2122
2022-03-10 19:30:00,Wolverhampton Wanderers,Watford,4,0,1.55037,0.498696,2122
2022-03-12 15:00:00,Brentford,Burnley,2,0,1.82002,0.825311,2122
2022-03-12 12:30:00,Brighton,Liverpool,0,2,0.629316,2.48312,2122
2022-03-12 17:30:00,Manchester United,Tottenham Hotspur,3,2,1.0181,1.62374,2122
2022-03-13 16:30:00,Arsenal,Leicester City,2,0,2.93665,0.54911,2122
2022-03-13 14:00:00,Chelsea,Newcastle United,1,0,1.07072,0.246037,2122
2022-03-13 14:00:00,Everton,Wolverhampton Wanderers,0,1,0.397268,0.712135,2122
2022-03-13 14:00:00,Leeds United,Norwich City,2,1,3.11755,1.40148,2122
2022-03-13 14:00:00,Southampton,Watford,1,2,1.25696,1.29385,2122
2022-03-13 14:00:00,West Ham United,Aston Villa,2,1,1.58468,1.05391,2122
2022-03-14 20:00:00,Crystal Palace,Manchester City,0,0,0.474002,2.04021,2122
2022-03-16 20:15:00,Arsenal,Liverpool,0,2,0.534265,1.27681,2122
2022-03-16 19:30:00,Brighton,Tottenham Hotspur,0,2,1.04171,2.05196,2122
2022-03-17 19:45:00,Everton,Newcastle United,1,0,0.708809,0.75803,2122
2022-03-18 20:00:00,Wolverhampton Wanderers,Leeds United,2,3,1.24075,2.82103,2122
2022-03-19 12:30:00,Aston Villa,Arsenal,0,1,0.309375,1.14522,2122
2022-03-20 14:00:00,Leicester City,Brentford,2,1,1.27865,1.72466,2122
2022-03-20 16:30:00,Tottenham Hotspur,West Ham United,3,1,2.54795,0.644964,2122
2022-04-02 14:00:00,Brighton,Norwich City,0,0,2.38297,0.494112,2122
2022-04-02 14:00:00,Burnley,Manchester City,0,2,0.0591223,1.62008,2122
2022-04-02 14:00:00,Chelsea,Brentford,1,4,1.29014,2.43422,2122
2022-04-02 14:00:00,Leeds United,Southampton,1,1,1.50715,2.06387,2122
2022-04-02 11:30:00,Liverpool,Watford,2,0,2.23651,0.753307,2122
2022-04-02 16:30:00,Manchester United,Leicester City,1,1,0.902127,1.07638,2122
2022-04-02 14:00:00,Wolverhampton Wanderers,Aston Villa,2,1,1.62151,1.91256,2122
2022-04-03 15:30:00,Tottenham Hotspur,Newcastle United,5,1,3.6081,0.538152,2122
2022-04-03 13:00:00,West Ham United,Everton,2,1,1.49657,0.657846,2122
2022-04-04 19:00:00,Crystal Palace,Arsenal,3,0,1.39707,1.05199,2122
2022-04-06 18:30:00,Burnley,Everton,3,2,2.24439,2.31574,2122
2022-04-08 19:00:00,Newcastle United,Wolverhampton Wanderers,1,0,1.43878,0.306867,2122
2022-04-09 14:00:00,Arsenal,Brighton,1,2,2.35153,0.596106,2122
2022-04-09 16:30:00,Aston Villa,Tottenham Hotspur,0,4,1.48712,0.983601,2122
2022-04-09 11:30:00,Everton,Manchester United,1,0,0.357295,0.762357,2122
2022-04-09 14:00:00,Southampton,Chelsea,0,6,0.564726,4.39683,2122
2022-04-09 14:00:00,Watford,Leeds United,0,3,1.07422,0.895612,2122
2022-04-10 13:00:00,Brentford,West Ham United,2,0,1.85534,0.244824,2122
2022-04-10 13:00:00,Leicester City,Crystal Palace,2,1,0.879235,1.52767,2122
2022-04-10 15:30:00,Manchester City,Liverpool,2,2,1.34647,1.29983,2122
2022-04-10 13:00:00,Norwich City,Burnley,2,0,1.6723,1.44652,2122
2022-04-16 14:00:00,Manchester United,Norwich City,3,2,1.66737,1.79754,2122
2022-04-16 14:00:00,Southampton,Arsenal,1,0,1.04007,1.35002,2122
2022-04-16 11:30:00,Tottenham Hotspur,Brighton,0,1,0.58624,0.711155,2122
2022-04-16 14:00:00,Watford,Brentford,1,2,1.50381,2.12457,2122
2022-04-17 13:15:00,Newcastle United,Leicester City,2,1,2.54294,0.541084,2122
2022-04-17 13:15:00,West Ham United,Burnley,1,1,2.79175,1.88137,2122
2022-04-19 19:00:00,Liverpool,Manchester United,4,0,2.25967,0.110227,2122
2022-04-20 18:45:00,Chelsea,Arsenal,2,4,0.593801,1.87331,2122
2022-04-20 18:45:00,Everton,Leicester City,1,1,1.68819,0.786333,2122
2022-04-20 19:00:00,Manchester City,Brighton,3,0,1.52844,0.117354,2122
2022-04-20 18:45:00,Newcastle United,Crystal Palace,1,0,0.767855,0.432788,2122
2022-04-21 18:45:00,Burnley,Southampton,2,0,2.14743,1.31837,2122
2022-04-23 11:30:00,Arsenal,Manchester United,3,1,2.54173,2.04244,2122
2022-04-23 16:30:00,Brentford,Tottenham Hotspur,0,0,1.3153,0.517755,2122
2022-04-23 14:00:00,Leicester City,Aston Villa,0,0,0.235635,0.593202,2122
2022-04-23 14:00:00,Manchester City,Watford,5,1,3.68,0.42632,2122
2022-04-23 14:00:00,Norwich City,Newcastle United,0,3,0.657661,1.87558,2122
2022-04-24 13:00:00,Brighton,Southampton,2,2,1.87343,0.926764,2122
2022-04-24 13:00:00,Burnley,Wolverhampton Wanderers,1,0,1.27298,0.592902,2122
2022-04-24 13:00:00,Chelsea,West Ham United,1,0,2.34959,0.388975,2122
2022-04-24 15:30:00,Liverpool,Everton,2,0,1.70397,0.424961,2122
2022-04-25 19:00:00,Crystal Palace,Leeds United,0,0,1.61656,0.374044,2122
2022-04-28 18:45:00,Manchester United,Chelsea,1,1,0.618456,2.46868,2122
2022-04-30 14:00:00,Aston Villa,Norwich City,2,0,2.31192,0.352212,2122
2022-04-30 16:30:00,Leeds United,Manchester City,0,4,1.03608,3.01431,2122
2022-04-30 11:30:00,Newcastle United,Liverpool,0,1,0.115353,2.73435,2122
2022-04-30 14:00:00,Southampton,Crystal Palace,1,2,0.650256,0.756217,2122
2022-04-30 14:00:00,Watford,Burnley,1,2,0.785742,1.37022,2122
2022-04-30 14:00:00,Wolverhampton Wanderers,Brighton,0,3,0.525912,2.90679,2122
2022-05-01 13:00:00,Everton,Chelsea,1,0,1.11712,1.21141,2122
2022-05-01 13:00:00,Tottenham Hotspur,Leicester City,3,1,1.65338,0.274133,2122
2022-05-01 15:30:00,West Ham United,Arsenal,1,2,0.451976,0.964564,2122
2022-05-02 19:00:00,Manchester United,Brentford,3,0,1.84111,0.681425,2122
2022-05-07 14:00:00,Brentford,Southampton,3,0,3.68223,0.988574,2122
2022-05-07 16:30:00,Brighton,Manchester United,4,0,2.82636,0.930715,2122
2022-05-07 14:00:00,Burnley,Aston Villa,1,3,1.31028,1.81256,2122
2022-05-07 14:00:00,Chelsea,Wolverhampton Wanderers,2,2,1.82098,1.6842,2122
2022-05-07 14:00:00,Crystal Palace,Watford,1,0,2.49142,0.255373,2122
2022-05-07 18:45:00,Liverpool,Tottenham Hotspur,1,1,1.0481,0.982635,2122
2022-05-08 13:00:00,Arsenal,Leeds United,2,1,2.7227,0.696785,2122
2022-05-08 13:00:00,Leicester City,Everton,1,2,1.47479,1.55635,2122
2022-05-08 15:30:00,Manchester City,Newcastle United,5,0,4.05613,0.995099,2122
2022-05-08 13:00:00,Norwich City,West Ham United,0,4,0.77895,3.25894,2122
2022-05-10 19:00:00,Aston Villa,Liverpool,1,2,1.44726,1.75417,2122
2022-05-11 18:30:00,Leeds United,Chelsea,0,3,0.499789,1.46853,2122
2022-05-11 18:45:00,Leicester City,Norwich City,3,0,2.57058,1.21966,2122
2022-05-11 18:45:00,Watford,Everton,0,0,0.232236,0.812193,2122
2022-05-11 19:15:00,Wolverhampton Wanderers,Manchester City,1,5,0.411857,3.39304,2122
2022-05-12 18:45:00,Tottenham Hotspur,Arsenal,3,0,3.42522,0.387446,2122
2022-05-15 13:00:00,Aston Villa,Crystal Palace,1,1,0.799443,1.39009,2122
2022-05-15 15:30:00,Everton,Brentford,2,3,2.69589,1.81626,2122
2022-05-15 13:00:00,Leeds United,Brighton,1,1,2.22282,2.25898,2122
2022-05-15 11:00:00,Tottenham Hotspur,Burnley,1,0,2.39449,0.629888,2122
2022-05-15 13:00:00,Watford,Leicester City,1,5,2.58968,2.27297,2122
2022-05-15 13:00:00,West Ham United,Manchester City,2,2,1.0088,2.14723,2122
2022-05-15 13:00:00,Wolverhampton Wanderers,Norwich City,1,1,0.999066,1.53212,2122
2022-05-16 19:00:00,Newcastle United,Arsenal,2,0,1.68299,0.492454,2122
2022-05-17 18:45:00,Southampton,Liverpool,1,2,0.121506,1.19178,2122
2022-05-19 19:00:00,Aston Villa,Burnley,1,1,0.996403,1.63117,2122
2022-05-19 19:00:00,Chelsea,Leicester City,1,1,1.61996,0.0417972,2122
2022-05-19 18:45:00,Everton,Crystal Palace,3,2,0.813157,1.6023,2122
2022-05-22 15:00:00,Arsenal,Everton,5,1,4.35597,1.08601,2122
2022-05-22 15:00:00,Brentford,Leeds United,1,2,0.844985,1.47786,2122
2022-05-22 15:00:00,Brighton,West Ham United,3,1,1.67774,0.268845,2122
2022-05-22 15:00:00,Burnley,Newcastle United,1,2,1.49164,1.74291,2122
2022-05-22 15:00:00,Chelsea,Watford,2,1,2.59231,0.575755,2122
2022-05-22 15:00:00,Crystal Palace,Manchester United,1,0,0.354618,0.782005,2122
2022-05-22 15:00:00,Leicester City,Southampton,4,1,3.42058,1.05141,2122
2022-05-22 15:00:00,Liverpool,Wolverhampton Wanderers,3,1,3.19385,1.11708,2122
2022-05-22 15:00:00,Manchester City,Aston Villa,3,2,3.3209,0.247841,2122
2022-05-22 15:00:00,Norwich City,Tottenham Hotspur,0,5,0.310789,3.815,2122
2022-08-05 19:00:00,Crystal Palace,Arsenal,0,2,1.20637,1.43601,2223
2022-08-06 14:00:00,Bournemouth,Aston Villa,2,0,0.588341,0.488895,2223
2022-08-06 16:30:00,Everton,Chelsea,0,1,0.541983,1.92315,2223
2022-08-06 11:30:00,Fulham,Liverpool,2,2,1.26822,2.34111,2223
2022-08-06 14:00:00,Leeds United,Wolverhampton Wanderers,2,1,0.88917,1.10119,2223
2022-08-06 14:00:00,Newcastle United,Nottingham Forest,2,0,1.8591,0.235825,2223
2022-08-06 14:00:00,Tottenham Hotspur,Southampton,4,1,1.6172,0.386546,2223
2022-08-07 13:00:00,Leicester City,Brentford,2,2,0.455695,0.931067,2223
2022-08-07 13:00:00,Manchester United,Brighton,1,2,1.42103,1.7289,2223
2022-08-07 15:30:00,West Ham United,Manchester City,0,2,0.246188,2.58739,2223
2022-08-13 14:00:00,Arsenal,Leicester City,4,2,3.0107,0.690679,2223
2022-08-13 11:30:00,Aston Villa,Everton,2,1,2.66696,1.37507,2223
2022-08-13 16:30:00,Brentford,Manchester United,4,0,1.38785,0.896038,2223
2022-08-13 14:00:00,Brighton,Newcastle United,0,0,1.60835,0.183952,2223
2022-08-13 14:00:00,Manchester City,Bournemouth,4,0,1.69064,0.123946,2223
2022-08-13 14:00:00,Southampton,Leeds United,2,2,1.40906,1.99694,2223
2022-08-13 14:00:00,Wolverhampton Wanderers,Fulham,0,0,0.975375,1.08813,2223
2022-08-14 15:30:00,Chelsea,Tottenham Hotspur,2,2,1.83945,1.58708,2223
2022-08-14 13:00:00,Nottingham Forest,West Ham United,1,0,1.9717,2.08634,2223
2022-08-15 19:00:00,Liverpool,Crystal Palace,1,1,2.23596,1.64468,2223
2022-08-20 16:30:00,Bournemouth,Arsenal,0,3,0.211335,1.71081,2223
2022-08-20 14:00:00,Crystal Palace,Aston Villa,3,1,2.91137,0.803828,2223
2022-08-20 14:00:00,Everton,Nottingham Forest,1,1,1.43408,0.918315,2223
2022-08-20 14:00:00,Fulham,Brentford,3,2,2.89934,1.59352,2223
2022-08-20 14:00:00,Leicester City,Southampton,1,2,0.242948,1.24155,2223
2022-08-20 11:30:00,Tottenham Hotspur,Wolverhampton Wanderers,1,0,1.46608,0.686123,2223
2022-08-21 13:00:00,Leeds United,Chelsea,3,0,2.20971,0.692492,2223
2022-08-21 15:30:00,Newcastle United,Manchester City,3,3,2.2127,3.67382,2223
2022-08-21 13:00:00,West Ham United,Brighton,0,2,0.768634,1.82645,2223
2022-08-22 19:00:00,Manchester United,Liverpool,2,1,2.01764,1.52301,2223
2022-08-27 16:30:00,Arsenal,Fulham,2,1,2.47427,0.926007,2223
2022-08-27 14:00:00,Brentford,Everton,1,1,2.28391,1.65465,2223
2022-08-27 14:00:00,Brighton,Leeds United,1,0,1.60986,1.14874,2223
2022-08-27 14:00:00,Chelsea,Leicester City,2,1,1.74916,1.96023,2223
2022-08-27 14:00:00,Liverpool,Bournemouth,9,0,4.86035,0.180991,2223
2022-08-27 14:00:00,Manchester City,Crystal Palace,4,2,2.3853,0.091976,2223
2022-08-27 11:30:00,Southampton,Manchester United,0,1,1.35887,1.34359,2223
2022-08-28 13:00:00,Aston Villa,West Ham United,0,1,0.304555,0.334589,2223
2022-08-28 15:30:00,Nottingham Forest,Tottenham Hotspur,0,2,0.801369,2.44473,2223
2022-08-28 13:00:00,Wolverhampton Wanderers,Newcastle United,1,1,1.13248,1.93362,2223
2022-08-30 18:30:00,Crystal Palace,Brentford,1,1,0.777363,1.61808,2223
2022-08-30 18:30:00,Fulham,Brighton,2,1,1.07093,1.75359,2223
2022-08-30 19:00:00,Leeds United,Everton,1,1,1.04551,1.17189,2223
2022-08-30 18:45:00,Southampton,Chelsea,2,1,1.44086,1.5047,2223
2022-08-31 18:30:00,Arsenal,Aston Villa,2,1,2.79971,0.297168,2223
2022-08-31 18:30:00,Bournemouth,Wolverhampton Wanderers,0,0,0.362035,1.53246,2223
2022-08-31 19:00:00,Liverpool,Newcastle United,2,1,1.76119,0.643546,2223
2022-08-31 18:30:00,Manchester City,Nottingham Forest,6,0,3.83759,0.729752,2223
2022-08-31 18:45:00,West Ham United,Tottenham Hotspur,1,1,1.52267,0.723285,2223
2022-09-01 19:00:00,Leicester City,Manchester United,0,1,0.615266,1.09969,2223
2022-09-03 16:30:00,Aston Villa,Manchester City,1,1,0.279392,1.92143,2223
2022-09-03 14:00:00,Brentford,Leeds United,5,2,2.7485,1.796,2223
2022-09-03 14:00:00,Chelsea,West Ham United,2,1,0.707333,1.4196,2223
2022-09-03 11:30:00,Everton,Liverpool,0,0,1.39169,1.38617,2223
2022-09-03 14:00:00,Newcastle United,Crystal Palace,0,0,2.90672,0.920595,2223
2022-09-03 14:00:00,Nottingham Forest,Bournemouth,2,3,1.32895,0.905041,2223
2022-09-03 14:00:00,Tottenham Hotspur,Fulham,2,1,2.67823,0.381556,2223
2022-09-03 14:00:00,Wolverhampton Wanderers,Southampton,1,0,1.10039,1.20838,2223
2022-09-04 13:00:00,Brighton,Leicester City,5,2,2.73166,1.06549,2223
2022-09-04 15:30:00,Manchester United,Arsenal,3,1,2.02904,1.42238,2223
2022-09-16 19:00:00,Aston Villa,Southampton,1,0,1.34365,0.218302,2223
2022-09-16 19:00:00,Nottingham Forest,Fulham,2,3,1.41541,1.3496,2223
2022-09-17 14:00:00,Newcastle United,Bournemouth,1,1,1.54758,0.976948,2223
2022-09-17 16:30:00,Tottenham Hotspur,Leicester City,6,2,1.98619,1.59449,2223
2022-09-17 11:30:00,Wolverhampton Wanderers,Manchester City,0,3,0.310995,1.4242,2223
2022-09-18 11:00:00,Brentford,Arsenal,0,3,0.54011,1.32021,2223
2022-09-18 13:15:00,Everton,West Ham United,1,0,0.39773,0.655351,2223
2022-10-01 11:30:00,Arsenal,Tottenham Hotspur,3,1,2.48403,1.5027,2223
2022-10-01 14:00:00,Bournemouth,Brentford,0,0,0.758128,1.046,2223
2022-10-01 14:00:00,Crystal Palace,Chelsea,1,2,0.70987,1.25506,2223
2022-10-01 14:00:00,Fulham,Newcastle United,1,4,0.683701,4.67198,2223
2022-10-01 14:00:00,Liverpool,Brighton,3,3,2.1515,2.36567,2223
2022-10-01 14:00:00,Southampton,Everton,1,2,1.95961,1.99979,2223
2022-10-01 16:30:00,West Ham United,Wolverhampton Wanderers,2,0,1.03934,0.575988,2223
2022-10-02 15:30:00,Leeds United,Aston Villa,0,0,0.298626,1.89645,2223
2022-10-02 13:00:00,Manchester City,Manchester United,6,3,3.01103,1.71335,2223
2022-10-03 19:00:00,Leicester City,Nottingham Forest,4,0,1.2497,1.22169,2223
2022-10-08 14:00:00,Bournemouth,Leicester City,2,1,1.14891,1.18125,2223
2022-10-08 16:30:00,Brighton,Tottenham Hotspur,0,1,0.899735,0.771641,2223
2022-10-08 14:00:00,Chelsea,Wolverhampton Wanderers,3,0,2.43092,0.748449,2223
2022-10-08 14:00:00,Manchester City,Southampton,4,0,2.73536,0.101148,2223
2022-10-08 14:00:00,Newcastle United,Brentford,5,1,2.44631,1.13466,2223
2022-10-09 15:30:00,Arsenal,Liverpool,3,2,2.81968,0.765151,2223
2022-10-09 13:00:00,Crystal Palace,Leeds United,2,1,1.65194,1.06564,2223
2022-10-09 18:00:00,Everton,Manchester United,1,2,0.365844,1.82612,2223
2022-10-09 13:00:00,West Ham United,Fulham,3,1,3.43676,0.549848,2223
2022-10-10 19:00:00,Nottingham Forest,Aston Villa,1,1,0.221346,0.657187,2223
2022-10-14 19:00:00,Brentford,Brighton,2,0,1.90636,2.15668,2223
2022-10-15 14:00:00,Fulham,Bournemouth,2,2,1.61738,1.62829,2223
2022-10-15 11:30:00,Leicester City,Crystal Palace,0,0,0.973426,0.346808,2223
2022-10-15 16:30:00,Tottenham Hotspur,Everton,2,0,2.49409,0.560039,2223
2022-10-15 14:00:00,Wolverhampton Wanderers,Nottingham Forest,1,0,1.22368,1.24761,2223
2022-10-16 13:00:00,Aston Villa,Chelsea,0,2,2.44542,1.23643,2223
2022-10-16 13:00:00,Leeds United,Arsenal,0,1,2.02232,0.821757,2223
2022-10-16 15:30:00,Liverpool,Manchester City,1,0,1.9992,0.911493,2223
2022-10-16 13:00:00,Manchester United,Newcastle United,0,0,1.41606,0.78815,2223
2022-10-16 13:00:00,Southampton,West Ham United,1,1,0.524479,1.70727,2223
2022-10-18 18:30:00,Brighton,Nottingham Forest,0,0,2.10188,0.195003,2223
2022-10-18 19:15:00,Crystal Palace,Wolverhampton Wanderers,2,1,1.25617,0.857837,2223
2022-10-19 18:30:00,Bournemouth,Southampton,0,1,0.810452,1.23878,2223
2022-10-19 18:30:00,Brentford,Chelsea,0,0,1.45228,0.557405,2223
2022-10-19 18:30:00,Liverpool,West Ham United,1,0,2.24066,2.48649,2223
2022-10-19 19:15:00,Manchester United,Tottenham Hotspur,2,0,1.70973,0.658526,2223
2022-10-19 18:30:00,Newcastle United,Everton,1,0,1.13393,0.0609567,2223
2022-10-20 18:30:00,Fulham,Aston Villa,3,0,2.892,0.711487,2223
2022-10-20 19:15:00,Leicester City,Leeds United,2,0,0.655249,1.19464,2223
2022-10-22 15:30:00,Chelsea,Manchester United,1,1,1.20238,0.730935,2223
2022-10-22 14:00:00,Everton,Crystal Palace,3,0,1.93396,0.597167,2223
2022-10-22 14:00:00,Manchester City,Brighton,3,1,1.86239,0.52863,2223
2022-10-22 11:30:00,Nottingham Forest,Liverpool,1,0,2.50163,2.19752,2223
2022-10-23 13:00:00,Aston Villa,Brentford,4,0,3.45617,1.00462,2223
2022-10-23 13:00:00,Leeds United,Fulham,2,3,1.96384,2.47512,2223
2022-10-23 13:00:00,Southampton,Arsenal,1,1,0.622653,1.57897,2223
2022-10-23 15:30:00,Tottenham Hotspur,Newcastle United,1,2,1.56513,1.1294,2223
2022-10-23 13:00:00,Wolverhampton Wanderers,Leicester City,0,4,1.61785,0.989075,2223
2022-10-24 19:00:00,West Ham United,Bournemouth,2,0,1.97715,0.730443,2223
2022-10-29 14:00:00,Bournemouth,Tottenham Hotspur,2,3,0.887533,2.1946,2223
2022-10-29 14:00:00,Brentford,Wolverhampton Wanderers,1,1,1.29257,0.557605,2223
2022-10-29 14:00:00,Brighton,Chelsea,4,1,2.881,1.07554,2223
2022-10-29 14:00:00,Crystal Palace,Southampton,1,0,1.00384,1.35803,2223
2022-10-29 16:30:00,Fulham,Everton,0,0,1.76438,1.19166,2223
2022-10-29 11:30:00,Leicester City,Manchester City,0,1,0.693597,0.703827,2223
2022-10-29 18:45:00,Liverpool,Leeds United,1,2,1.90889,1.61271,2223
2022-10-29 14:00:00,Newcastle United,Aston Villa,4,0,4.18808,0.270814,2223
2022-10-30 14:00:00,Arsenal,Nottingham Forest,5,0,3.00699,0.206127,2223
2022-10-30 16:15:00,Manchester United,West Ham United,1,0,1.7514,1.00033,2223
2022-11-05 17:30:00,Everton,Leicester City,0,2,1.3729,2.2679,2223
2022-11-05 15:00:00,Leeds United,Bournemouth,4,3,2.22532,1.55594,2223
2022-11-05 15:00:00,Manchester City,Fulham,2,1,2.39332,0.843884,2223
2022-11-05 15:00:00,Nottingham Forest,Brentford,2,2,1.29696,1.2204,2223
2022-11-05 15:00:00,Wolverhampton Wanderers,Brighton,2,3,1.29252,1.87375,2223
2022-11-06 14:00:00,Aston Villa,Manchester United,3,1,0.578563,0.517189,2223
2022-11-06 12:00:00,Chelsea,Arsenal,0,1,0.278815,2.37846,2223
2022-11-06 14:00:00,Southampton,Newcastle United,1,4,1.65228,1.42101,2223
2022-11-06 16:30:00,Tottenham Hotspur,Liverpool,1,2,1.81736,1.46548,2223
2022-11-06 14:00:00,West Ham United,Crystal Palace,1,2,0.192579,1.03344,2223
2022-11-12 15:00:00,Bournemouth,Everton,3,0,2.45642,0.768756,2223
2022-11-12 15:00:00,Liverpool,Southampton,3,1,2.74418,1.43427,2223
2022-11-12 12:30:00,Manchester City,Brentford,1,2,1.605,3.29012,2223
2022-11-12 17:30:00,Newcastle United,Chelsea,1,0,1.3601,0.359105,2223
2022-11-12 15:00:00,Nottingham Forest,Crystal Palace,1,0,1.23752,1.14552,2223
2022-11-12 15:00:00,Tottenham Hotspur,Leeds United,4,3,2.58046,1.71731,2223
2022-11-12 15:00:00,West Ham United,Leicester City,0,2,0.720721,1.60566,2223
2022-11-12 19:45:00,Wolverhampton Wanderers,Arsenal,0,2,0.512339,2.27996,2223
2022-11-13 14:00:00,Brighton,Aston Villa,1,2,0.829107,1.15437,2223
2022-11-13 16:30:00,Fulham,Manchester United,1,2,1.70218,3.37664,2223
2022-12-26 20:00:00,Arsenal,West Ham United,3,1,1.88828,1.02652,2223
2022-12-26 17:30:00,Aston Villa,Liverpool,1,3,1.69155,3.50694,2223
2022-12-26 12:30:00,Brentford,Tottenham Hotspur,2,2,2.25263,0.883787,2223
2022-12-26 15:00:00,Crystal Palace,Fulham,0,3,0.421754,2.69927,2223
2022-12-26 15:00:00,Everton,Wolverhampton Wanderers,1,2,1.22653,1.22076,2223
2022-12-26 15:00:00,Leicester City,Newcastle United,0,3,0.31099,1.76382,2223
2022-12-26 15:00:00,Southampton,Brighton,1,3,1.70709,1.00714,2223
2022-12-27 17:30:00,Chelsea,Bournemouth,2,0,1.91378,0.44307,2223
2022-12-27 20:00:00,Manchester United,Nottingham Forest,3,0,2.13668,0.477076,2223
2022-12-28 20:00:00,Leeds United,Manchester City,1,3,0.603751,4.16249,2223
2022-12-30 20:00:00,Liverpool,Leicester City,2,1,2.02463,0.863312,2223
2022-12-30 19:45:00,West Ham United,Brentford,0,2,1.13979,1.51436,2223
2022-12-31 15:00:00,Bournemouth,Crystal Palace,0,2,0.895819,1.75264,2223
2022-12-31 17:30:00,Brighton,Arsenal,2,4,1.15663,3.22106,2223
2022-12-31 15:00:00,Fulham,Southampton,2,1,1.49305,0.698711,2223
2022-12-31 15:00:00,Manchester City,Everton,1,1,2.36333,0.0760019,2223
2022-12-31 15:00:00,Newcastle United,Leeds United,0,0,2.78846,0.517099,2223
2022-12-31 12:30:00,Wolverhampton Wanderers,Manchester United,0,1,0.587672,2.44728,2223
2023-01-01 16:30:00,Nottingham Forest,Chelsea,1,1,0.985219,1.37305,2223
2023-01-01 14:00:00,Tottenham Hotspur,Aston Villa,0,2,0.569383,1.21733,2223
2023-01-02 17:30:00,Brentford,Liverpool,3,1,2.0991,2.10461,2223
2023-01-03 19:45:00,Arsenal,Newcastle United,0,0,0.970637,0.959523,2223
2023-01-03 19:45:00,Everton,Brighton,1,4,1.16896,2.50731,2223
2023-01-03 19:45:00,Leicester City,Fulham,0,1,1.45221,1.33493,2223
2023-01-03 20:00:00,Manchester United,Bournemouth,3,0,2.97383,0.679022,2223
2023-01-04 20:00:00,Aston Villa,Wolverhampton Wanderers,1,1,1.03226,0.832522,2223
2023-01-04 20:00:00,Crystal Palace,Tottenham Hotspur,0,4,0.787525,1.66514,2223
2023-01-04 19:45:00,Leeds United,West Ham United,2,2,1.2577,1.29245,2223
2023-01-04 19:30:00,Southampton,Nottingham Forest,0,1,0.62937,1.22324,2223
2023-01-05 20:00:00,Chelsea,Manchester City,0,1,0.493576,1.71972,2223
2023-01-12 19:00:00,Fulham,Chelsea,2,1,0.711266,2.39911,2223
2023-01-13 20:00:00,Aston Villa,Leeds United,2,1,1.64599,2.46295,2223
2023-01-14 17:30:00,Brentford,Bournemouth,2,0,1.29815,0.269283,2223
2023-01-14 15:00:00,Brighton,Liverpool,3,0,2.40062,1.28853,2223
2023-01-14 15:00:00,Everton,Southampton,1,2,1.18191,1.08412,2223
2023-01-14 12:30:00,Manchester United,Manchester City,2,1,1.98228,0.73695,2223
2023-01-14 15:00:00,Nottingham Forest,Leicester City,2,0,1.75313,0.803421,2223
2023-01-14 15:00:00,Wolverhampton Wanderers,West Ham United,1,0,0.806232,0.735105,2223
2023-01-15 14:00:00,Chelsea,Crystal Palace,1,0,2.12987,0.837366,2223
2023-01-15 14:00:00,Newcastle United,Fulham,1,0,1.96256,0.989872,2223
2023-01-15 16:30:00,Tottenham Hotspur,Arsenal,0,2,1.71032,2.04232,2223
2023-01-18 15:30:00,Crystal Palace,Manchester United,1,1,0.413339,1.39437,2223
2023-01-19 19:00:00,Manchester City,Tottenham Hotspur,4,2,2.34166,1.16499,2223
2023-01-21 15:00:00,Bournemouth,Nottingham Forest,1,1,1.80549,1.57544,2223
2023-01-21 17:30:00,Crystal Palace,Newcastle United,0,0,0.333154,1.44384,2223
2023-01-21 15:00:00,Leicester City,Brighton,2,2,1.35941,1.94491,2223
2023-01-21 12:30:00,Liverpool,Chelsea,0,0,1.30125,1.84467,2223
2023-01-21 15:00:00,Southampton,Aston Villa,0,1,0.672444,1.16432,2223
2023-01-21 15:00:00,West Ham United,Everton,2,0,2.46879,0.286826,2223
2023-01-22 16:30:00,Arsenal,Manchester United,3,2,2.90273,0.272246,2223
2023-01-22 14:00:00,Leeds United,Brentford,0,0,0.374736,0.17114,2223
2023-01-22 14:00:00,Manchester City,Wolverhampton Wanderers,3,0,3.32757,0.469277,2223
2023-01-23 20:00:00,Fulham,Tottenham Hotspur,0,1,1.09339,0.993805,2223
2023-02-03 20:00:00,Chelsea,Fulham,0,0,1.41471,0.493341,2223
2023-02-04 15:00:00,Aston Villa,Leicester City,2,4,1.4989,2.49784,2223
2023-02-04 15:00:00,Brentford,Southampton,3,0,2.36747,0.644385,2223
2023-02-04 15:00:00,Brighton,Bournemouth,1,0,2.55696,0.908298,2223
2023-02-04 12:30:00,Everton,Arsenal,1,0,2.09191,0.690102,2223
2023-02-04 15:00:00,Manchester United,Crystal Palace,2,1,2.07035,1.3798,2223
2023-02-04 17:30:00,Newcastle United,West Ham United,1,1,1.22883,1.27831,2223
2023-02-04 15:00:00,Wolverhampton Wanderers,Liverpool,3,0,2.63328,1.30193,2223
2023-02-05 14:00:00,Nottingham Forest,Leeds United,1,0,0.3325,1.12331,2223
2023-02-05 16:30:00,Tottenham Hotspur,Manchester City,1,0,1.42168,0.773747,2223
2023-02-08 19:00:00,Manchester United,Leeds United,2,2,2.00007,0.554798,2223
2023-02-11 15:00:00,Arsenal,Brentford,1,1,1.36738,2.17538,2223
2023-02-11 17:30:00,Bournemouth,Newcastle United,1,1,1.54458,1.54853,2223
2023-02-11 15:00:00,Crystal Palace,Brighton,1,1,0.928279,2.64981,2223
2023-02-11 15:00:00,Fulham,Nottingham Forest,2,0,1.69704,0.686824,2223
2023-02-11 15:00:00,Leicester City,Tottenham Hotspur,4,1,1.41208,1.11709,2223
2023-02-11 15:00:00,Southampton,Wolverhampton Wanderers,1,2,1.30203,0.615651,2223
2023-02-11 12:30:00,West Ham United,Chelsea,1,1,1.07615,0.900465,2223
2023-02-12 14:00:00,Leeds United,Manchester United,0,2,1.89163,1.30375,2223
2023-02-12 16:30:00,Manchester City,Aston Villa,3,1,3.60987,0.275348,2223
2023-02-13 20:00:00,Liverpool,Everton,2,0,2.23291,0.402331,2223
2023-02-15 18:30:00,Arsenal,Manchester City,1,3,1.70139,2.00841,2223
2023-02-18 12:30:00,Aston Villa,Arsenal,2,4,0.335752,2.85981,2223
2023-02-18 15:00:00,Brentford,Crystal Palace,1,1,0.610105,1.12202,2223
2023-02-18 15:00:00,Brighton,Fulham,0,1,2.71375,0.224214,2223
2023-02-18 15:00:00,Chelsea,Southampton,0,1,1.61723,0.619532,2223
2023-02-18 15:00:00,Everton,Leeds United,1,0,1.53811,0.597403,2223
2023-02-18 17:30:00,Newcastle United,Liverpool,0,2,1.74852,2.16549,2223
2023-02-18 15:00:00,Nottingham Forest,Manchester City,1,1,1.12735,2.80966,2223
2023-02-18 15:00:00,Wolverhampton Wanderers,Bournemouth,0,1,0.911415,1.15274,2223
2023-02-19 14:00:00,Manchester United,Leicester City,3,0,4.24663,1.39678,2223
2023-02-19 16:30:00,Tottenham Hotspur,West Ham United,2,0,1.43042,0.365173,2223
2023-02-24 20:00:00,Fulham,Wolverhampton Wanderers,1,1,0.913133,0.997097,2223
2023-02-25 17:30:00,Bournemouth,Manchester City,1,4,1.08527,2.98206,2223
2023-02-25 19:45:00,Crystal Palace,Liverpool,0,0,0.989086,1.35123,2223
2023-02-25 15:00:00,Everton,Aston Villa,0,2,1.54109,2.06037,2223
2023-02-25 15:00:00,Leeds United,Southampton,1,0,0.720048,0.391128,2223
2023-02-25 15:00:00,Leicester City,Arsenal,0,1,0.0203463,0.722059,2223
2023-02-25 15:00:00,West Ham United,Nottingham Forest,4,0,3.05032,0.350849,2223
2023-02-26 13:30:00,Tottenham Hotspur,Chelsea,2,0,0.926313,0.262281,2223
2023-03-01 20:00:00,Arsenal,Everton,4,0,3.06919,1.604,2223
2023-03-01 20:00:00,Liverpool,Wolverhampton Wanderers,2,0,2.70191,0.78681,2223
2023-03-04 15:00:00,Arsenal,Bournemouth,3,2,2.46279,1.74267,2223
2023-03-04 15:00:00,Aston Villa,Crystal Palace,1,0,0.890605,0.152761,2223
2023-03-04 15:00:00,Brighton,West Ham United,4,0,3.49993,0.250045,2223
2023-03-04 15:00:00,Chelsea,Leeds United,1,0,1.8678,0.633995,2223
2023-03-04 12:30:00,Manchester City,Newcastle United,2,0,1.34144,0.359809,2223
2023-03-04 17:30:00,Southampton,Leicester City,1,0,1.34332,1.67051,2223
2023-03-04 15:00:00,Wolverhampton Wanderers,Tottenham Hotspur,1,0,0.562477,1.25588,2223
2023-03-05 16:30:00,Liverpool,Manchester United,7,0,3.44269,0.837542,2223
2023-03-05 14:00:00,Nottingham Forest,Everton,2,2,0.799733,1.70877,2223
2023-03-06 20:00:00,Brentford,Fulham,3,2,2.44358,1.67531,2223
2023-03-11 12:30:00,Bournemouth,Liverpool,1,0,1.10128,2.13465,2223
2023-03-11 17:30:00,Crystal Palace,Manchester City,0,1,0.185498,2.1884,2223
2023-03-11 15:00:00,Everton,Brentford,1,0,1.71599,1.95088,2223
2023-03-11 15:00:00,Leeds United,Brighton,2,2,0.596738,1.51388,2223
2023-03-11 15:00:00,Leicester City,Chelsea,1,3,2.36139,1.49478,2223
2023-03-11 15:00:00,Tottenham Hotspur,Nottingham Forest,3,1,1.73482,1.62805,2223
2023-03-12 14:00:00,Fulham,Arsenal,0,3,0.61832,2.64355,2223
2023-03-12 14:00:00,Manchester United,Southampton,0,0,0.910911,1.18053,2223
2023-03-12 16:30:00,Newcastle United,Wolverhampton Wanderers,2,1,2.45527,0.709895,2223
2023-03-12 14:00:00,West Ham United,Aston Villa,1,1,2.14634,1.99139,2223
2023-03-15 19:30:00,Brighton,Crystal Palace,1,0,0.588727,1.21452,2223
2023-03-15 19:30:00,Southampton,Brentford,0,2,0.358977,1.66591,2223
2023-03-17 20:00:00,Nottingham Forest,Newcastle United,1,2,0.531985,2.50027,2223
2023-03-18 15:00:00,Aston Villa,Bournemouth,3,0,3.45474,0.50014,2223
2023-03-18 15:00:00,Brentford,Leicester City,1,1,0.476467,1.42133,2223
2023-03-18 17:30:00,Chelsea,Everton,2,2,1.90027,1.64675,2223
2023-03-18 15:00:00,Southampton,Tottenham Hotspur,3,3,2.52077,1.88473,2223
2023-03-18 15:00:00,Wolverhampton Wanderers,Leeds United,2,4,2.76358,1.6549,2223
2023-03-19 14:00:00,Arsenal,Crystal Palace,4,1,1.53568,1.19194,2223
2023-04-01 14:00:00,Arsenal,Leeds United,4,1,3.29548,0.497609,2223
2023-04-01 14:00:00,Bournemouth,Fulham,2,1,3.14054,0.601049,2223
2023-04-01 14:00:00,Brighton,Brentford,3,3,3.8195,1.2788,2223
2023-04-01 16:30:00,Chelsea,Aston Villa,0,2,2.38024,0.765794,2223
2023-04-01 14:00:00,Crystal Palace,Leicester City,2,1,1.93471,0.198959,2223
2023-04-01 11:30:00,Manchester City,Liverpool,4,1,3.01243,0.318171,2223
2023-04-01 14:00:00,Nottingham Forest,Wolverhampton Wanderers,1,1,1.11441,0.383739,2223
2023-04-02 15:30:00,Newcastle United,Manchester United,2,0,3.33162,0.334127,2223
2023-04-02 13:00:00,West Ham United,Southampton,1,0,1.40363,0.318261,2223
2023-04-03 19:00:00,Everton,Tottenham Hotspur,1,1,0.823365,1.39177,2223
2023-04-04 18:45:00,Bournemouth,Brighton,0,2,1.15322,2.63392,2223
2023-04-04 19:00:00,Chelsea,Liverpool,0,0,2.18903,0.202217,2223
2023-04-04 18:45:00,Leeds United,Nottingham Forest,2,1,2.43248,0.613917,2223
2023-04-04 18:45:00,Leicester City,Aston Villa,1,2,0.671597,1.00159,2223
2023-04-05 19:00:00,Manchester United,Brentford,1,0,1.1445,0.64499,2223
2023-04-05 19:00:00,West Ham United,Newcastle United,1,5,0.83342,2.84091,2223
2023-04-08 14:00:00,Aston Villa,Nottingham Forest,2,0,1.42718,0.232452,2223
2023-04-08 14:00:00,Brentford,Newcastle United,1,2,2.06521,1.02337,2223
2023-04-08 14:00:00,Fulham,West Ham United,0,1,0.456524,1.23261,2223
2023-04-08 14:00:00,Leicester City,Bournemouth,0,1,0.731965,1.92396,2223
2023-04-08 11:30:00,Manchester United,Everton,2,0,4.38578,0.949183,2223
2023-04-08 16:30:00,Southampton,Manchester City,1,4,0.492801,3.05999,2223
2023-04-08 14:00:00,Tottenham Hotspur,Brighton,2,1,0.594139,1.47549,2223
2023-04-08 14:00:00,Wolverhampton Wanderers,Chelsea,1,0,0.601153,0.815308,2223
2023-04-09 13:00:00,Leeds United,Crystal Palace,1,5,1.02075,3.22687,2223
2023-04-09 15:30:00,Liverpool,Arsenal,2,2,4.64012,1.53631,2223
2023-04-15 11:30:00,Aston Villa,Newcastle United,3,0,1.91802,0.425086,2223
2023-04-15 14:00:00,Chelsea,Brighton,1,2,0.46331,2.52107,2223
2023-04-15 14:00:00,Everton,Fulham,1,3,2.24262,1.92209,2223
2023-04-15 16:30:00,Manchester City,Leicester City,3,1,1.60702,1.92692,2223
2023-04-15 14:00:00,Southampton,Crystal Palace,0,2,0.678449,0.86306,2223
2023-04-15 14:00:00,Tottenham Hotspur,Bournemouth,2,3,2.30604,1.20598,2223
2023-04-15 14:00:00,Wolverhampton Wanderers,Brentford,2,0,0.93912,1.5133,2223
2023-04-16 15:30:00,Nottingham Forest,Manchester United,0,2,1.05289,3.33747,2223
2023-04-16 13:00:00,West Ham United,Arsenal,2,2,1.96095,2.71782,2223
2023-04-17 19:00:00,Leeds United,Liverpool,1,6,1.16748,2.65476,2223
2023-04-21 19:00:00,Arsenal,Southampton,3,3,2.39609,1.43063,2223
2023-04-22 14:00:00,Brentford,Aston Villa,1,1,2.03162,1.66602,2223
2023-04-22 14:00:00,Crystal Palace,Everton,0,0,0.368137,0.433712,2223
2023-04-22 11:30:00,Fulham,Leeds United,2,1,1.43763,1.07482,2223
2023-04-22 14:00:00,Leicester City,Wolverhampton Wanderers,2,1,2.66929,0.59626,2223
2023-04-22 14:00:00,Liverpool,Nottingham Forest,3,2,3.32745,0.724666,2223
2023-04-23 13:00:00,Bournemouth,West Ham United,0,4,0.974687,2.52322,2223
2023-04-23 13:00:00,Newcastle United,Tottenham Hotspur,6,1,3.98532,0.883001,2223
2023-04-25 18:45:00,Aston Villa,Fulham,1,0,0.839159,0.079864,2223
2023-04-25 19:00:00,Leeds United,Leicester City,1,1,2.09645,2.08594,2223
2023-04-25 18:30:00,Wolverhampton Wanderers,Crystal Palace,2,0,1.12829,0.580294,2223
2023-04-26 18:45:00,Chelsea,Brentford,0,2,1.21124,0.695344,2223
2023-04-26 19:00:00,Manchester City,Arsenal,4,1,2.01168,0.398372,2223
2023-04-26 18:30:00,Nottingham Forest,Brighton,3,1,2.43846,2.33064,2223
2023-04-26 18:45:00,West Ham United,Liverpool,1,2,0.939348,1.7045,2223
2023-04-27 18:45:00,Everton,Newcastle United,1,4,0.777008,2.86368,2223
2023-04-27 18:45:00,Southampton,Bournemouth,0,1,0.477034,0.988554,2223
2023-04-27 19:15:00,Tottenham Hotspur,Manchester United,2,2,2.37239,1.96508,2223
2023-04-29 14:00:00,Brentford,Nottingham Forest,2,1,1.32059,0.939693,2223
2023-04-29 14:00:00,Brighton,Wolverhampton Wanderers,6,0,3.60471,0.603985,2223
2023-04-29 11:30:00,Crystal Palace,West Ham United,4,3,2.31888,1.98262,2223
2023-04-30 13:00:00,Bournemouth,Leeds United,4,1,2.51723,1.33691,2223
2023-04-30 13:00:00,Fulham,Manchester City,1,2,0.431813,2.32338,2223
2023-04-30 15:30:00,Liverpool,Tottenham Hotspur,4,3,2.42911,1.44927,2223
2023-04-30 13:00:00,Manchester United,Aston Villa,1,0,1.3056,0.434738,2223
2023-04-30 13:00:00,Newcastle United,Southampton,3,1,3.91457,0.897175,2223
2023-05-01 19:00:00,Leicester City,Everton,2,2,3.32486,3.28648,2223
2023-05-02 19:00:00,Arsenal,Chelsea,3,1,2.7832,0.785202,2223
2023-05-03 19:00:00,Liverpool,Fulham,1,0,1.67372,0.740125,2223
2023-05-03 19:00:00,Manchester City,West Ham United,3,0,2.99908,0.492075,2223
2023-05-04 19:00:00,Brighton,Manchester United,1,0,2.09953,1.32105,2223
2023-05-06 14:00:00,Bournemouth,Chelsea,1,3,1.21755,1.76852,2223
2023-05-06 16:30:00,Liverpool,Brentford,1,0,1.992,0.183892,2223
2023-05-06 14:00:00,Manchester City,Leeds United,2,1,2.83472,0.140924,2223
2023-05-06 14:00:00,Tottenham Hotspur,Crystal Palace,1,0,1.15665,0.306669,2223
2023-05-06 14:00:00,Wolverhampton Wanderers,Aston Villa,1,0,0.80605,1.50158,2223
2023-05-07 15:30:00,Newcastle United,Arsenal,0,2,1.37224,1.29061,2223
2023-05-07 18:00:00,West Ham United,Manchester United,1,0,1.76618,1.1942,2223
2023-05-08 16:30:00,Brighton,Everton,1,5,3.23717,2.94223,2223
2023-05-08 14:00:00,Fulham,Leicester City,5,3,1.75276,2.92566,2223
2023-05-08 19:00:00,Nottingham Forest,Southampton,4,3,1.91326,3.31096,2223
2023-05-13 14:00:00,Aston Villa,Tottenham Hotspur,2,1,1.79987,1.18505,2223
2023-05-13 14:00:00,Chelsea,Nottingham Forest,2,2,0.999181,1.96797,2223
2023-05-13 14:00:00,Crystal Palace,Bournemouth,2,0,1.40237,0.262022,2223
2023-05-13 11:30:00,Leeds United,Newcastle United,2,2,2.01567,2.35118,2223
2023-05-13 14:00:00,Manchester United,Wolverhampton Wanderers,2,0,3.10118,0.268789,2223
2023-05-13 14:00:00,Southampton,Fulham,0,2,0.149649,1.27085,2223
2023-05-14 15:30:00,Arsenal,Brighton,0,3,0.958651,2.21276,2223
2023-05-14 13:00:00,Brentford,West Ham United,2,0,4.42571,0.203312,2223
2023-05-14 13:00:00,Everton,Manchester City,0,3,1.18597,1.04338,2223
2023-05-15 19:00:00,Leicester City,Liverpool,0,3,0.527496,1.77085,2223
2023-05-18 18:30:00,Newcastle United,Brighton,4,1,4.11359,0.593493,2223
2023-05-20 14:00:00,Bournemouth,Manchester United,0,1,0.815723,1.71783,2223
2023-05-20 14:00:00,Fulham,Crystal Palace,2,2,1.95519,1.70785,2223
2023-05-20 14:00:00,Liverpool,Aston Villa,1,1,0.918508,1.46948,2223
2023-05-20 16:30:00,Nottingham Forest,Arsenal,1,0,1.1397,0.4902,2223
2023-05-20 11:30:00,Tottenham Hotspur,Brentford,1,3,1.61667,1.15344,2223
2023-05-20 14:00:00,Wolverhampton Wanderers,Everton,1,1,1.28976,2.46976,2223
2023-05-21 13:00:00,Brighton,Southampton,3,1,2.41418,0.863659,2223
2023-05-21 15:00:00,Manchester City,Chelsea,1,0,1.20557,1.15648,2223
2023-05-21 12:30:00,West Ham United,Leeds United,3,1,2.48001,0.645828,2223
2023-05-22 19:00:00,Newcastle United,Leicester City,0,0,2.05089,0.0839072,2223
2023-05-24 19:00:00,Brighton,Manchester City,1,1,2.11486,1.92973,2223
2023-05-25 19:00:00,Manchester United,Chelsea,4,1,4.92231,1.68364,2223
2023-05-28 15:30:00,Arsenal,Wolverhampton Wanderers,5,0,3.02466,0.38772,2223
2023-05-28 15:30:00,Aston Villa,Brighton,2,1,2.55845,1.23117,2223
2023-05-28 15:30:00,Brentford,Manchester City,1,0,1.43893,1.18649,2223
2023-05-28 15:30:00,Chelsea,Newcastle United,1,1,2.01924,1.51899,2223
2023-05-28 15:30:00,Crystal Palace,Nottingham Forest,1,1,1.00786,0.436439,2223
2023-05-28 15:30:00,Everton,Bournemouth,1,0,1.12933,0.432084,2223
2023-05-28 15:30:00,Leeds United,Tottenham Hotspur,1,4,1.19151,2.03315,2223
2023-05-28 15:30:00,Leicester City,West Ham United,2,1,2.03013,0.970352,2223
2023-05-28 15:30:00,Manchester United,Fulham,2,1,2.74766,1.88167,2223
2023-05-28 15:30:00,Southampton,Liverpool,4,4,1.33964,4.00345,2223
2023-08-11 19:00:00,Burnley,Manchester City,0,3,0.311032,2.40074,2324
2023-08-12 11:30:00,Arsenal,Nottingham Forest,2,1,0.84262,0.966305,2324
2023-08-12 14:00:00,Bournemouth,West Ham United,1,1,1.51025,1.4834,2324
2023-08-12 14:00:00,Brighton,Luton Town,4,1,4.36748,1.88594,2324
2023-08-12 14:00:00,Everton,Fulham,0,1,2.59001,1.58144,2324
2023-08-12 16:30:00,Newcastle United,Aston Villa,5,1,4.32208,1.486,2324
2023-08-12 14:00:00,Sheffield United,Crystal Palace,0,1,0.422704,2.27616,2324
2023-08-13 13:00:00,Brentford,Tottenham Hotspur,2,2,1.90756,1.45316,2324
2023-08-13 15:30:00,Chelsea,Liverpool,1,1,1.93258,1.29994,2324
2023-08-14 19:00:00,Manchester United,Wolverhampton Wanderers,1,0,1.97087,1.72228,2324
2023-08-18 18:45:00,Nottingham Forest,Sheffield United,2,1,1.37181,0.551038,2324
2023-08-19 14:00:00,Fulham,Brentford,0,3,0.399899,3.46888,2324
2023-08-19 14:00:00,Liverpool,Bournemouth,3,1,3.25448,1.3867,2324
2023-08-19 19:00:00,Manchester City,Newcastle United,1,0,1.22528,0.257154,2324
2023-08-19 16:30:00,Tottenham Hotspur,Manchester United,2,0,2.53904,2.44604,2324
2023-08-19 14:00:00,Wolverhampton Wanderers,Brighton,1,4,2.68821,3.15562,2324
2023-08-20 13:00:00,Aston Villa,Everton,4,0,3.24336,0.721465,2324
2023-08-20 15:30:00,West Ham United,Chelsea,3,1,1.71234,1.60916,2324
2023-08-21 19:00:00,Crystal Palace,Arsenal,0,1,1.06916,2.20593,2324
2023-08-25 19:00:00,Chelsea,Luton Town,3,0,3.41419,0.465741,2324
2023-08-26 14:00:00,Arsenal,Fulham,2,2,3.23088,0.849817,2324
2023-08-26 11:30:00,Bournemouth,Tottenham Hotspur,0,2,0.483582,2.26115,2324
2023-08-26 14:00:00,Brentford,Crystal Palace,1,1,0.948011,1.06061,2324
2023-08-26 16:30:00,Brighton,West Ham United,1,3,1.3743,2.9527,2324
2023-08-26 14:00:00,Everton,Wolverhampton Wanderers,0,1,1.89792,1.40228,2324
2023-08-26 14:00:00,Manchester United,Nottingham Forest,3,2,3.02803,0.960354,2324
2023-08-27 13:00:00,Burnley,Aston Villa,1,3,0.630605,2.83691,2324
2023-08-27 15:30:00,Newcastle United,Liverpool,1,2,1.62037,0.856121,2324
2023-08-27 13:00:00,Sheffield United,Manchester City,1,2,0.762232,3.84804,2324
2023-09-01 19:00:00,Luton Town,West Ham United,1,2,2.02244,1.22528,2324
2023-09-02 14:00:00,Brentford,Bournemouth,2,2,3.07185,2.11013,2324
2023-09-02 16:30:00,Brighton,Newcastle United,3,1,1.32258,0.90476,2324
2023-09-02 14:00:00,Burnley,Tottenham Hotspur,2,5,1.66604,2.39785,2324
2023-09-02 14:00:00,Chelsea,Nottingham Forest,0,1,2.28442,1.1505,2324
2023-09-02 14:00:00,Manchester City,Fulham,5,1,2.00152,1.46427,2324
2023-09-02 11:30:00,Sheffield United,Everton,2,2,1.575,2.73871,2324
2023-09-03 15:30:00,Arsenal,Manchester United,3,1,1.90973,0.966109,2324
2023-09-03 13:00:00,Crystal Palace,Wolverhampton Wanderers,3,2,2.32935,1.13911,2324
2023-09-03 13:00:00,Liverpool,Aston Villa,3,0,2.73138,0.615503,2324
2023-09-16 14:00:00,Aston Villa,Crystal Palace,3,1,2.31518,1.11696,2324
2023-09-16 14:00:00,Fulham,Luton Town,1,0,1.75704,1.45705,2324
2023-09-16 14:00:00,Manchester United,Brighton,1,3,0.719951,1.93908,2324
2023-09-16 16:30:00,Newcastle United,Brentford,1,0,1.50126,0.633678,2324
2023-09-16 14:00:00,Tottenham Hotspur,Sheffield United,2,1,2.15909,0.790655,2324
2023-09-16 14:00:00,West Ham United,Manchester City,1,3,0.895632,4.15046,2324
2023-09-16 11:30:00,Wolverhampton Wanderers,Liverpool,1,3,0.538833,2.82701,2324
2023-09-17 13:00:00,Bournemouth,Chelsea,0,0,1.32515,1.39677,2324
2023-09-17 15:30:00,Everton,Arsenal,0,1,0.28317,0.802605,2324
2023-09-18 18:45:00,Nottingham Forest,Burnley,1,1,0.705795,0.807651,2324
2023-09-23 16:30:00,Brentford,Everton,1,3,1.57402,2.51497,2324
2023-09-23 19:00:00,Burnley,Manchester United,0,1,0.935444,0.840273,2324
2023-09-23 14:00:00,Crystal Palace,Fulham,0,0,0.37236,0.542678,2324
2023-09-23 14:00:00,Luton Town,Wolverhampton Wanderers,1,1,2.24101,0.762984,2324
2023-09-23 14:00:00,Manchester City,Nottingham Forest,2,0,1.33984,0.729109,2324
2023-09-24 13:00:00,Arsenal,Tottenham Hotspur,2,2,2.3429,2.21166,2324
2023-09-24 13:00:00,Brighton,Bournemouth,3,1,2.14533,1.58984,2324
2023-09-24 13:00:00,Chelsea,Aston Villa,0,1,1.19716,1.13479,2324
2023-09-24 13:00:00,Liverpool,West Ham United,3,1,4.14262,1.53878,2324
2023-09-24 15:30:00,Sheffield United,Newcastle United,0,8,0.579392,5.1082,2324
2023-09-30 11:30:00,Aston Villa,Brighton,6,1,1.90746,1.72819,2324
2023-09-30 14:00:00,Bournemouth,Arsenal,0,4,0.644443,4.0742,2324
2023-09-30 14:00:00,Everton,Luton Town,1,2,3.65377,1.5102,2324
2023-09-30 14:00:00,Manchester United,Crystal Palace,0,1,1.55408,1.19015,2324
2023-09-30 14:00:00,Newcastle United,Burnley,2,0,3.08516,0.801849,2324
2023-09-30 16:30:00,Tottenham Hotspur,Liverpool,2,1,2.18823,1.12299,2324
2023-09-30 14:00:00,West Ham United,Sheffield United,2,0,3.19753,0.911997,2324
2023-09-30 14:00:00,Wolverhampton Wanderers,Manchester City,2,1,0.673985,0.98075,2324
2023-10-01 13:00:00,Nottingham Forest,Brentford,1,1,0.800317,1.75862,2324
2023-10-02 19:00:00,Fulham,Chelsea,0,2,0.889383,1.98461,2324
2023-10-03 18:30:00,Luton Town,Burnley,1,2,1.53058,0.920206,2324
2023-10-07 14:00:00,Burnley,Chelsea,1,4,0.956642,1.97566,2324
2023-10-07 16:30:00,Crystal Palace,Nottingham Forest,0,0,0.982452,1.22105,2324
2023-10-07 14:00:00,Everton,Bournemouth,3,0,3.16482,0.981732,2324
2023-10-07 14:00:00,Fulham,Sheffield United,3,1,2.26612,0.251809,2324
2023-10-07 11:30:00,Luton Town,Tottenham Hotspur,0,1,0.848118,2.37947,2324
2023-10-07 14:00:00,Manchester United,Brentford,2,1,1.29356,1.02509,2324
2023-10-08 15:30:00,Arsenal,Manchester City,1,0,0.386558,0.858071,2324
2023-10-08 13:00:00,Brighton,Liverpool,2,2,2.23187,2.51029,2324
2023-10-08 13:00:00,West Ham United,Newcastle United,2,2,0.931345,1.97865,2324
2023-10-08 13:00:00,Wolverhampton Wanderers,Aston Villa,1,1,1.76232,1.81618,2324
2023-10-21 14:00:00,Bournemouth,Wolverhampton Wanderers,1,2,1.01839,2.30454,2324
2023-10-21 14:00:00,Brentford,Burnley,3,0,3.15685,0.693129,2324
2023-10-21 16:30:00,Chelsea,Arsenal,2,2,1.71838,1.05791,2324
2023-10-21 11:30:00,Liverpool,Everton,2,0,2.28568,0.0937725,2324
2023-10-21 14:00:00,Manchester City,Brighton,2,1,0.962509,0.963733,2324
2023-10-21 14:00:00,Newcastle United,Crystal Palace,4,0,3.73336,1.08795,2324
2023-10-21 14:00:00,Nottingham Forest,Luton Town,2,2,3.27549,1.49555,2324
2023-10-21 19:00:00,Sheffield United,Manchester United,1,2,1.41074,1.46187,2324
2023-10-22 15:30:00,Aston Villa,West Ham United,4,1,2.34143,0.659622,2324
2023-10-23 19:00:00,Tottenham Hotspur,Fulham,2,0,1.63523,0.745838,2324
2023-10-27 19:00:00,Crystal Palace,Tottenham Hotspur,1,2,0.561834,0.989103,2324
2023-10-28 14:00:00,Arsenal,Sheffield United,5,0,3.03496,0.0281554,2324
2023-10-28 14:00:00,Bournemouth,Burnley,2,1,1.10052,0.90255,2324
2023-10-28 11:30:00,Chelsea,Brentford,0,2,1.71801,2.48137,2324
2023-10-28 16:30:00,Wolverhampton Wanderers,Newcastle United,2,2,0.863393,2.31987,2324
2023-10-29 14:00:00,Aston Villa,Luton Town,3,1,3.07654,0.453117,2324
2023-10-29 14:00:00,Brighton,Fulham,1,1,1.31996,0.552523,2324
2023-10-29 14:00:00,Liverpool,Nottingham Forest,3,0,2.70428,0.642014,2324
2023-10-29 15:30:00,Manchester United,Manchester City,0,3,0.714628,4.54595,2324
2023-10-29 13:00:00,West Ham United,Everton,0,1,0.618578,0.733813,2324
2023-11-04 15:00:00,Brentford,West Ham United,3,2,1.82944,1.75505,2324
2023-11-04 15:00:00,Burnley,Crystal Palace,0,2,1.4998,1.43653,2324
2023-11-04 15:00:00,Everton,Brighton,1,1,0.617607,0.442489,2324
2023-11-04 12:30:00,Fulham,Manchester United,0,1,1.18241,0.697095,2324
2023-11-04 15:00:00,Manchester City,Bournemouth,6,1,2.39949,0.643127,2324
2023-11-04 17:30:00,Newcastle United,Arsenal,1,0,1.12355,0.535473,2324
2023-11-04 15:00:00,Sheffield United,Wolverhampton Wanderers,2,1,1.10165,1.14803,2324
2023-11-05 16:30:00,Luton Town,Liverpool,1,1,1.3411,3.03925,2324
2023-11-05 14:00:00,Nottingham Forest,Aston Villa,2,0,0.592447,1.33116,2324
2023-11-06 20:00:00,Tottenham Hotspur,Chelsea,1,4,0.959108,4.05865,2324
2023-11-11 15:00:00,Arsenal,Burnley,3,1,2.63194,0.327706,2324
2023-11-11 17:30:00,Bournemouth,Newcastle United,2,0,2.78424,0.306141,2324
2023-11-11 15:00:00,Crystal Palace,Everton,2,3,1.89194,1.7904,2324
2023-11-11 15:00:00,Manchester United,Luton Town,1,0,2.74105,0.408265,2324
2023-11-11 12:30:00,Wolverhampton Wanderers,Tottenham Hotspur,2,1,1.90884,0.432315,2324
2023-11-12 14:00:00,Aston Villa,Fulham,3,1,2.86039,0.648745,2324
2023-11-12 14:00:00,Brighton,Sheffield United,1,1,1.08601,0.84434,2324
2023-11-12 16:30:00,Chelsea,Manchester City,4,4,3.47238,3.19324,2324
2023-11-12 14:00:00,Liverpool,Brentford,3,0,1.56004,1.44954,2324
2023-11-12 14:00:00,West Ham United,Nottingham Forest,3,2,2.06402,1.42128,2324
2023-11-25 17:30:00,Brentford,Arsenal,0,1,1.66315,1.82699,2324
2023-11-25 15:00:00,Burnley,West Ham United,1,2,1.44228,1.36963,2324
2023-11-25 15:00:00,Luton Town,Crystal Palace,2,1,0.996153,1.83546,2324
2023-11-25 12:30:00,Manchester City,Liverpool,1,1,1.79622,0.766278,2324
2023-11-25 15:00:00,Newcastle United,Chelsea,4,1,2.15227,0.968061,2324
2023-11-25 15:00:00,Nottingham Forest,Brighton,2,3,2.22655,1.21792,2324
2023-11-25 15:00:00,Sheffield United,Bournemouth,1,3,0.816227,3.13975,2324
2023-11-26 16:30:00,Everton,Manchester United,0,3,2.49764,2.07334,2324
2023-11-26 14:00:00,Tottenham Hotspur,Aston Villa,1,2,2.22542,2.39755,2324
2023-11-27 20:00:00,Fulham,Wolverhampton Wanderers,3,2,2.49057,1.57875,2324
2023-12-02 15:00:00,Arsenal,Wolverhampton Wanderers,2,1,3.30368,1.07886,2324
2023-12-02 15:00:00,Brentford,Luton Town,3,1,3.25952,0.227176,2324
2023-12-02 15:00:00,Burnley,Sheffield United,5,0,2.60469,0.618131,2324
2023-12-02 20:00:00,Newcastle United,Manchester United,1,0,2.90191,0.422674,2324
2023-12-02 17:30:00,Nottingham Forest,Everton,0,1,0.673085,0.623789,2324
2023-12-03 14:00:00,Bournemouth,Aston Villa,2,2,2.54937,0.89511,2324
2023-12-03 14:00:00,Chelsea,Brighton,3,2,1.66304,0.855058,2324
2023-12-03 14:00:00,Liverpool,Fulham,4,3,2.72831,1.51005,2324
2023-12-03 16:30:00,Manchester City,Tottenham Hotspur,3,3,2.90729,0.433077,2324
2023-12-03 14:00:00,West Ham United,Crystal Palace,1,1,1.1466,0.987682,2324
2023-12-05 20:15:00,Luton Town,Arsenal,3,4,0.526254,2.58815,2324
2023-12-05 19:30:00,Wolverhampton Wanderers,Burnley,1,0,1.11886,0.781542,2324
2023-12-06 20:15:00,Aston Villa,Manchester City,1,0,2.1922,1.00198,2324
2023-12-06 19:30:00,Brighton,Brentford,2,1,1.54099,1.22007,2324
2023-12-06 19:30:00,Crystal Palace,Bournemouth,0,2,1.26441,1.79997,2324
2023-12-06 19:30:00,Fulham,Nottingham Forest,5,0,3.09427,0.218659,2324
2023-12-06 20:15:00,Manchester United,Chelsea,2,1,4.03949,2.3512,2324
2023-12-06 19:30:00,Sheffield United,Liverpool,0,2,0.834172,1.80116,2324
2023-12-07 19:30:00,Everton,Newcastle United,3,0,2.95393,1.29564,2324
2023-12-07 20:15:00,Tottenham Hotspur,West Ham United,1,2,1.61268,1.7409,2324
2023-12-09 17:30:00,Aston Villa,Arsenal,1,0,0.628499,1.71667,2324
2023-12-09 15:00:00,Brighton,Burnley,1,1,2.96247,1.05162,2324
2023-12-09 12:30:00,Crystal Palace,Liverpool,1,2,1.79152,1.3708,2324
2023-12-09 15:00:00,Manchester United,Bournemouth,0,3,1.11296,1.9742,2324
2023-12-09 15:00:00,Sheffield United,Brentford,1,0,0.841976,0.644638,2324
2023-12-09 15:00:00,Wolverhampton Wanderers,Nottingham Forest,1,1,1.02199,1.21801,2324
2023-12-10 14:00:00,Everton,Chelsea,2,0,1.11437,0.885512,2324
2023-12-10 14:00:00,Fulham,West Ham United,5,0,2.1884,0.983,2324
2023-12-10 14:00:00,Luton Town,Manchester City,1,2,0.689037,2.23353,2324
2023-12-10 16:30:00,Tottenham Hotspur,Newcastle United,4,1,4.40118,1.61368,2324
2023-12-15 20:00:00,Nottingham Forest,Tottenham Hotspur,0,2,1.70569,1.60738,2324
2023-12-16 17:30:00,Burnley,Everton,0,2,0.811435,2.22305,2324
2023-12-16 15:00:00,Chelsea,Sheffield United,2,0,3.27322,0.44014,2324
2023-12-16 15:00:00,Manchester City,Crystal Palace,2,2,2.41646,1.64977,2324
2023-12-16 15:00:00,Newcastle United,Fulham,3,0,4.27933,0.471042,2324
2023-12-17 14:00:00,Arsenal,Brighton,2,0,2.76976,0.663054,2324
2023-12-17 14:00:00,Brentford,Aston Villa,1,2,0.796812,1.4664,2324
2023-12-17 16:30:00,Liverpool,Manchester United,0,0,1.97111,0.632715,2324
2023-12-17 14:00:00,West Ham United,Wolverhampton Wanderers,3,0,1.03828,0.556206,2324
2023-12-21 20:00:00,Crystal Palace,Brighton,1,1,1.65409,1.33653,2324
2023-12-22 20:00:00,Aston Villa,Sheffield United,1,1,1.21861,0.646159,2324
2023-12-23 15:00:00,Fulham,Burnley,0,2,1.38096,0.41714,2324
2023-12-23 17:30:00,Liverpool,Arsenal,1,1,0.982901,0.851681,2324
2023-12-23 15:00:00,Luton Town,Newcastle United,1,0,1.81844,1.41488,2324
2023-12-23 15:00:00,Nottingham Forest,Bournemouth,2,3,0.791806,1.89067,2324
2023-12-23 15:00:00,Tottenham Hotspur,Everton,2,1,1.57527,1.98385,2324
2023-12-23 12:30:00,West Ham United,Manchester United,2,0,1.51468,0.730496,2324
2023-12-24 13:00:00,Wolverhampton Wanderers,Chelsea,2,1,1.74626,1.75447,2324
2023-12-26 15:00:00,Bournemouth,Fulham,3,0,2.07911,0.324365,2324
2023-12-26 17:30:00,Burnley,Liverpool,0,2,0.972389,1.68451,2324
2023-12-26 20:00:00,Manchester United,Aston Villa,3,2,1.20104,1.83637,2324
2023-12-26 12:30:00,Newcastle United,Nottingham Forest,1,3,2.79106,3.1074,2324
2023-12-26 15:00:00,Sheffield United,Luton Town,2,3,3.61788,0.715575,2324
2023-12-27 19:30:00,Brentford,Wolverhampton Wanderers,1,4,2.59347,1.89483,2324
2023-12-27 19:30:00,Chelsea,Crystal Palace,2,1,2.73005,0.958077,2324
2023-12-27 20:15:00,Everton,Manchester City,1,3,1.23529,2.28321,2324
2023-12-28 20:15:00,Arsenal,West Ham United,0,2,2.7884,1.59711,2324
2023-12-28 19:30:00,Brighton,Tottenham Hotspur,4,2,3.84702,2.06955,2324
2023-12-30 15:00:00,Aston Villa,Burnley,3,2,2.92587,1.11923,2324
2023-12-30 15:00:00,Crystal Palace,Brentford,3,1,1.61057,1.28731,2324
2023-12-30 12:30:00,Luton Town,Chelsea,2,3,2.64093,1.57463,2324
2023-12-30 15:00:00,Manchester City,Sheffield United,2,0,2.24229,0.263211,2324
2023-12-30 17:30:00,Nottingham Forest,Manchester United,2,1,0.744348,0.651905,2324
2023-12-30 15:00:00,Wolverhampton Wanderers,Everton,3,0,2.64477,0.519641,2324
2023-12-31 14:00:00,Fulham,Arsenal,2,1,1.52829,1.6591,2324
2023-12-31 14:00:00,Tottenham Hotspur,Bournemouth,3,1,2.15027,1.58229,2324
2024-01-01 19:00:00,Liverpool,Newcastle United,4,2,6.67151,0.910974,2324
2024-01-02 18:30:00,West Ham United,Brighton,0,0,0.9831,2.1552,2324
2024-01-12 19:45:00,Burnley,Luton Town,1,1,1.52023,0.965167,2324
2024-01-13 12:30:00,Chelsea,Fulham,1,0,2.0456,0.697847,2324
2024-01-13 17:30:00,Newcastle United,Manchester City,2,3,1.23638,2.55452,2324
2024-01-14 14:00:00,Everton,Aston Villa,0,0,1.03664,1.3435,2324
2024-01-14 16:30:00,Manchester United,Tottenham Hotspur,2,2,0.923233,1.31224,2324
2024-01-20 12:30:00,Arsenal,Crystal Palace,5,0,3.52167,0.288083,2324
2024-01-20 17:30:00,Brentford,Nottingham Forest,3,2,1.94219,1.22251,2324
2024-01-21 16:30:00,Bournemouth,Liverpool,0,4,0.834585,1.53344,2324
2024-01-21 14:00:00,Sheffield United,West Ham United,2,2,2.61362,2.4241,2324
2024-01-22 19:45:00,Brighton,Wolverhampton Wanderers,0,0,1.3701,1.14116,2324
2024-01-30 20:15:00,Aston Villa,Newcastle United,1,3,1.44485,3.3224,2324
2024-01-30 20:00:00,Crystal Palace,Sheffield United,3,2,1.1601,0.768467,2324
2024-01-30 19:45:00,Fulham,Everton,0,0,2.37499,2.83317,2324
2024-01-30 19:45:00,Luton Town,Brighton,4,0,3.63312,1.01366,2324
2024-01-30 19:30:00,Nottingham Forest,Arsenal,1,2,0.631618,1.39143,2324
2024-01-31 20:15:00,Liverpool,Chelsea,4,1,3.6627,0.477972,2324
2024-01-31 19:30:00,Manchester City,Burnley,3,1,1.84756,1.49114,2324
2024-01-31 19:30:00,Tottenham Hotspur,Brentford,3,2,3.36194,1.59637,2324
2024-02-01 19:30:00,West Ham United,Bournemouth,1,1,1.3128,1.13487,2324
2024-02-01 20:15:00,Wolverhampton Wanderers,Manchester United,3,4,2.27609,3.22698,2324
2024-02-03 15:00:00,Brighton,Crystal Palace,4,1,1.92591,0.241137,2324
2024-02-03 15:00:00,Burnley,Fulham,2,2,1.00428,1.28806,2324
2024-02-03 12:30:00,Everton,Tottenham Hotspur,2,2,3.25881,0.922371,2324
2024-02-03 15:00:00,Newcastle United,Luton Town,4,4,2.37353,2.67463,2324
2024-02-03 17:30:00,Sheffield United,Aston Villa,0,5,1.52784,2.99015,2324
2024-02-04 16:30:00,Arsenal,Liverpool,3,1,2.8526,0.542052,2324
2024-02-04 14:00:00,Bournemouth,Nottingham Forest,1,1,1.1895,0.456548,2324
2024-02-04 14:00:00,Chelsea,Wolverhampton Wanderers,2,4,2.35967,2.48996,2324
2024-02-04 14:00:00,Manchester United,West Ham United,3,0,0.96721,1.1807,2324
2024-02-05 20:00:00,Brentford,Manchester City,1,3,0.865741,2.10785,2324
2024-02-10 15:00:00,Fulham,Bournemouth,3,1,1.7456,2.60612,2324
2024-02-10 15:00:00,Liverpool,Burnley,3,1,3.14734,1.11123,2324
2024-02-10 15:00:00,Luton Town,Sheffield United,1,3,1.76215,1.98283,2324
2024-02-10 12:30:00,Manchester City,Everton,2,0,1.58971,0.192072,2324
2024-02-10 17:30:00,Nottingham Forest,Newcastle United,2,3,0.968075,0.511375,2324
2024-02-10 15:00:00,Tottenham Hotspur,Brighton,2,1,2.10928,1.49285,2324
2024-02-10 15:00:00,Wolverhampton Wanderers,Brentford,0,2,1.05781,1.84908,2324
2024-02-11 16:30:00,Aston Villa,Manchester United,1,2,2.64675,2.44591,2324
2024-02-11 14:00:00,West Ham United,Arsenal,0,6,0.191065,3.99893,2324
2024-02-12 20:00:00,Crystal Palace,Chelsea,1,3,0.719516,1.26948,2324
2024-02-17 12:30:00,Brentford,Liverpool,1,4,1.69518,3.08952,2324
2024-02-17 15:00:00,Burnley,Arsenal,0,5,0.335143,2.20575,2324
2024-02-17 15:00:00,Fulham,Aston Villa,1,2,1.41796,1.57297,2324
2024-02-17 17:30:00,Manchester City,Chelsea,1,1,2.77713,1.82903,2324
2024-02-17 15:00:00,Newcastle United,Bournemouth,2,2,2.38425,2.08098,2324
2024-02-17 15:00:00,Nottingham Forest,West Ham United,2,0,2.66942,0.520016,2324
2024-02-17 15:00:00,Tottenham Hotspur,Wolverhampton Wanderers,1,2,1.59768,1.77591,2324
2024-02-18 16:30:00,Luton Town,Manchester United,1,2,1.57234,3.58973,2324
2024-02-18 14:00:00,Sheffield United,Brighton,0,5,0.586214,3.35549,2324
2024-02-19 20:00:00,Everton,Crystal Palace,1,1,2.44588,0.734685,2324
2024-02-20 18:30:00,Manchester City,Brentford,1,0,2.53766,0.503799,2324
2024-02-21 15:00:00,Liverpool,Luton Town,4,1,3.70302,0.956512,2324
2024-02-24 20:00:00,Arsenal,Newcastle United,4,1,2.59336,0.217373,2324
2024-02-24 15:00:00,Aston Villa,Nottingham Forest,4,2,3.48861,2.25569,2324
2024-02-24 17:30:00,Bournemouth,Manchester City,0,1,0.925889,1.79636,2324
2024-02-24 15:00:00,Brighton,Everton,1,1,1.6538,0.286655,2324
2024-02-24 15:00:00,Crystal Palace,Burnley,3,0,2.41612,0.0760216,2324
2024-02-24 15:00:00,Manchester United,Fulham,1,2,1.96036,1.1385,2324
2024-02-25 13:30:00,Wolverhampton Wanderers,Sheffield United,1,0,1.21618,0.654342,2324
2024-02-26 20:00:00,West Ham United,Brentford,4,2,2.06873,1.33683,2324
2024-03-02 15:00:00,Brentford,Chelsea,2,2,2.4732,2.1523,2324
2024-03-02 15:00:00,Everton,West Ham United,1,3,3.12075,2.17948,2324
2024-03-02 15:00:00,Fulham,Brighton,3,0,1.37604,1.15198,2324
2024-03-02 17:30:00,Luton Town,Aston Villa,2,3,2.43312,2.08586,2324
2024-03-02 15:00:00,Newcastle United,Wolverhampton Wanderers,3,0,3.33495,0.507769,2324
2024-03-02 15:00:00,Nottingham Forest,Liverpool,0,1,0.971466,1.32259,2324
2024-03-02 15:00:00,Tottenham Hotspur,Crystal Palace,3,1,2.6625,0.277887,2324
2024-03-03 13:00:00,Burnley,Bournemouth,0,2,1.60461,1.43616,2324
2024-03-03 15:30:00,Manchester City,Manchester United,3,1,2.64173,0.153764,2324
2024-03-04 20:00:00,Sheffield United,Arsenal,0,6,0.201374,2.47294,2324
2024-03-09 17:30:00,Arsenal,Brentford,2,1,1.59369,0.733239,2324
2024-03-09 15:00:00,Bournemouth,Sheffield United,2,2,3.92657,1.91752,2324
2024-03-09 15:00:00,Crystal Palace,Luton Town,1,1,3.25103,1.08531,2324
2024-03-09 12:30:00,Manchester United,Everton,2,0,2.9016,1.8214,2324
2024-03-09 15:00:00,Wolverhampton Wanderers,Fulham,2,1,1.29589,2.94155,2324
2024-03-10 13:00:00,Aston Villa,Tottenham Hotspur,0,4,1.23267,2.25381,2324
2024-03-10 14:00:00,Brighton,Nottingham Forest,1,0,0.534518,0.687034,2324
2024-03-10 15:45:00,Liverpool,Manchester City,1,1,2.25492,1.37289,2324
2024-03-10 14:00:00,West Ham United,Burnley,2,2,1.87414,0.88131,2324
2024-03-11 20:00:00,Chelsea,Newcastle United,3,2,1.78315,0.568435,2324
2024-03-13 19:30:00,Bournemouth,Luton Town,4,3,2.84403,2.79419,2324
2024-03-16 15:00:00,Burnley,Brentford,2,1,2.69776,1.25123,2324
2024-03-16 17:30:00,Fulham,Tottenham Hotspur,3,0,2.47234,2.14564,2324
2024-03-16 15:00:00,Luton Town,Nottingham Forest,1,1,0.853782,1.95268,2324
2024-03-17 14:00:00,West Ham United,Aston Villa,1,1,1.32829,0.911274,2324
2024-03-30 17:30:00,Aston Villa,Wolverhampton Wanderers,2,0,1.28271,1.66232,2324
2024-03-30 15:00:00,Bournemouth,Everton,2,1,1.39268,0.93378,2324
2024-03-30 20:00:00,Brentford,Manchester United,1,1,3.16487,0.989565,2324
2024-03-30 15:00:00,Chelsea,Burnley,2,2,4.46643,2.10422,2324
2024-03-30 12:30:00,Newcastle United,West Ham United,4,3,3.80922,0.994584,2324
2024-03-30 15:00:00,Nottingham Forest,Crystal Palace,1,1,0.784652,0.900972,2324
2024-03-30 15:00:00,Sheffield United,Fulham,3,3,1.78824,1.10254,2324
2024-03-30 15:00:00,Tottenham Hotspur,Luton Town,2,1,2.46523,0.402402,2324
2024-03-31 14:00:00,Liverpool,Brighton,2,1,3.21149,0.43922,2324
2024-03-31 16:30:00,Manchester City,Arsenal,0,0,1.22009,0.511402,2324
2024-04-02 18:45:00,Bournemouth,Crystal Palace,1,0,1.30969,0.174389,2324
2024-04-02 18:45:00,Burnley,Wolverhampton Wanderers,1,1,1.12581,1.01021,2324
2024-04-02 18:30:00,Newcastle United,Everton,1,1,2.65009,1.69834,2324
2024-04-02 18:30:00,Nottingham Forest,Fulham,3,1,1.94619,1.04304,2324
2024-04-02 19:15:00,West Ham United,Tottenham Hotspur,1,1,1.47017,1.39423,2324
2024-04-03 18:30:00,Arsenal,Luton Town,2,0,1.14384,0.292082,2324
2024-04-03 18:30:00,Brentford,Brighton,0,0,0.423299,1.22404,2324
2024-04-03 19:15:00,Manchester City,Aston Villa,4,1,3.87704,1.18643,2324
2024-04-04 19:15:00,Chelsea,Manchester United,4,3,3.48048,1.56686,2324
2024-04-04 18:30:00,Liverpool,Sheffield United,3,1,2.51772,0.720948,2324
2024-04-06 14:00:00,Aston Villa,Brentford,3,3,1.16333,1.42064,2324
2024-04-06 16:30:00,Brighton,Arsenal,0,3,0.428514,4.16518,2324
2024-04-06 11:30:00,Crystal Palace,Manchester City,2,4,1.49472,2.26381,2324
2024-04-06 14:00:00,Everton,Burnley,1,0,0.659844,0.34699,2324
2024-04-06 14:00:00,Fulham,Newcastle United,0,1,0.834564,1.18012,2324
2024-04-06 14:00:00,Luton Town,Bournemouth,2,1,1.30478,0.616108,2324
2024-04-06 14:00:00,Wolverhampton Wanderers,West Ham United,1,2,1.78341,1.14133,2324
2024-04-07 14:30:00,Manchester United,Liverpool,2,2,0.814509,4.43457,2324
2024-04-07 16:30:00,Sheffield United,Chelsea,2,2,1.74265,0.521789,2324
2024-04-07 19:00:00,Tottenham Hotspur,Nottingham Forest,3,1,1.61978,2.00122,2324
2024-04-13 16:30:00,Bournemouth,Manchester United,2,2,2.38519,1.52274,2324
2024-04-13 14:00:00,Brentford,Sheffield United,2,0,1.09071,0.834498,2324
2024-04-13 14:00:00,Burnley,Brighton,1,1,1.8522,0.889445,2324
2024-04-13 14:00:00,Manchester City,Luton Town,5,1,4.64245,0.809775,2324
2024-04-13 11:30:00,Newcastle United,Tottenham Hotspur,4,0,3.1483,0.737596,2324
2024-04-13 14:00:00,Nottingham Forest,Wolverhampton Wanderers,2,2,1.76244,1.45688,2324
2024-04-14 15:30:00,Arsenal,Aston Villa,0,2,1.89003,0.929049,2324
2024-04-14 13:00:00,Liverpool,Crystal Palace,0,1,3.04497,2.12879,2324
2024-04-14 13:00:00,West Ham United,Fulham,0,2,1.45307,3.61413,2324
2024-04-15 19:00:00,Chelsea,Everton,6,0,3.37093,1.21791,2324
2024-04-20 14:00:00,Luton Town,Brentford,1,5,0.497799,3.7809,2324
2024-04-20 14:00:00,Sheffield United,Burnley,1,4,1.97816,2.42338,2324
2024-04-20 18:30:00,Wolverhampton Wanderers,Arsenal,0,2,0.164516,1.66179,2324
2024-04-21 14:00:00,Aston Villa,Bournemouth,3,1,2.62687,2.05211,2324
2024-04-21 14:00:00,Crystal Palace,West Ham United,5,2,3.7185,1.34536,2324
2024-04-21 12:30:00,Everton,Nottingham Forest,2,0,0.473233,1.18916,2324
2024-04-21 15:30:00,Fulham,Liverpool,1,3,0.83885,1.02445,2324
2024-04-23 19:00:00,Arsenal,Chelsea,5,0,3.45858,1.60343,2324
2024-04-24 19:00:00,Crystal Palace,Newcastle United,2,0,1.43661,0.55129,2324
2024-04-24 19:00:00,Everton,Liverpool,2,0,1.89111,1.87155,2324
2024-04-24 19:00:00,Manchester United,Sheffield United,4,2,3.51311,1.20517,2324
2024-04-24 18:45:00,Wolverhampton Wanderers,Bournemouth,0,1,0.484454,2.40311,2324
2024-04-25 19:00:00,Brighton,Manchester City,0,4,0.572021,1.90507,2324
2024-04-27 19:00:00,Aston Villa,Chelsea,2,2,0.612257,1.56401,2324
2024-04-27 16:30:00,Everton,Brentford,1,0,1.21399,0.956356,2324
2024-04-27 14:00:00,Fulham,Crystal Palace,1,1,1.39418,1.05387,2324
2024-04-27 14:00:00,Manchester United,Burnley,1,1,3.06197,1.89591,2324
2024-04-27 14:00:00,Newcastle United,Sheffield United,5,1,2.93477,1.82408,2324
2024-04-27 11:30:00,West Ham United,Liverpool,2,2,0.794025,2.29298,2324
2024-04-27 14:00:00,Wolverhampton Wanderers,Luton Town,2,1,1.49011,0.90435,2324
2024-04-28 13:00:00,Bournemouth,Brighton,3,0,2.48132,1.35682,2324
2024-04-28 15:30:00,Nottingham Forest,Manchester City,0,2,2.17312,0.932063,2324
2024-04-28 13:00:00,Tottenham Hotspur,Arsenal,2,3,2.60458,1.51469,2324
2024-05-02 18:30:00,Chelsea,Tottenham Hotspur,2,0,2.22432,1.27064,2324
2024-05-03 19:00:00,Luton Town,Everton,1,1,0.950391,1.22959,2324
2024-05-04 11:30:00,Arsenal,Bournemouth,3,0,3.91372,0.4687,2324
2024-05-04 14:00:00,Brentford,Fulham,0,0,0.809379,1.45579,2324
2024-05-04 14:00:00,Burnley,Newcastle United,1,4,1.28632,4.25643,2324
2024-05-04 16:30:00,Manchester City,Wolverhampton Wanderers,5,1,4.52542,0.396887,2324
2024-05-04 14:00:00,Sheffield United,Nottingham Forest,1,3,2.48986,1.93818,2324
2024-05-05 13:00:00,Brighton,Aston Villa,1,0,2.63566,0.0644055,2324
2024-05-05 13:00:00,Chelsea,West Ham United,5,0,4.21838,0.893899,2324
2024-05-05 15:30:00,Liverpool,Tottenham Hotspur,4,2,3.26222,1.17205,2324
2024-05-06 19:00:00,Crystal Palace,Manchester United,4,0,2.0656,0.341417,2324
2024-05-11 14:00:00,Bournemouth,Brentford,1,2,1.07237,1.92722,2324
2024-05-11 14:00:00,Everton,Sheffield United,1,0,1.82411,0.465523,2324
2024-05-11 11:30:00,Fulham,Manchester City,0,4,0.0886245,3.15218,2324
2024-05-11 14:00:00,Newcastle United,Brighton,1,1,2.45163,1.91556,2324
2024-05-11 16:30:00,Nottingham Forest,Chelsea,2,3,2.44569,2.41068,2324
2024-05-11 14:00:00,Tottenham Hotspur,Burnley,2,1,3.00238,0.950331,2324
2024-05-11 14:00:00,West Ham United,Luton Town,3,1,3.71009,0.640456,2324
2024-05-11 14:00:00,Wolverhampton Wanderers,Crystal Palace,1,3,1.1561,2.51452,2324
2024-05-12 15:30:00,Manchester United,Arsenal,0,1,0.551669,1.73104,2324
2024-05-13 19:00:00,Aston Villa,Liverpool,3,3,2.71655,1.89968,2324
2024-05-14 19:00:00,Tottenham Hotspur,Manchester City,0,2,1.84285,2.70331,2324
2024-05-15 18:45:00,Brighton,Chelsea,1,2,1.32423,1.544,2324
2024-05-15 19:00:00,Manchester United,Newcastle United,3,2,1.49706,2.27657,2324
2024-05-19 15:00:00,Arsenal,Everton,2,1,3.2117,0.664904,2324
2024-05-19 15:00:00,Brentford,Newcastle United,2,4,1.70157,3.65044,2324
2024-05-19 15:00:00,Brighton,Manchester United,0,2,1.9717,1.00404,2324
2024-05-19 15:00:00,Burnley,Nottingham Forest,1,2,1.08222,1.57962,2324
2024-05-19 15:00:00,Chelsea,Bournemouth,2,1,1.59771,2.002,2324
2024-05-19 15:00:00,Crystal Palace,Aston Villa,5,0,2.23189,0.598846,2324
2024-05-19 15:00:00,Liverpool,Wolverhampton Wanderers,2,0,5.65937,0.731254,2324
2024-05-19 15:00:00,Luton Town,Fulham,2,4,2.06743,1.11598,2324
2024-05-19 15:00:00,Manchester City,West Ham United,3,1,2.31504,0.240159,2324
2024-05-19 15:00:00,Sheffield United,Tottenham Hotspur,0,3,0.697312,3.19675,2324
2024-08-16 19:00:00,Manchester United,Fulham,1,0,2.04268,0.418711,2425
2024-08-17 14:00:00,Arsenal,Wolverhampton Wanderers,2,0,1.6283,0.575835,2425
2024-08-17 14:00:00,Everton,Brighton,0,3,0.405325,1.79083,2425
2024-08-17 11:30:00,Ipswich Town,Liverpool,0,2,0.342601,3.92906,2425
2024-08-17 14:00:00,Newcastle United,Southampton,1,0,0.433489,1.95483,2425
2024-08-17 14:00:00,Nottingham Forest,Bournemouth,1,1,1.24405,1.90915,2425
2024-08-17 16:30:00,West Ham United,Aston Villa,1,2,2.8047,2.6703,2425
2024-08-18 13:00:00,Brentford,Crystal Palace,2,1,1.38064,1.14757,2425
2024-08-18 15:30:00,Chelsea,Manchester City,0,2,1.06123,1.18038,2425
2024-08-19 19:00:00,Leicester City,Tottenham Hotspur,1,1,1.02614,1.40775,2425
2024-08-24 16:30:00,Aston Villa,Arsenal,0,2,1.31664,1.41399,2425
2024-08-24 11:30:00,Brighton,Manchester United,2,1,2.14153,1.28556,2425
2024-08-24 14:00:00,Crystal Palace,West Ham United,0,2,1.3761,1.53421,2425
2024-08-24 14:00:00,Fulham,Leicester City,2,1,1.96218,0.857005,2425
2024-08-24 14:00:00,Manchester City,Ipswich Town,4,1,3.07818,0.479999,2425
2024-08-24 14:00:00,Southampton,Nottingham Forest,0,1,0.214952,2.86475,2425
2024-08-24 14:00:00,Tottenham Hotspur,Everton,4,0,2.61143,0.648869,2425
2024-08-25 13:00:00,Bournemouth,Newcastle United,1,1,2.53513,1.89287,2425
2024-08-25 15:30:00,Liverpool,Brentford,2,0,2.71877,0.457239,2425
2024-08-25 13:00:00,Wolverhampton Wanderers,Chelsea,2,6,2.4181,2.02935,2425
2024-08-31 11:30:00,Arsenal,Brighton,1,1,2.41798,1.81748,2425
2024-08-31 14:00:00,Brentford,Southampton,3,1,3.86281,1.64713,2425
2024-08-31 14:00:00,Everton,Bournemouth,2,3,2.55629,2.95688,2425
2024-08-31 14:00:00,Ipswich Town,Fulham,1,1,0.707048,1.18883,2425
2024-08-31 14:00:00,Leicester City,Aston Villa,1,2,0.774741,2.16385,2425
2024-08-31 14:00:00,Nottingham Forest,Wolverhampton Wanderers,1,1,1.41069,0.937632,2425
2024-08-31 16:30:00,West Ham United,Manchester City,1,3,0.947201,3.19297,2425
2024-09-01 12:30:00,Chelsea,Crystal Palace,1,1,2.97743,0.459708,2425
2024-09-01 15:00:00,Manchester United,Liverpool,0,3,1.50087,2.10397,2425
2024-09-01 12:30:00,Newcastle United,Tottenham Hotspur,2,1,1.58694,1.63304,2425
2024-09-14 16:30:00,Aston Villa,Everton,3,2,3.15876,0.852158,2425
2024-09-14 19:00:00,Bournemouth,Chelsea,0,1,1.53731,0.932726,2425
2024-09-14 14:00:00,Brighton,Ipswich Town,0,0,1.75696,0.721323,2425
2024-09-14 14:00:00,Crystal Palace,Leicester City,2,2,2.88716,1.65187,2425
2024-09-14 14:00:00,Fulham,West Ham United,1,1,2.88601,0.682719,2425
2024-09-14 14:00:00,Liverpool,Nottingham Forest,0,1,1.17044,0.589532,2425
2024-09-14 14:00:00,Manchester City,Brentford,2,1,1.55279,1.05094,2425
2024-09-14 11:30:00,Southampton,Manchester United,0,3,1.35593,3.02693,2425
2024-09-15 13:00:00,Tottenham Hotspur,Arsenal,0,1,0.792595,1.1209,2425
2024-09-15 15:30:00,Wolverhampton Wanderers,Newcastle United,1,2,1.46969,1.48343,2425
2024-09-21 14:00:00,Aston Villa,Wolverhampton Wanderers,3,1,2.37351,0.520117,2425
2024-09-21 16:30:00,Crystal Palace,Manchester United,0,0,1.66928,2.35056,2425
2024-09-21 14:00:00,Fulham,Newcastle United,3,1,3.21141,1.09768,2425
2024-09-21 14:00:00,Leicester City,Everton,1,1,1.33793,1.82377,2425
2024-09-21 14:00:00,Liverpool,Bournemouth,3,0,2.43731,1.46979,2425
2024-09-21 14:00:00,Southampton,Ipswich Town,1,1,2.89813,1.645,2425
2024-09-21 14:00:00,Tottenham Hotspur,Brentford,3,1,3.89481,0.893565,2425
2024-09-21 11:30:00,West Ham United,Chelsea,0,3,0.758267,2.39727,2425
2024-09-22 13:00:00,Brighton,Nottingham Forest,2,2,1.56836,1.36923,2425
2024-09-22 15:30:00,Manchester City,Arsenal,2,2,2.75588,1.28411,2425
2024-09-28 14:00:00,Arsenal,Leicester City,4,2,6.05305,0.337909,2425
2024-09-28 14:00:00,Brentford,West Ham United,1,1,0.370222,0.878617,2425
2024-09-28 14:00:00,Chelsea,Brighton,4,2,3.65839,1.20712,2425
2024-09-28 14:00:00,Everton,Crystal Palace,2,1,1.10959,1.12358,2425
2024-09-28 11:30:00,Newcastle United,Manchester City,1,1,1.34344,1.26516,2425
2024-09-28 14:00:00,Nottingham Forest,Fulham,0,1,0.614351,1.43592,2425
2024-09-28 16:30:00,Wolverhampton Wanderers,Liverpool,1,2,0.748925,2.11724,2425
2024-09-29 13:00:00,Ipswich Town,Aston Villa,2,2,1.84608,1.14494,2425
2024-09-29 15:30:00,Manchester United,Tottenham Hotspur,0,3,0.600721,5.4072,2425
2024-09-30 19:00:00,Bournemouth,Southampton,3,1,1.44215,0.696068,2425
2024-10-05 14:00:00,Arsenal,Southampton,3,1,3.25165,1.27313,2425
2024-10-05 14:00:00,Brentford,Wolverhampton Wanderers,5,3,4.13513,0.696254,2425
2024-10-05 11:30:00,Crystal Palace,Liverpool,0,1,0.609481,2.07332,2425
2024-10-05 16:30:00,Everton,Newcastle United,0,0,0.692214,1.79048,2425
2024-10-05 14:00:00,Leicester City,Bournemouth,1,0,0.912063,1.94963,2425
2024-10-05 14:00:00,Manchester City,Fulham,3,2,1.36684,2.75846,2425
2024-10-05 14:00:00,West Ham United,Ipswich Town,4,1,4.39402,1.18463,2425
2024-10-06 13:00:00,Aston Villa,Manchester United,0,0,0.532809,0.448537,2425
2024-10-06 15:30:00,Brighton,Tottenham Hotspur,3,2,1.97217,1.09279,2425
2024-10-06 13:00:00,Chelsea,Nottingham Forest,1,1,2.27752,1.66654,2425
2024-10-19 16:30:00,Bournemouth,Arsenal,2,0,2.18419,0.740758,2425
2024-10-19 14:00:00,Fulham,Aston Villa,1,3,2.63074,1.43595,2425
2024-10-19 14:00:00,Ipswich Town,Everton,0,2,1.174,1.60804,2425
2024-10-19 14:00:00,Manchester United,Brentford,2,1,1.76555,0.892843,2425
2024-10-19 14:00:00,Newcastle United,Brighton,0,1,1.93657,1.6779,2425
2024-10-19 14:00:00,Southampton,Leicester City,2,3,2.42776,2.83826,2425
2024-10-19 11:30:00,Tottenham Hotspur,West Ham United,4,1,1.44052,0.858803,2425
2024-10-20 15:30:00,Liverpool,Chelsea,2,1,2.22517,1.33904,2425
2024-10-20 13:00:00,Wolverhampton Wanderers,Manchester City,1,2,0.761217,1.36569,2425
2024-10-21 19:00:00,Nottingham Forest,Crystal Palace,1,0,1.88573,0.835001,2425
2024-10-25 19:00:00,Leicester City,Nottingham Forest,1,3,0.832415,2.54488,2425
2024-10-26 14:00:00,Aston Villa,Bournemouth,1,1,1.974,0.328651,2425
2024-10-26 14:00:00,Brentford,Ipswich Town,4,3,4.09663,1.65698,2425
2024-10-26 14:00:00,Brighton,Wolverhampton Wanderers,2,2,1.51347,1.11074,2425
2024-10-26 16:30:00,Everton,Fulham,1,1,0.884845,1.49531,2425
2024-10-26 14:00:00,Manchester City,Southampton,1,0,3.16286,0.369989,2425
2024-10-27 16:30:00,Arsenal,Liverpool,2,2,1.0883,1.35346,2425
2024-10-27 14:00:00,Chelsea,Newcastle United,2,1,1.61794,1.74225,2425
2024-10-27 14:00:00,Crystal Palace,Tottenham Hotspur,1,0,0.978611,1.0192,2425
2024-10-27 14:00:00,West Ham United,Manchester United,2,1,2.99312,2.62598,2425
2024-11-02 15:00:00,Bournemouth,Manchester City,2,1,2.4493,2.3527,2425
2024-11-02 15:00:00,Ipswich Town,Leicester City,1,1,1.33617,2.33858,2425
2024-11-02 15:00:00,Liverpool,Brighton,2,1,1.81037,1.01568,2425
2024-11-02 12:30:00,Newcastle United,Arsenal,1,0,0.859715,0.911305,2425
2024-11-02 15:00:00,Nottingham Forest,West Ham United,3,0,2.35011,0.132317,2425
2024-11-02 15:00:00,Southampton,Everton,1,0,0.540345,1.78581,2425
2024-11-02 17:30:00,Wolverhampton Wanderers,Crystal Palace,2,2,1.65018,2.64849,2425
2024-11-03 16:30:00,Manchester United,Chelsea,1,1,2.1605,1.21071,2425
2024-11-03 14:00:00,Tottenham Hotspur,Aston Villa,4,1,2.09751,2.48749,2425
2024-11-04 20:00:00,Fulham,Brentford,2,1,1.43017,0.739231,2425
2024-11-09 15:00:00,Brentford,Bournemouth,3,2,1.56474,2.49234,2425
2024-11-09 17:30:00,Brighton,Manchester City,2,1,2.87116,2.60334,2425
2024-11-09 15:00:00,Crystal Palace,Fulham,0,2,1.96037,2.25331,2425
2024-11-09 20:00:00,Liverpool,Aston Villa,2,0,2.68196,1.66337,2425
2024-11-09 15:00:00,West Ham United,Everton,0,0,1.1237,0.865983,2425
2024-11-09 15:00:00,Wolverhampton Wanderers,Southampton,2,0,0.912781,0.792655,2425
2024-11-10 16:30:00,Chelsea,Arsenal,1,1,1.24067,1.9605,2425
2024-11-10 14:00:00,Manchester United,Leicester City,3,0,1.2369,0.417295,2425
2024-11-10 14:00:00,Nottingham Forest,Newcastle United,1,3,1.17852,1.86904,2425
2024-11-10 14:00:00,Tottenham Hotspur,Ipswich Town,1,2,1.75088,2.18392,2425
2024-11-23 15:00:00,Arsenal,Nottingham Forest,3,0,1.66016,0.403136,2425
2024-11-23 15:00:00,Aston Villa,Crystal Palace,2,2,3.04455,1.61437,2425
2024-11-23 15:00:00,Bournemouth,Brighton,1,2,1.91157,1.23059,2425
2024-11-23 15:00:00,Everton,Brentford,0,0,1.5951,1.34314,2425
2024-11-23 15:00:00,Fulham,Wolverhampton Wanderers,1,4,0.717158,1.33903,2425
2024-11-23 12:30:00,Leicester City,Chelsea,1,2,0.967987,2.81658,2425
2024-11-23 17:30:00,Manchester City,Tottenham Hotspur,0,4,2.15899,3.30449,2425
2024-11-24 16:30:00,Ipswich Town,Manchester United,1,1,1.98714,1.26912,2425
2024-11-24 14:00:00,Southampton,Liverpool,2,3,1.53985,3.18835,2425
2024-11-25 20:00:00,Newcastle United,West Ham United,0,2,1.49781,0.942824,2425
2024-11-29 20:00:00,Brighton,Southampton,1,1,1.86986,0.934969,2425
2024-11-30 15:00:00,Brentford,Leicester City,4,1,2.21885,0.907555,2425
2024-11-30 15:00:00,Crystal Palace,Newcastle United,1,1,2.29595,0.020989,2425
2024-11-30 15:00:00,Nottingham Forest,Ipswich Town,1,0,1.76587,0.462771,2425
2024-11-30 17:30:00,West Ham United,Arsenal,2,5,1.23539,3.99935,2425
2024-11-30 15:00:00,Wolverhampton Wanderers,Bournemouth,2,4,0.866034,3.07901,2425
2024-12-01 13:30:00,Chelsea,Aston Villa,3,0,1.94939,0.875443,2425
2024-12-01 16:00:00,Liverpool,Manchester City,2,0,3.70054,0.745015,2425
2024-12-01 13:30:00,Manchester United,Everton,4,0,1.76161,0.766749,2425
2024-12-01 13:30:00,Tottenham Hotspur,Fulham,1,1,1.01086,1.57274,2425
2024-12-03 19:30:00,Ipswich Town,Crystal Palace,0,1,0.471708,1.65422,2425
2024-12-03 20:15:00,Leicester City,West Ham United,3,1,2.78061,2.87716,2425
2024-12-04 20:15:00,Arsenal,Manchester United,2,0,2.96684,0.256083,2425
2024-12-04 20:15:00,Aston Villa,Brentford,3,1,3.21673,1.13266,2425
2024-12-04 19:30:00,Everton,Wolverhampton Wanderers,4,0,1.49904,0.847724,2425
2024-12-04 19:30:00,Manchester City,Nottingham Forest,3,0,3.20169,0.802155,2425
2024-12-04 19:30:00,Newcastle United,Liverpool,3,3,1.52057,2.22766,2425
2024-12-04 19:30:00,Southampton,Chelsea,1,5,1.91014,5.8331,2425
2024-12-05 20:15:00,Bournemouth,Tottenham Hotspur,1,0,3.27716,0.623934,2425
2024-12-05 19:30:00,Fulham,Brighton,3,1,0.666644,1.09939,2425
2024-12-07 15:00:00,Aston Villa,Southampton,1,0,2.51338,0.385832,2425
2024-12-07 15:00:00,Brentford,Newcastle United,4,2,1.746,1.95645,2425
2024-12-07 15:00:00,Crystal Palace,Manchester City,2,2,1.21476,1.5846,2425
2024-12-07 17:30:00,Manchester United,Nottingham Forest,2,3,1.4697,0.651217,2425
2024-12-08 14:00:00,Fulham,Arsenal,1,1,0.150988,2.4333,2425
2024-12-08 14:00:00,Ipswich Town,Bournemouth,1,2,1.5668,3.49127,2425
2024-12-08 14:00:00,Leicester City,Brighton,2,2,1.42438,1.12184,2425
2024-12-08 16:30:00,Tottenham Hotspur,Chelsea,3,4,3.25488,2.57326,2425
2024-12-09 20:00:00,West Ham United,Wolverhampton Wanderers,2,1,1.19808,1.47567,2425
2024-12-14 15:00:00,Arsenal,Everton,0,0,1.30865,0.132166,2425
2024-12-14 15:00:00,Liverpool,Fulham,2,2,2.09698,1.2862,2425
2024-12-14 15:00:00,Newcastle United,Leicester City,4,0,3.95461,0.186759,2425
2024-12-14 17:30:00,Nottingham Forest,Aston Villa,2,1,2.2861,0.389423,2425
2024-12-14 15:00:00,Wolverhampton Wanderers,Ipswich Town,1,2,1.23748,1.73349,2425
2024-12-15 14:00:00,Brighton,Crystal Palace,1,3,1.32323,3.00618,2425
2024-12-15 19:00:00,Chelsea,Brentford,2,1,2.59146,1.65861,2425
2024-12-15 16:30:00,Manchester City,Manchester United,1,2,0.638103,2.04662,2425
2024-12-15 19:00:00,Southampton,Tottenham Hotspur,0,5,1.27356,3.89322,2425
2024-12-16 20:00:00,Bournemouth,West Ham United,1,1,2.04842,1.81827,2425
2024-12-21 12:30:00,Aston Villa,Manchester City,2,1,2.05988,1.09627,2425
2024-12-21 15:00:00,Brentford,Nottingham Forest,0,2,0.769004,0.964897,2425
2024-12-21 17:30:00,Crystal Palace,Arsenal,1,5,1.6052,3.05434,2425
2024-12-21 15:00:00,Ipswich Town,Newcastle United,0,4,1.06427,3.23386,2425
2024-12-21 15:00:00,West Ham United,Brighton,1,1,1.22937,1.34379,2425
2024-12-22 14:00:00,Everton,Chelsea,0,0,1.07081,1.51591,2425
2024-12-22 14:00:00,Fulham,Southampton,0,0,1.25255,0.280031,2425
2024-12-22 14:00:00,Leicester City,Wolverhampton Wanderers,0,3,0.78868,1.13531,2425
2024-12-22 14:00:00,Manchester United,Bournemouth,0,3,2.28533,1.82831,2425
2024-12-22 16:30:00,Tottenham Hotspur,Liverpool,3,6,1.20245,5.20214,2425
2024-12-26 15:00:00,Bournemouth,Crystal Palace,0,0,1.20189,0.500066,2425
2024-12-26 15:00:00,Chelsea,Fulham,1,2,1.55626,1.77929,2425
2024-12-26 20:00:00,Liverpool,Leicester City,3,1,1.89935,0.22097,2425
2024-12-26 12:30:00,Manchester City,Everton,1,1,2.51965,0.653289,2425
2024-12-26 15:00:00,Newcastle United,Aston Villa,3,0,2.82867,0.225522,2425
2024-12-26 15:00:00,Nottingham Forest,Tottenham Hotspur,1,0,1.30018,1.05758,2425
2024-12-26 15:00:00,Southampton,West Ham United,0,1,2.19833,1.90111,2425
2024-12-26 17:30:00,Wolverhampton Wanderers,Manchester United,2,0,0.826489,0.358876,2425
2024-12-27 20:15:00,Arsenal,Ipswich Town,1,0,2.16462,0.0783327,2425
2024-12-27 19:30:00,Brighton,Brentford,0,0,1.33538,0.961233,2425
2024-12-29 15:00:00,Crystal Palace,Southampton,2,1,3.05417,1.21853,2425
2024-12-29 15:00:00,Everton,Nottingham Forest,0,2,0.615191,2.02753,2425
2024-12-29 15:00:00,Fulham,Bournemouth,2,2,0.961566,1.70692,2425
2024-12-29 14:30:00,Leicester City,Manchester City,0,2,1.84208,1.58002,2425
2024-12-29 15:00:00,Tottenham Hotspur,Wolverhampton Wanderers,2,2,2.28433,0.640697,2425
2024-12-29 17:15:00,West Ham United,Liverpool,0,5,0.518279,3.29868,2425
2024-12-30 19:45:00,Aston Villa,Brighton,2,2,1.87997,0.938042,2425
2024-12-30 19:45:00,Ipswich Town,Chelsea,2,0,1.50093,1.60622,2425
2024-12-30 20:00:00,Manchester United,Newcastle United,0,2,1.00073,2.2424,2425
2025-01-01 17:30:00,Brentford,Arsenal,1,3,0.272604,1.99848,2425
2025-01-04 15:00:00,Aston Villa,Leicester City,2,1,2.3456,0.81548,2425
2025-01-04 15:00:00,Bournemouth,Everton,1,0,2.61852,0.561015,2425
2025-01-04 17:30:00,Brighton,Arsenal,1,1,1.76513,1.81142,2425
2025-01-04 15:00:00,Crystal Palace,Chelsea,1,1,1.2766,1.51541,2425
2025-01-04 15:00:00,Manchester City,West Ham United,4,1,1.97986,1.53286,2425
2025-01-04 15:00:00,Southampton,Brentford,0,5,0.249614,5.54874,2425
2025-01-04 12:30:00,Tottenham Hotspur,Newcastle United,1,2,1.00333,2.42963,2425
2025-01-05 14:00:00,Fulham,Ipswich Town,2,2,2.65469,1.4434,2425
2025-01-05 16:30:00,Liverpool,Manchester United,2,2,2.862,1.67469,2425
2025-01-06 20:00:00,Wolverhampton Wanderers,Nottingham Forest,0,3,1.90463,2.57227,2425
2025-01-14 19:30:00,Brentford,Manchester City,2,2,2.39088,2.65315,2425
2025-01-14 19:30:00,Chelsea,Bournemouth,2,2,2.53808,1.14845,2425
2025-01-14 20:00:00,Nottingham Forest,Liverpool,1,1,0.5292,2.72291,2425
2025-01-14 19:30:00,West Ham United,Fulham,3,2,0.937322,2.83581,2425
2025-01-15 20:00:00,Arsenal,Tottenham Hotspur,2,1,2.25501,0.777071,2425
2025-01-15 19:30:00,Everton,Aston Villa,0,1,1.23126,1.28522,2425
2025-01-15 19:30:00,Leicester City,Crystal Palace,0,2,2.09904,2.2647,2425
2025-01-15 19:30:00,Newcastle United,Wolverhampton Wanderers,3,0,2.13327,1.47433,2425
2025-01-16 19:30:00,Ipswich Town,Brighton,0,2,0.268127,1.06343,2425
2025-01-16 20:00:00,Manchester United,Southampton,3,1,3.10847,1.36705,2425
2025-01-18 17:30:00,Arsenal,Aston Villa,2,2,1.64458,1.20602,2425
2025-01-18 15:00:00,Brentford,Liverpool,0,2,1.20021,4.16249,2425
2025-01-18 15:00:00,Leicester City,Fulham,0,2,0.676934,2.36823,2425
2025-01-18 12:30:00,Newcastle United,Bournemouth,1,4,0.837801,2.70174,2425
2025-01-18 15:00:00,West Ham United,Crystal Palace,0,2,0.221062,1.62561,2425
2025-01-19 14:00:00,Everton,Tottenham Hotspur,3,2,2.56089,1.35719,2425
2025-01-19 16:30:00,Ipswich Town,Manchester City,0,6,0.795637,3.20228,2425
2025-01-19 14:00:00,Manchester United,Brighton,1,3,1.31823,2.17172,2425
2025-01-19 14:00:00,Nottingham Forest,Southampton,3,2,2.36419,1.25922,2425
2025-01-20 20:00:00,Chelsea,Wolverhampton Wanderers,3,1,3.14882,1.06726,2425
2025-01-25 15:00:00,Bournemouth,Nottingham Forest,5,0,2.8254,0.996166,2425
2025-01-25 15:00:00,Brighton,Everton,0,1,0.64378,0.870883,2425
2025-01-25 15:00:00,Liverpool,Ipswich Town,4,1,2.16809,0.804707,2425
2025-01-25 17:30:00,Manchester City,Chelsea,3,1,2.23213,1.49843,2425
2025-01-25 15:00:00,Southampton,Newcastle United,1,3,0.825621,3.08319,2425
2025-01-25 15:00:00,Wolverhampton Wanderers,Arsenal,0,1,0.514724,0.887358,2425
2025-01-26 16:30:00,Aston Villa,West Ham United,1,1,0.907851,1.67886,2425
2025-01-26 14:00:00,Crystal Palace,Brentford,1,2,1.23177,1.92037,2425
2025-01-26 19:00:00,Fulham,Manchester United,0,1,0.560571,0.201988,2425
2025-01-26 14:00:00,Tottenham Hotspur,Leicester City,1,2,1.27483,1.40469,2425
2025-02-01 15:00:00,Bournemouth,Liverpool,0,2,1.65273,2.7219,2425
2025-02-01 15:00:00,Everton,Leicester City,4,0,3.11261,0.447136,2425
2025-02-01 15:00:00,Ipswich Town,Southampton,1,2,1.94845,1.17566,2425
2025-02-01 15:00:00,Newcastle United,Fulham,1,2,1.22716,1.60881,2425
2025-02-01 12:30:00,Nottingham Forest,Brighton,7,0,4.0677,0.756296,2425
2025-02-01 17:30:00,Wolverhampton Wanderers,Aston Villa,2,0,2.00146,0.742809,2425
2025-02-02 16:30:00,Arsenal,Manchester City,5,1,1.53202,0.743191,2425
2025-02-02 14:00:00,Brentford,Tottenham Hotspur,0,2,1.66475,0.945355,2425
2025-02-02 14:00:00,Manchester United,Crystal Palace,0,2,1.50706,2.44633,2425
2025-02-03 20:00:00,Chelsea,West Ham United,2,1,1.39066,1.1868,2425
2025-02-12 19:30:00,Everton,Liverpool,2,2,0.910523,0.929103,2425
2025-02-14 20:00:00,Brighton,Chelsea,3,0,2.06892,0.649788,2425
2025-02-15 15:00:00,Aston Villa,Ipswich Town,1,1,2.89841,0.332864,2425
2025-02-15 17:30:00,Crystal Palace,Everton,1,2,2.30646,1.01565,2425
2025-02-15 15:00:00,Fulham,Nottingham Forest,2,1,2.20993,0.331301,2425
2025-02-15 12:30:00,Leicester City,Arsenal,0,2,0.233209,1.75,2425
2025-02-15 15:00:00,Manchester City,Newcastle United,4,0,2.12004,0.157211,2425
2025-02-15 15:00:00,Southampton,Bournemouth,1,3,0.974418,2.08722,2425
2025-02-15 15:00:00,West Ham United,Brentford,0,1,0.673466,1.96499,2425
2025-02-16 14:00:00,Liverpool,Wolverhampton Wanderers,2,1,1.86758,1.05329,2425
2025-02-16 16:30:00,Tottenham Hotspur,Manchester United,1,0,1.97109,1.42652,2425
2025-02-19 15:00:00,Aston Villa,Liverpool,2,2,1.02269,2.04279,2425
2025-02-21 20:00:00,Leicester City,Brentford,0,4,0.727901,2.03465,2425
2025-02-22 15:00:00,Arsenal,West Ham United,0,1,1.37264,1.02684,2425
2025-02-22 17:30:00,Aston Villa,Chelsea,2,1,2.69413,2.17418,2425
2025-02-22 15:00:00,Bournemouth,Wolverhampton Wanderers,0,1,0.629691,2.10124,2425
2025-02-22 12:30:00,Everton,Manchester United,2,2,2.10444,0.645685,2425
2025-02-22 15:00:00,Fulham,Crystal Palace,0,2,0.23426,1.46203,2425
2025-02-22 15:00:00,Ipswich Town,Tottenham Hotspur,1,4,1.15389,1.58741,2425
2025-02-22 15:00:00,Southampton,Brighton,0,4,0.154147,5.12018,2425
2025-02-23 16:30:00,Manchester City,Liverpool,0,2,0.58248,0.807058,2425
2025-02-23 14:00:00,Newcastle United,Nottingham Forest,4,3,3.45858,2.38603,2425
2025-02-25 19:30:00,Brighton,Bournemouth,2,1,2.57927,1.70169,2425
2025-02-25 20:15:00,Chelsea,Southampton,4,0,2.98234,0.845039,2425
2025-02-25 19:30:00,Crystal Palace,Aston Villa,4,1,4.02522,0.667217,2425
2025-02-25 19:30:00,Wolverhampton Wanderers,Fulham,1,2,0.928973,1.43473,2425
2025-02-26 19:30:00,Brentford,Everton,1,1,1.34009,1.44955,2425
2025-02-26 20:15:00,Liverpool,Newcastle United,2,0,1.40027,0.45882,2425
2025-02-26 19:30:00,Manchester United,Ipswich Town,3,2,1.40202,1.04498,2425
2025-02-26 19:30:00,Nottingham Forest,Arsenal,0,0,0.508611,1.31766,2425
2025-02-26 19:30:00,Tottenham Hotspur,Manchester City,0,1,1.28426,2.38641,2425
2025-02-27 20:00:00,West Ham United,Leicester City,2,0,1.70437,0.289578,2425
2025-03-08 17:30:00,Brentford,Aston Villa,0,1,0.637743,1.29638,2425
2025-03-08 15:00:00,Brighton,Fulham,2,1,1.94417,0.708227,2425
2025-03-08 15:00:00,Crystal Palace,Ipswich Town,1,0,3.13879,1.63282,2425
2025-03-08 15:00:00,Liverpool,Southampton,3,1,4.98996,0.511566,2425
2025-03-08 12:30:00,Nottingham Forest,Manchester City,1,0,0.501476,0.721234,2425
2025-03-08 20:00:00,Wolverhampton Wanderers,Everton,1,1,0.812432,1.3672,2425
2025-03-09 14:00:00,Chelsea,Leicester City,1,0,1.76844,0.108487,2425
2025-03-09 16:30:00,Manchester United,Arsenal,1,1,1.31107,1.82996,2425
2025-03-09 14:00:00,Tottenham Hotspur,Bournemouth,2,2,1.35053,2.22536,2425
2025-03-10 20:00:00,West Ham United,Newcastle United,0,1,0.823986,1.62976,2425
2025-03-15 17:30:00,Bournemouth,Brentford,1,2,2.02714,1.60321,2425
2025-03-15 15:00:00,Everton,West Ham United,1,1,1.189,0.516029,2425
2025-03-15 15:00:00,Ipswich Town,Nottingham Forest,2,4,0.520839,1.30722,2425
2025-03-15 15:00:00,Manchester City,Brighton,2,2,2.02642,2.11119,2425
2025-03-15 15:00:00,Southampton,Wolverhampton Wanderers,1,2,1.2821,0.540718,2425
2025-03-16 13:30:00,Arsenal,Chelsea,1,0,0.695725,0.286036,2425
2025-03-16 13:30:00,Fulham,Tottenham Hotspur,2,0,1.03966,1.40865,2425
2025-03-16 19:00:00,Leicester City,Manchester United,0,3,1.30455,1.13892,2425
2025-04-01 19:45:00,Arsenal,Fulham,2,1,2.30189,1.44206,2425
2025-04-01 20:00:00,Nottingham Forest,Manchester United,1,0,0.512063,1.86688,2425
2025-04-01 19:45:00,Wolverhampton Wanderers,West Ham United,1,0,1.10359,1.73057,2425
2025-04-02 19:45:00,Bournemouth,Ipswich Town,1,2,1.99637,1.41263,2425
2025-04-02 19:45:00,Brighton,Aston Villa,0,3,0.558009,1.20715,2425
2025-04-02 20:00:00,Liverpool,Everton,1,0,1.29718,0.823136,2425
2025-04-02 19:45:00,Manchester City,Leicester City,2,0,2.07165,0.104741,2425
2025-04-02 19:45:00,Newcastle United,Brentford,2,1,2.26584,1.53201,2425
2025-04-02 19:45:00,Southampton,Crystal Palace,1,1,0.687304,0.93776,2425
2025-04-03 19:00:00,Chelsea,Tottenham Hotspur,1,0,1.30443,1.40274,2425
2025-04-05 16:30:00,Aston Villa,Nottingham Forest,2,1,2.63349,0.96769,2425
2025-04-05 14:00:00,Crystal Palace,Brighton,2,1,0.443965,1.27226,2425
2025-04-05 11:30:00,Everton,Arsenal,1,1,1.22875,1.4031,2425
2025-04-05 14:00:00,Ipswich Town,Wolverhampton Wanderers,1,2,0.872356,2.8096,2425
2025-04-05 14:00:00,West Ham United,Bournemouth,2,2,0.907832,1.94869,2425
2025-04-06 13:00:00,Brentford,Chelsea,0,0,1.36123,1.47829,2425
2025-04-06 13:00:00,Fulham,Liverpool,3,2,1.72764,1.40638,2425
2025-04-06 15:30:00,Manchester United,Manchester City,0,0,1.23317,0.687894,2425
2025-04-06 13:00:00,Tottenham Hotspur,Southampton,3,1,2.648,0.780439,2425
2025-04-07 19:00:00,Leicester City,Newcastle United,0,3,0.354575,3.44111,2425
2025-04-12 16:30:00,Arsenal,Brentford,1,1,0.767369,0.588583,2425
2025-04-12 14:00:00,Brighton,Leicester City,2,2,3.6978,1.98444,2425
2025-04-12 11:30:00,Manchester City,Crystal Palace,5,2,4.59724,1.33808,2425
2025-04-12 14:00:00,Nottingham Forest,Everton,0,1,0.423949,1.26036,2425
2025-04-12 14:00:00,Southampton,Aston Villa,0,3,0.412256,2.99927,2425
2025-04-13 13:00:00,Chelsea,Ipswich Town,2,2,2.90758,1.60301,2425
2025-04-13 13:00:00,Liverpool,West Ham United,2,1,1.42902,1.46598,2425
2025-04-13 15:30:00,Newcastle United,Manchester United,4,1,2.6383,0.786568,2425
2025-04-13 13:00:00,Wolverhampton Wanderers,Tottenham Hotspur,4,2,2.22977,1.62887,2425
2025-04-14 19:00:00,Bournemouth,Fulham,1,0,1.8577,1.07203,2425
2025-04-16 18:30:00,Newcastle United,Crystal Palace,5,0,2.32947,2.37548,2425
2025-04-19 16:30:00,Aston Villa,Newcastle United,4,1,3.05371,1.27176,2425
2025-04-19 14:00:00,Brentford,Brighton,4,2,2.95516,1.24107,2425
2025-04-19 14:00:00,Crystal Palace,Bournemouth,0,0,0.337818,0.664093,2425
2025-04-19 14:00:00,Everton,Manchester City,0,2,0.81683,1.87989,2425
2025-04-19 14:00:00,West Ham United,Southampton,1,1,0.98423,0.922877,2425
2025-04-20 13:00:00,Fulham,Chelsea,1,2,0.306122,0.75172,2425
2025-04-20 13:00:00,Ipswich Town,Arsenal,0,4,0.192879,2.81362,2425
2025-04-20 15:30:00,Leicester City,Liverpool,0,1,0.232205,4.52706,2425
2025-04-20 13:00:00,Manchester United,Wolverhampton Wanderers,0,1,1.13966,0.187814,2425
2025-04-21 19:00:00,Tottenham Hotspur,Nottingham Forest,1,2,2.4024,0.557682,2425
2025-04-22 19:00:00,Manchester City,Aston Villa,2,1,1.36232,1.85906,2425
2025-04-23 19:00:00,Arsenal,Crystal Palace,2,2,1.92149,2.50515,2425
2025-04-26 14:00:00,Brighton,West Ham United,3,2,1.29433,1.24134,2425
2025-04-26 11:30:00,Chelsea,Everton,1,0,0.768313,0.916838,2425
2025-04-26 14:00:00,Newcastle United,Ipswich Town,3,0,4.11539,0.127203,2425
2025-04-26 14:00:00,Southampton,Fulham,1,2,0.935581,1.9956,2425
2025-04-26 14:00:00,Wolverhampton Wanderers,Leicester City,3,0,2.57666,1.04978,2425
2025-04-27 13:00:00,Bournemouth,Manchester United,1,1,0.60995,1.91039,2425
2025-04-27 15:30:00,Liverpool,Tottenham Hotspur,5,1,2.51104,0.512812,2425
2025-05-01 18:30:00,Nottingham Forest,Brentford,0,2,0.670607,1.52054,2425
2025-05-02 19:00:00,Manchester City,Wolverhampton Wanderers,1,0,0.859463,0.622455,2425
2025-05-03 16:30:00,Arsenal,Bournemouth,1,2,2.05484,1.41783,2425
2025-05-03 11:30:00,Aston Villa,Fulham,1,0,1.29013,0.702787,2425
2025-05-03 14:00:00,Everton,Ipswich Town,2,2,0.808481,1.14351,2425
2025-05-03 14:00:00,Leicester City,Southampton,2,0,1.60739,0.550774,2425
2025-05-04 13:00:00,Brentford,Manchester United,4,3,3.58737,1.13404,2425
2025-05-04 13:00:00,Brighton,Newcastle United,1,1,0.687863,1.63777,2425
2025-05-04 15:30:00,Chelsea,Liverpool,3,1,3.51944,1.4267,2425
2025-05-04 13:00:00,West Ham United,Tottenham Hotspur,1,1,1.15166,0.847022,2425
2025-05-05 19:00:00,Crystal Palace,Nottingham Forest,1,1,2.34037,0.63684,2425
2025-05-10 16:30:00,Bournemouth,Aston Villa,0,1,1.02272,1.12376,2425
2025-05-10 14:00:00,Fulham,Everton,1,3,1.20869,1.32604,2425
2025-05-10 14:00:00,Ipswich Town,Brentford,0,1,0.717433,1.32077,2425
2025-05-10 14:00:00,Southampton,Manchester City,0,0,0.136995,1.58463,2425
2025-05-10 14:00:00,Wolverhampton Wanderers,Brighton,0,2,0.73395,1.41254,2425
2025-05-11 15:30:00,Liverpool,Arsenal,2,2,2.74682,2.18795,2425
2025-05-11 13:15:00,Manchester United,West Ham United,0,2,2.31287,2.15985,2425
2025-05-11 11:00:00,Newcastle United,Chelsea,2,0,1.6703,0.646426,2425
2025-05-11 13:15:00,Nottingham Forest,Leicester City,2,2,1.76909,1.22949,2425
2025-05-11 13:15:00,Tottenham Hotspur,Crystal Palace,0,2,0.806792,3.98546,2425
2025-05-16 18:30:00,Aston Villa,Tottenham Hotspur,2,0,1.69061,0.523016,2425
2025-05-16 19:15:00,Chelsea,Manchester United,1,0,1.29571,0.337632,2425
2025-05-18 15:30:00,Arsenal,Newcastle United,1,0,1.15958,2.24634,2425
2025-05-18 14:00:00,Brentford,Fulham,2,3,2.43045,1.61741,2425
2025-05-18 11:00:00,Everton,Southampton,2,0,2.67793,1.05025,2425
2025-05-18 14:00:00,Leicester City,Ipswich Town,2,0,0.788544,1.36957,2425
2025-05-18 13:15:00,West Ham United,Nottingham Forest,1,2,0.850457,2.14756,2425
2025-05-19 19:00:00,Brighton,Liverpool,3,2,2.17789,3.065,2425
2025-05-20 19:00:00,Crystal Palace,Wolverhampton Wanderers,4,2,1.68451,1.42886,2425
2025-05-20 19:00:00,Manchester City,Bournemouth,3,1,1.59779,0.962014,2425
2025-05-25 15:00:00,Bournemouth,Leicester City,2,0,2.72449,0.156702,2425
2025-05-25 15:00:00,Fulham,Manchester City,0,2,2.21797,2.45923,2425
2025-05-25 15:00:00,Ipswich Town,West Ham United,1,3,0.893095,0.967379,2425
2025-05-25 15:00:00,Liverpool,Crystal Palace,1,1,1.92122,1.4144,2425
2025-05-25 15:00:00,Manchester United,Aston Villa,2,0,2.96259,0.335222,2425
2025-05-25 15:00:00,Newcastle United,Everton,0,1,1.1591,1.07279,2425
2025-05-25 15:00:00,Nottingham Forest,Chelsea,0,1,1.58014,1.30874,2425
2025-05-25 15:00:00,Southampton,Arsenal,1,2,0.598144,2.40711,2425
2025-05-25 15:00:00,Tottenham Hotspur,Brighton,1,4,1.85265,3.11624,2425
2025-05-25 15:00:00,Wolverhampton Wanderers,Brentford,1,1,1.10889,1.97196,2425
2025-08-15 19:00:00,Liverpool,Bournemouth,4,2,2.33007,1.57303,2526
2025-08-16 11:30:00,Aston Villa,Newcastle United,0,0,0.318601,1.40098,2526
2025-08-16 14:00:00,Brighton,Fulham,1,1,1.44008,0.902883,2526
2025-08-16 14:00:00,Sunderland,West Ham United,3,0,0.724368,0.558948,2526
2025-08-16 14:00:00,Tottenham Hotspur,Burnley,3,0,1.97858,0.734138,2526
2025-08-16 16:30:00,Wolverhampton Wanderers,Manchester City,0,4,0.519436,2.29903,2526
2025-08-17 13:00:00,Chelsea,Crystal Palace,0,0,1.36793,1.03414,2526
2025-08-17 15:30:00,Manchester United,Arsenal,0,1,1.37653,1.3304,2526
2025-08-17 13:00:00,Nottingham Forest,Brentford,3,1,1.7555,1.32516,2526
2025-08-18 19:00:00,Leeds United,Everton,1,0,2.3812,0.674338,2526
2025-08-22 19:00:00,West Ham United,Chelsea,1,5,0.978572,3.94997,2526
2025-08-23 16:30:00,Arsenal,Leeds United,5,0,2.73761,0.156761,2526
2025-08-23 14:00:00,Bournemouth,Wolverhampton Wanderers,1,0,1.78462,0.373367,2526
2025-08-23 14:00:00,Brentford,Aston Villa,1,0,1.12964,0.976852,2526
2025-08-23 14:00:00,Burnley,Sunderland,2,0,1.00381,1.12127,2526
2025-08-23 11:30:00,Manchester City,Tottenham Hotspur,0,2,1.2475,1.28015,2526
2025-08-24 13:00:00,Crystal Palace,Nottingham Forest,1,1,1.10188,1.32987,2526
2025-08-24 13:00:00,Everton,Brighton,2,0,1.80116,2.08487,2526
2025-08-24 15:30:00,Fulham,Manchester United,1,1,1.65333,1.54603,2526
2025-08-25 19:00:00,Newcastle United,Liverpool,2,3,1.96342,0.646559,2526
2025-08-30 11:30:00,Chelsea,Fulham,2,0,2.4324,0.736228,2526
2025-08-30 16:30:00,Leeds United,Newcastle United,0,0,0.6773,0.303635,2526
2025-08-30 14:00:00,Manchester United,Burnley,3,2,4.02237,1.32618,2526
2025-08-30 14:00:00,Sunderland,Brentford,2,1,1.57127,1.44604,2526
2025-08-30 14:00:00,Tottenham Hotspur,Bournemouth,0,1,0.17067,2.1201,2526
2025-08-30 14:00:00,Wolverhampton Wanderers,Everton,2,3,0.943257,2.03791,2526
2025-08-31 18:00:00,Aston Villa,Crystal Palace,0,3,1.20586,2.59713,2526
2025-08-31 13:00:00,Brighton,Manchester City,2,1,2.20864,2.13418,2526
2025-08-31 15:30:00,Liverpool,Arsenal,1,0,0.481404,0.485679,2526
2025-08-31 13:00:00,Nottingham Forest,West Ham United,0,3,0.716018,2.236,2526
2025-09-13 11:30:00,Arsenal,Nottingham Forest,3,0,2.8817,0.293681,2526
2025-09-13 14:00:00,Bournemouth,Brighton,2,1,1.44187,0.624923,2526
2025-09-13 19:00:00,Brentford,Chelsea,2,2,1.17533,0.755999,2526
2025-09-13 14:00:00,Crystal Palace,Sunderland,0,0,1.75805,0.354129,2526
2025-09-13 14:00:00,Everton,Aston Villa,0,0,1.8927,0.354327,2526
2025-09-13 14:00:00,Fulham,Leeds United,1,0,1.13979,0.830398,2526
2025-09-13 14:00:00,Newcastle United,Wolverhampton Wanderers,1,0,1.19186,0.375942,2526
2025-09-13 16:30:00,West Ham United,Tottenham Hotspur,0,3,0.793248,1.51402,2526
2025-09-14 13:00:00,Burnley,Liverpool,0,1,0.168041,2.79492,2526
2025-09-14 15:30:00,Manchester City,Manchester United,3,0,1.99725,1.51915,2526
2025-09-20 14:00:00,Brighton,Tottenham Hotspur,2,2,1.40466,1.19181,2526
2025-09-20 14:00:00,Burnley,Nottingham Forest,1,1,1.14159,0.830779,2526
2025-09-20 19:00:00,Fulham,Brentford,3,1,1.52431,0.826556,2526
2025-09-20 11:30:00,Liverpool,Everton,2,1,1.06166,0.721371,2526
2025-09-20 16:30:00,Manchester United,Chelsea,2,1,1.34458,0.469843,2526
2025-09-20 14:00:00,West Ham United,Crystal Palace,1,2,0.466365,2.33565,2526
2025-09-20 14:00:00,Wolverhampton Wanderers,Leeds United,1,3,1.5661,0.456988,2526
2025-09-21 15:30:00,Arsenal,Manchester City,1,1,0.718575,1.1227,2526
2025-09-21 13:00:00,Bournemouth,Newcastle United,0,0,0.55066,0.153629,2526
2025-09-21 13:00:00,Sunderland,Aston Villa,1,1,0.938312,0.939354,2526
2025-09-27 11:30:00,Brentford,Manchester United,3,1,2.78726,2.23609,2526
2025-09-27 14:00:00,Chelsea,Brighton,1,3,2.02653,2.4751,2526
2025-09-27 14:00:00,Crystal Palace,Liverpool,2,1,3.53323,3.10176,2526
2025-09-27 14:00:00,Leeds United,Bournemouth,2,2,2.04728,1.06033,2526
2025-09-27 14:00:00,Manchester City,Burnley,5,1,3.22133,0.509491,2526
2025-09-27 16:30:00,Nottingham Forest,Sunderland,0,1,1.4203,1.94154,2526
2025-09-27 19:00:00,Tottenham Hotspur,Wolverhampton Wanderers,1,1,0.818711,1.15951,2526
2025-09-28 13:00:00,Aston Villa,Fulham,3,1,1.36575,0.952612,2526
2025-09-28 15:30:00,Newcastle United,Arsenal,1,2,0.739851,2.07048,2526
2025-09-29 19:00:00,Everton,West Ham United,1,1,0.909703,0.775766,2526
2025-10-03 19:00:00,Bournemouth,Fulham,3,1,1.33458,0.84335,2526
2025-10-04 14:00:00,Arsenal,West Ham United,2,0,3.0585,0.864549,2526
2025-10-04 16:30:00,Chelsea,Liverpool,2,1,1.23721,2.05981,2526
2025-10-04 11:30:00,Leeds United,Tottenham Hotspur,1,2,1.48051,0.688198,2526
2025-10-04 14:00:00,Manchester United,Sunderland,2,0,1.9298,0.807119,2526
2025-10-05 13:00:00,Aston Villa,Burnley,2,1,1.73572,0.502292,2526
2025-10-05 15:30:00,Brentford,Manchester City,0,1,0.693758,1.09647,2526
2025-10-05 13:00:00,Everton,Crystal Palace,2,1,2.13876,2.17789,2526
2025-10-05 13:00:00,Newcastle United,Nottingham Forest,2,0,3.81662,0.337689,2526
2025-10-05 13:00:00,Wolverhampton Wanderers,Brighton,1,1,0.369404,1.39158,2526
2025-10-18 14:00:00,Brighton,Newcastle United,2,1,0.857104,1.28313,2526
2025-10-18 14:00:00,Burnley,Leeds United,2,0,0.509647,2.33152,2526
2025-10-18 14:00:00,Crystal Palace,Bournemouth,3,3,4.56284,2.0471,2526
2025-10-18 16:30:00,Fulham,Arsenal,0,1,0.502332,2.07823,2526
2025-10-18 14:00:00,Manchester City,Everton,2,0,2.4799,0.794622,2526
2025-10-18 11:30:00,Nottingham Forest,Chelsea,0,3,2.0555,2.5583,2526
2025-10-18 14:00:00,Sunderland,Wolverhampton Wanderers,2,0,1.02481,0.676323,2526
2025-10-19 15:30:00,Liverpool,Manchester United,1,2,2.60972,2.53117,2526
2025-10-19 13:00:00,Tottenham Hotspur,Aston Villa,1,2,1.51461,0.352231,2526
2025-10-20 19:00:00,West Ham United,Brentford,0,2,0.260251,3.46635,2526
2025-10-24 19:00:00,Leeds United,West Ham United,2,1,2.2214,0.498653,2526
2025-10-25 19:00:00,Brentford,Liverpool,3,2,3.27126,2.11838,2526
2025-10-25 14:00:00,Chelsea,Sunderland,1,2,1.21332,1.5506,2526
2025-10-25 16:30:00,Manchester United,Brighton,4,2,1.96231,0.947154,2526
2025-10-25 14:00:00,Newcastle United,Fulham,2,1,2.76806,1.52001,2526
2025-10-26 13:00:00,Arsenal,Crystal Palace,1,0,0.856175,0.350534,2526
2025-10-26 13:00:00,Aston Villa,Manchester City,1,0,0.843906,1.36914,2526
2025-10-26 13:00:00,Bournemouth,Nottingham Forest,2,0,0.656601,0.305493,2526
2025-10-26 15:30:00,Everton,Tottenham Hotspur,0,3,1.4032,2.09327,2526
2025-10-26 13:00:00,Wolverhampton Wanderers,Burnley,2,3,2.58132,1.54544,2526
2025-11-01 15:00:00,Brighton,Leeds United,3,0,2.64127,0.35919,2526
2025-11-01 15:00:00,Burnley,Arsenal,0,2,0.679177,2.51649,2526
2025-11-01 15:00:00,Crystal Palace,Brentford,2,0,0.734558,0.820498,2526
2025-11-01 15:00:00,Fulham,Wolverhampton Wanderers,3,0,1.91207,0.209934,2526
2025-11-01 20:00:00,Liverpool,Aston Villa,2,0,1.47021,0.43502,2526
2025-11-01 15:00:00,Nottingham Forest,Manchester United,2,2,1.55066,0.91622,2526
2025-11-01 17:30:00,Tottenham Hotspur,Chelsea,0,1,0.146954,3.34251,2526
2025-11-02 16:30:00,Manchester City,Bournemouth,3,1,2.48999,0.899846,2526
2025-11-02 14:00:00,West Ham United,Newcastle United,3,1,1.41383,0.523615,2526
2025-11-03 20:00:00,Sunderland,Everton,1,1,1.18068,1.00741,2526
2025-11-08 20:00:00,Chelsea,Wolverhampton Wanderers,3,0,3.98342,0.111462,2526
2025-11-08 15:00:00,Everton,Fulham,2,0,2.30607,0.424478,2526
2025-11-08 17:30:00,Sunderland,Arsenal,2,2,1.20495,2.32943,2526
2025-11-08 12:30:00,Tottenham Hotspur,Manchester United,2,2,1.35532,0.820256,2526
2025-11-08 15:00:00,West Ham United,Burnley,3,2,2.96728,1.87478,2526
2025-11-09 14:00:00,Aston Villa,Bournemouth,4,0,1.88282,2.00992,2526
2025-11-09 14:00:00,Brentford,Newcastle United,3,1,2.73729,0.432277,2526
2025-11-09 14:00:00,Crystal Palace,Brighton,0,0,0.839547,0.637037,2526
2025-11-09 16:30:00,Manchester City,Liverpool,3,0,1.59542,1.0281,2526
2025-11-09 14:00:00,Nottingham Forest,Leeds United,3,1,2.49097,0.419461,2526
2025-11-22 15:00:00,Bournemouth,West Ham United,2,2,3.48299,0.390782,2526
2025-11-22 15:00:00,Brighton,Brentford,2,1,0.977488,2.19979,2526
2025-11-22 12:30:00,Burnley,Chelsea,0,2,0.660943,1.72093,2526
2025-11-22 15:00:00,Fulham,Sunderland,1,0,2.83729,0.222768,2526
2025-11-22 15:00:00,Liverpool,Nottingham Forest,0,3,1.79273,1.19459,2526
2025-11-22 17:30:00,Newcastle United,Manchester City,2,1,2.40555,2.45648,2526
2025-11-22 15:00:00,Wolverhampton Wanderers,Crystal Palace,0,2,1.66409,1.44933,2526
2025-11-23 16:30:00,Arsenal,Tottenham Hotspur,4,1,2.27827,0.0300672,2526
2025-11-23 14:00:00,Leeds United,Aston Villa,1,2,1.84668,1.35978,2526
2025-11-24 20:00:00,Manchester United,Everton,0,1,2.2737,0.155063,2526
2025-11-29 15:00:00,Brentford,Burnley,3,1,3.72106,0.874025,2526
2025-11-29 17:30:00,Everton,Newcastle United,1,4,1.01125,2.45882,2526
2025-11-29 15:00:00,Manchester City,Leeds United,3,2,2.85292,1.75142,2526
2025-11-29 15:00:00,Sunderland,Bournemouth,3,2,1.16955,1.79274,2526
2025-11-29 20:00:00,Tottenham Hotspur,Fulham,1,2,1.04396,0.494736,2526
2025-11-30 14:05:00,Aston Villa,Wolverhampton Wanderers,1,0,1.15486,0.692588,2526
2025-11-30 16:30:00,Chelsea,Arsenal,1,1,0.791914,1.22828,2526
2025-11-30 12:00:00,Crystal Palace,Manchester United,1,2,2.13561,1.47768,2526
2025-11-30 14:05:00,Nottingham Forest,Brighton,0,2,0.960325,2.0572,2526
2025-11-30 14:05:00,West Ham United,Liverpool,0,2,0.364152,1.56793,2526
2025-12-02 19:30:00,Bournemouth,Everton,0,1,0.635415,1.19573,2526
2025-12-02 19:30:00,Fulham,Manchester City,4,5,0.972635,1.96225,2526
2025-12-02 20:15:00,Newcastle United,Tottenham Hotspur,2,2,1.88558,1.05205,2526
2025-12-03 19:30:00,Arsenal,Brentford,2,0,2.63126,0.588716,2526
2025-12-03 19:30:00,Brighton,Aston Villa,3,4,1.96298,3.15745,2526
2025-12-03 19:30:00,Burnley,Crystal Palace,0,1,1.16852,0.987797,2526
2025-12-03 20:15:00,Leeds United,Chelsea,3,1,2.2047,0.964018,2526
2025-12-03 20:15:00,Liverpool,Sunderland,1,1,1.37633,0.712662,2526
2025-12-03 19:30:00,Wolverhampton Wanderers,Nottingham Forest,0,1,1.02461,1.12389,2526
2025-12-04 20:00:00,Manchester United,West Ham United,1,1,2.27674,1.36584,2526
2025-12-06 12:30:00,Aston Villa,Arsenal,2,1,2.71986,1.85965,2526
2025-12-06 15:00:00,Bournemouth,Chelsea,0,0,1.41931,0.672602,2526
2025-12-06 15:00:00,Everton,Nottingham Forest,3,0,1.25348,0.31234,2526
2025-12-06 17:30:00,Leeds United,Liverpool,3,3,1.79333,2.04805,2526
2025-12-06 15:00:00,Manchester City,Sunderland,3,0,2.41605,0.626486,2526
2025-12-06 15:00:00,Newcastle United,Burnley,2,1,1.80708,1.58375,2526
2025-12-06 15:00:00,Tottenham Hotspur,Brentford,2,0,2.42388,0.470563,2526
2025-12-07 14:00:00,Brighton,West Ham United,1,1,2.10077,1.7064,2526
2025-12-07 16:30:00,Fulham,Crystal Palace,1,2,0.766771,1.71109,2526
2025-12-08 20:00:00,Wolverhampton Wanderers,Manchester United,1,4,0.262147,4.04708,2526
2025-12-13 20:00:00,Arsenal,Wolverhampton Wanderers,2,1,1.61796,0.61997,2526
2025-12-13 17:30:00,Burnley,Fulham,2,3,2.05486,1.65053,2526
2025-12-13 15:00:00,Chelsea,Everton,2,0,2.64457,1.34,2526
2025-12-13 15:00:00,Liverpool,Brighton,2,0,2.4127,1.69004,2526
2025-12-14 16:30:00,Brentford,Leeds United,1,1,0.697006,1.63409,2526
2025-12-14 14:00:00,Crystal Palace,Manchester City,0,3,1.30092,1.35317,2526
2025-12-14 14:00:00,Nottingham Forest,Tottenham Hotspur,3,0,2.32658,0.380246,2526
2025-12-14 14:00:00,Sunderland,Newcastle United,1,0,0.630045,0.169329,2526
2025-12-14 14:00:00,West Ham United,Aston Villa,2,3,1.27701,0.595093,2526
2025-12-15 20:00:00,Manchester United,Bournemouth,4,4,3.21204,2.35196,2526
2025-12-20 15:00:00,Bournemouth,Burnley,1,1,1.81847,0.480528,2526
2025-12-20 15:00:00,Brighton,Sunderland,0,0,0.919272,1.31044,2526
2025-12-20 20:00:00,Everton,Arsenal,0,1,0.213273,1.84723,2526
2025-12-20 20:00:00,Leeds United,Crystal Palace,4,1,2.90786,1.53058,2526
2025-12-20 15:00:00,Manchester City,West Ham United,3,0,3.58188,1.02143,2526
2025-12-20 12:30:00,Newcastle United,Chelsea,2,2,2.87863,1.0261,2526
2025-12-20 17:30:00,Tottenham Hotspur,Liverpool,1,2,1.34905,1.23164,2526
2025-12-20 15:00:00,Wolverhampton Wanderers,Brentford,0,2,1.26823,1.56309,2526
2025-12-21 16:30:00,Aston Villa,Manchester United,2,1,1.86917,1.30455,2526
2025-12-22 20:00:00,Fulham,Nottingham Forest,1,0,1.70568,0.486296,2526
2025-12-26 20:00:00,Manchester United,Newcastle United,1,0,0.940811,1.12998,2526
2025-12-27 15:00:00,Arsenal,Brighton,2,1,2.54318,0.710064,2526
2025-12-27 15:00:00,Brentford,Bournemouth,4,1,2.8513,2.56183,2526
2025-12-27 15:00:00,Burnley,Everton,0,0,1.24948,1.25204,2526
2025-12-27 17:30:00,Chelsea,Aston Villa,1,2,1.97155,2.05918,2526
2025-12-27 15:00:00,Liverpool,Wolverhampton Wanderers,2,1,1.56502,0.780664,2526
2025-12-27 12:30:00,Nottingham Forest,Manchester City,1,2,0.600141,1.46468,2526
2025-12-27 15:00:00,West Ham United,Fulham,0,1,1.13719,1.11436,2526
2025-12-28 16:30:00,Crystal Palace,Tottenham Hotspur,0,1,0.929681,0.870768,2526
2025-12-28 14:00:00,Sunderland,Leeds United,1,1,0.805957,2.60653,2526
2025-12-30 20:15:00,Arsenal,Aston Villa,4,1,4.41335,2.94195,2526
2025-12-30 19:30:00,Burnley,Newcastle United,1,3,1.32551,2.49248,2526
2025-12-30 19:30:00,Chelsea,Bournemouth,2,2,2.33294,3.49142,2526
2025-12-30 20:15:00,Manchester United,Wolverhampton Wanderers,1,1,1.13306,1.21784,2526
2025-12-30 19:30:00,Nottingham Forest,Everton,0,2,1.75445,1.69525,2526
2025-12-30 19:30:00,West Ham United,Brighton,2,2,2.27644,3.08914,2526
2026-01-01 20:00:00,Brentford,Tottenham Hotspur,0,0,0.556304,0.608309,2526
2026-01-01 17:30:00,Crystal Palace,Fulham,1,1,2.35346,1.75434,2526
2026-01-01 17:30:00,Liverpool,Leeds United,0,0,1.67833,0.15936,2526
2026-01-01 20:00:00,Sunderland,Manchester City,0,0,0.962141,2.44247,2526
2026-01-03 12:30:00,Aston Villa,Nottingham Forest,3,1,1.42988,0.8982,2526
2026-01-03 17:30:00,Bournemouth,Arsenal,2,3,0.947846,1.28,2526
2026-01-03 15:00:00,Brighton,Burnley,2,0,1.4717,0.254551,2526
2026-01-03 15:00:00,Wolverhampton Wanderers,West Ham United,3,0,2.23925,0.235678,2526
2026-01-04 15:00:00,Everton,Brentford,2,4,1.00566,3.05179,2526
2026-01-04 15:00:00,Fulham,Liverpool,2,2,0.609182,1.7188,2526
2026-01-04 12:30:00,Leeds United,Manchester United,1,1,0.970138,1.94781,2526
2026-01-04 17:30:00,Manchester City,Chelsea,1,1,1.03049,2.03726,2526
2026-01-04 15:00:00,Newcastle United,Crystal Palace,2,0,2.72764,1.27825,2526
2026-01-04 15:00:00,Tottenham Hotspur,Sunderland,1,1,1.4175,0.467481,2526
2026-01-06 20:00:00,West Ham United,Nottingham Forest,1,2,1.73697,1.26683,2526
2026-01-07 19:30:00,Bournemouth,Tottenham Hotspur,3,2,1.19014,1.6261,2526
2026-01-07 19:30:00,Brentford,Sunderland,3,0,3.86096,1.50644,2526
2026-01-07 20:15:00,Burnley,Manchester United,2,2,0.31971,2.52488,2526
2026-01-07 19:30:00,Crystal Palace,Aston Villa,0,0,1.32505,2.07015,2526
2026-01-07 19:30:00,Everton,Wolverhampton Wanderers,1,1,1.63321,0.71329,2526
2026-01-07 19:30:00,Fulham,Chelsea,2,1,1.06013,2.45107,2526
2026-01-07 19:30:00,Manchester City,Brighton,1,1,2.95904,1.33162,2526
2026-01-07 20:15:00,Newcastle United,Leeds United,4,3,2.43495,2.35318,2526
2026-01-08 20:00:00,Arsenal,Liverpool,0,0,0.701832,0.318642,2526
2026-01-17 15:00:00,Chelsea,Brentford,2,0,1.62263,1.47521,2526
2026-01-17 15:00:00,Leeds United,Fulham,1,0,2.16898,0.258796,2526
2026-01-17 15:00:00,Liverpool,Burnley,1,1,3.49045,0.546971,2526
2026-01-17 12:30:00,Manchester United,Manchester City,2,0,3.07278,0.387015,2526
2026-01-17 17:30:00,Nottingham Forest,Arsenal,0,0,0.318481,2.86323,2526
2026-01-17 15:00:00,Sunderland,Crystal Palace,2,1,1.84601,1.15169,2526
2026-01-17 15:00:00,Tottenham Hotspur,West Ham United,1,2,1.65292,2.76761,2526
2026-01-18 16:30:00,Aston Villa,Everton,0,1,0.905393,0.745859,2526
2026-01-18 14:00:00,Wolverhampton Wanderers,Newcastle United,0,0,0.390216,0.813313,2526
2026-01-19 20:00:00,Brighton,Bournemouth,1,1,0.995777,1.69737,2526
2026-01-24 17:30:00,Bournemouth,Liverpool,3,2,3.31474,0.937335,2526
2026-01-24 15:00:00,Burnley,Tottenham Hotspur,2,2,1.54884,2.59093,2526
2026-01-24 15:00:00,Fulham,Brighton,2,1,1.13243,1.94652,2526
2026-01-24 15:00:00,Manchester City,Wolverhampton Wanderers,2,0,1.0654,0.542683,2526
2026-01-24 12:30:00,West Ham United,Sunderland,3,1,2.18675,0.713838,2526
2026-01-25 16:30:00,Arsenal,Manchester United,2,3,1.42411,0.640902,2526
2026-01-25 14:00:00,Brentford,Nottingham Forest,0,2,2.00413,1.38958,2526
2026-01-25 14:00:00,Crystal Palace,Chelsea,1,3,2.41793,3.08817,2526
2026-01-25 14:00:00,Newcastle United,Aston Villa,0,2,1.95484,1.32143,2526
2026-01-26 20:00:00,Everton,Leeds United,1,1,0.889916,1.6766,2526
2026-01-31 15:00:00,Brighton,Everton,1,1,1.42825,1.28126,2526
2026-01-31 17:30:00,Chelsea,West Ham United,3,2,2.66133,1.72585,2526
2026-01-31 15:00:00,Leeds United,Arsenal,0,4,0.17871,3.54427,2526
2026-01-31 20:00:00,Liverpool,Newcastle United,4,1,3.09973,0.284319,2526
2026-01-31 15:00:00,Wolverhampton Wanderers,Bournemouth,0,2,2.10353,1.59116,2526
2026-02-01 14:00:00,Aston Villa,Brentford,0,1,2.15316,0.314916,2526
2026-02-01 14:00:00,Manchester United,Fulham,3,2,1.84362,1.71998,2526
2026-02-01 14:00:00,Nottingham Forest,Crystal Palace,1,1,0.987254,1.648,2526
2026-02-01 16:30:00,Tottenham Hotspur,Manchester City,2,2,1.49738,2.03614,2526
2026-02-02 20:00:00,Sunderland,Burnley,3,0,1.8865,0.126371,2526
2026-02-06 20:00:00,Leeds United,Nottingham Forest,3,1,3.38179,1.6608,2526
2026-02-07 15:00:00,Arsenal,Sunderland,3,0,1.19401,0.427225,2526
2026-02-07 15:00:00,Bournemouth,Aston Villa,1,1,1.82646,0.646496,2526
2026-02-07 15:00:00,Burnley,West Ham United,0,2,1.84644,1.1223,2526
2026-02-07 15:00:00,Fulham,Everton,1,2,2.20126,1.88778,2526
2026-02-07 12:30:00,Manchester United,Tottenham Hotspur,2,0,2.16576,0.593404,2526
2026-02-07 17:30:00,Newcastle United,Brentford,2,3,3.3215,1.65022,2526
2026-02-07 15:00:00,Wolverhampton Wanderers,Chelsea,1,3,1.11372,3.76278,2526
2026-02-08 14:00:00,Brighton,Crystal Palace,0,1,0.737798,0.928404,2526
2026-02-08 16:30:00,Liverpool,Manchester City,1,2,1.26652,2.41476,2526
2026-02-10 19:30:00,Chelsea,Leeds United,2,2,3.21176,1.28948,2526
2026-02-10 19:30:00,Everton,Bournemouth,1,2,2.33114,1.4121,2526
2026-02-10 19:30:00,Tottenham Hotspur,Newcastle United,1,2,1.68925,2.46991,2526
2026-02-10 20:15:00,West Ham United,Manchester United,1,1,1.30746,0.735767,2526
2026-02-11 19:30:00,Aston Villa,Brighton,1,0,0.576138,0.481306,2526
2026-02-11 19:30:00,Crystal Palace,Burnley,2,3,2.1276,0.691273,2526
2026-02-11 19:30:00,Manchester City,Fulham,3,0,1.67722,1.05283,2526
2026-02-11 19:30:00,Nottingham Forest,Wolverhampton Wanderers,0,0,3.69094,0.406959,2526
2026-02-11 20:15:00,Sunderland,Liverpool,0,1,0.693794,3.08172,2526
2026-02-12 20:00:00,Brentford,Arsenal,1,1,1.81154,0.78418,2526
2026-02-18 20:00:00,Wolverhampton Wanderers,Arsenal,2,2,0.173119,2.01018,2526
2026-02-21 15:00:00,Aston Villa,Leeds United,1,1,1.25439,1.27855,2526
2026-02-21 15:00:00,Brentford,Brighton,0,2,1.69023,1.37203,2526
2026-02-21 15:00:00,Chelsea,Burnley,1,1,2.51534,1.01255,2526
2026-02-21 20:00:00,Manchester City,Newcastle United,2,1,2.22648,0.507954,2526
2026-02-21 17:30:00,West Ham United,Bournemouth,0,0,2.34412,0.522731,2526
2026-02-22 14:00:00,Crystal Palace,Wolverhampton Wanderers,1,0,2.03559,1.67749,2526
2026-02-22 14:00:00,Nottingham Forest,Liverpool,0,1,0.934768,2.39634,2526
2026-02-22 14:00:00,Sunderland,Fulham,1,3,1.7609,2.16696,2526
2026-02-22 16:30:00,Tottenham Hotspur,Arsenal,1,4,0.383264,3.31701,2526
2026-02-23 20:00:00,Everton,Manchester United,0,1,0.560924,1.4547,2526
2026-02-27 20:00:00,Wolverhampton Wanderers,Aston Villa,2,0,1.50771,1.31328,2526
2026-02-28 12:30:00,Bournemouth,Sunderland,1,1,1.82434,1.07887,2526
2026-02-28 15:00:00,Burnley,Brentford,3,4,0.823824,2.44595,2526
2026-02-28 17:30:00,Leeds United,Manchester City,0,1,1.37824,2.46834,2526
2026-02-28 15:00:00,Liverpool,West Ham United,5,2,2.09939,1.3517,2526
2026-02-28 15:00:00,Newcastle United,Everton,2,3,1.11889,2.40731,2526
2026-03-01 16:30:00,Arsenal,Chelsea,2,1,1.71598,1.35268,2526
2026-03-01 14:00:00,Brighton,Nottingham Forest,2,1,1.20107,0.83055,2526
2026-03-01 14:00:00,Fulham,Tottenham Hotspur,2,1,2.3207,0.952091,2526
2026-03-01 14:00:00,Manchester United,Crystal Palace,2,1,2.34609,0.384699,2526
2026-03-03 19:30:00,Bournemouth,Brentford,0,0,2.3177,0.673328,2526
2026-03-03 19:30:00,Everton,Burnley,2,0,1.15845,0.762229,2526
2026-03-03 19:30:00,Leeds United,Sunderland,0,1,0.888232,0.843856,2526
2026-03-03 20:15:00,Wolverhampton Wanderers,Liverpool,2,1,0.636033,2.17217,2526
2026-03-04 19:30:00,Aston Villa,Chelsea,1,4,1.06854,3.38883,2526
2026-03-04 19:30:00,Brighton,Arsenal,0,1,0.919228,0.514803,2526
2026-03-04 19:30:00,Fulham,West Ham United,0,1,0.628123,1.49528,2526
2026-03-04 19:30:00,Manchester City,Nottingham Forest,2,2,2.72655,1.23642,2526
2026-03-04 20:15:00,Newcastle United,Manchester United,2,1,1.96637,1.80571,2526
2026-03-05 20:00:00,Tottenham Hotspur,Crystal Palace,1,3,1.29615,1.91515,2526
2026-03-14 17:30:00,Arsenal,Everton,2,0,1.90855,1.17847,2526
2026-03-14 15:00:00,Burnley,Bournemouth,0,0,1.67695,2.36979,2526
2026-03-14 17:30:00,Chelsea,Newcastle United,0,1,1.72508,1.03251,2526
2026-03-14 15:00:00,Sunderland,Brighton,0,1,0.659083,1.12832,2526
2026-03-14 20:00:00,West Ham United,Manchester City,1,1,0.488982,1.9546,2526
2026-03-15 14:00:00,Crystal Palace,Leeds United,0,0,0.525205,1.13558,2526
2026-03-15 16:30:00,Liverpool,Tottenham Hotspur,1,1,1.30076,1.15636,2526
2026-03-15 14:00:00,Manchester United,Aston Villa,3,1,1.67823,1.21071,2526
2026-03-15 14:00:00,Nottingham Forest,Fulham,0,0,0.821011,0.933988,2526
2026-03-16 20:00:00,Brentford,Wolverhampton Wanderers,2,2,2.7966,1.80044,2526
2026-03-20 20:00:00,Bournemouth,Manchester United,2,2,1.76664,1.74574,2526
2026-03-21 12:30:00,Brighton,Liverpool,2,1,3.42956,0.956801,2526
2026-03-21 17:30:00,Everton,Chelsea,3,0,1.44532,1.35143,2526
2026-03-21 15:00:00,Fulham,Burnley,3,1,3.48438,1.92556,2526
2026-03-21 20:00:00,Leeds United,Brentford,0,0,0.417296,0.302221,2526
2026-03-22 14:15:00,Aston Villa,West Ham United,2,0,2.48528,0.760054,2526
2026-03-22 12:00:00,Newcastle United,Sunderland,1,2,1.26705,2.66657,2526
2026-03-22 14:15:00,Tottenham Hotspur,Nottingham Forest,0,3,1.6189,1.54408,2526
2026-04-10 19:00:00,West Ham United,Wolverhampton Wanderers,4,0,2.54379,0.571967,2526
2026-04-11 11:30:00,Arsenal,Bournemouth,1,2,3.16346,1.39461,2526
2026-04-11 14:00:00,Brentford,Everton,2,2,2.26302,1.57033,2526
2026-04-11 14:00:00,Burnley,Brighton,0,2,0.812029,1.07182,2526
2026-04-11 16:30:00,Liverpool,Fulham,2,0,2.01499,1.42024,2526
2026-04-12 15:30:00,Chelsea,Manchester City,0,3,1.22108,2.40839,2526
2026-04-12 13:00:00,Crystal Palace,Newcastle United,2,1,3.13933,1.27299,2526
2026-04-12 13:00:00,Nottingham Forest,Aston Villa,1,1,0.85045,1.36297,2526
2026-04-12 13:00:00,Sunderland,Tottenham Hotspur,1,0,1.77584,1.01598,2526
2026-04-13 19:00:00,Manchester United,Leeds United,1,2,1.36555,2.95118,2526
2026-04-18 11:30:00,Brentford,Fulham,0,0,2.33552,0.790707,2526
2026-04-18 19:00:00,Chelsea,Manchester United,0,1,1.28109,0.436043,2526
2026-04-18 14:00:00,Leeds United,Wolverhampton Wanderers,3,0,3.55804,0.568627,2526
2026-04-18 14:00:00,Newcastle United,Bournemouth,1,2,1.61167,3.36662,2526
2026-04-18 16:30:00,Tottenham Hotspur,Brighton,2,2,1.56052,1.1373,2526
2026-04-19 13:00:00,Aston Villa,Sunderland,4,3,3.90223,1.56008,2526
2026-04-19 13:00:00,Everton,Liverpool,1,2,1.4784,1.38333,2526
2026-04-19 15:30:00,Manchester City,Arsenal,2,1,2.61528,2.28964,2526
2026-04-19 13:00:00,Nottingham Forest,Burnley,4,1,1.4425,0.601418,2526
2026-04-20 19:00:00,Crystal Palace,West Ham United,0,0,0.733442,0.622445,2526
2026-04-21 19:00:00,Brighton,Chelsea,3,0,2.51784,0.297865,2526
2026-04-22 19:00:00,Bournemouth,Leeds United,2,2,1.91355,1.21601,2526
2026-04-22 19:00:00,Burnley,Manchester City,0,1,0.973776,3.40888,2526
2026-04-24 19:00:00,Sunderland,Nottingham Forest,0,5,0.614323,1.54208,2526
2026-04-25 16:30:00,Arsenal,Newcastle United,1,0,0.639189,0.868897,2526
2026-04-25 11:30:00,Fulham,Aston Villa,1,0,1.24069,0.906156,2526
2026-04-25 14:00:00,Liverpool,Crystal Palace,3,1,1.45071,2.19912,2526
2026-04-25 14:00:00,West Ham United,Everton,2,1,1.8356,1.1144,2526
2026-04-25 14:00:00,Wolverhampton Wanderers,Tottenham Hotspur,0,1,0.762656,1.06403,2526
2026-04-27 19:00:00,Manchester United,Brentford,2,1,1.84852,1.30383,2526
2026-05-01 20:00:00,Leeds United,Burnley,3,1,2.09546,0.434597,2526
2026-05-02 17:30:00,Arsenal,Fulham,3,0,4.09079,0.696714,2526
2026-05-02 15:00:00,Brentford,West Ham United,3,0,2.27374,0.753895,2526
2026-05-02 15:00:00,Newcastle United,Brighton,3,1,3.12933,1.87112,2526
2026-05-02 15:00:00,Wolverhampton Wanderers,Sunderland,1,1,1.96131,0.923954,2526
2026-05-03 19:00:00,Aston Villa,Tottenham Hotspur,1,2,0.609494,1.12225,2526
2026-05-03 14:00:00,Bournemouth,Crystal Palace,3,0,2.29626,0.678329,2526
2026-05-03 15:30:00,Manchester United,Liverpool,3,2,2.55612,1.02814,2526
2026-05-04 15:00:00,Chelsea,Nottingham Forest,1,3,2.17132,2.31019,2526
2026-05-04 20:00:00,Everton,Manchester City,3,3,1.68558,1.41706,2526
2026-05-09 15:00:00,Brighton,Wolverhampton Wanderers,3,0,2.22427,0.515647,2526
2026-05-09 15:00:00,Fulham,Bournemouth,0,1,1.24334,0.998003,2526
2026-05-09 12:30:00,Liverpool,Chelsea,1,1,0.623191,0.597184,2526
2026-05-09 17:30:00,Manchester City,Brentford,3,0,4.37429,0.670038,2526
2026-05-09 15:00:00,Sunderland,Manchester United,0,0,1.2376,0.535981,2526
2026-05-10 14:00:00,Burnley,Aston Villa,2,2,1.71234,1.75493,2526
2026-05-10 14:00:00,Crystal Palace,Everton,2,2,3.28826,2.10265,2526
2026-05-10 14:00:00,Nottingham Forest,Newcastle United,1,1,1.46434,1.65067,2526
2026-05-10 16:30:00,West Ham United,Arsenal,0,1,1.32011,1.42953,2526
2026-05-11 20:00:00,Tottenham Hotspur,Leeds United,1,1,1.49036,1.86976,2526
2026-05-13 20:00:00,Manchester City,Crystal Palace,3,0,1.95679,0.428862,2526
2026-05-15 20:00:00,Aston Villa,Liverpool,4,2,2.5252,1.55027,2526
2026-05-17 15:00:00,Brentford,Crystal Palace,2,2,1.54564,1.82274,2526
2026-05-17 15:00:00,Everton,Sunderland,1,3,1.32181,1.28383,2526
2026-05-17 15:00:00,Leeds United,Brighton,1,0,0.747756,2.23238,2526
2026-05-17 12:30:00,Manchester United,Nottingham Forest,3,2,4.28532,1.84418,2526
2026-05-17 17:30:00,Newcastle United,West Ham United,3,1,2.1336,0.957771,2526
2026-05-17 15:00:00,Wolverhampton Wanderers,Fulham,1,1,1.49725,1.48412,2526
2026-05-18 20:00:00,Arsenal,Burnley,1,0,1.22695,0.194884,2526
2026-05-19 19:30:00,Bournemouth,Manchester City,1,1,1.71486,1.26917,2526
2026-05-19 20:15:00,Chelsea,Tottenham Hotspur,2,1,1.09262,2.15227,2526
2026-05-24 15:00:00,Brighton,Manchester United,0,3,0.702398,2.32868,2526
2026-05-24 15:00:00,Burnley,Wolverhampton Wanderers,1,1,1.28476,2.8433,2526
2026-05-24 15:00:00,Crystal Palace,Arsenal,1,2,1.00492,3.90645,2526
2026-05-24 15:00:00,Fulham,Newcastle United,2,0,1.72878,0.24232,2526
2026-05-24 15:00:00,Liverpool,Brentford,1,1,2.99412,1.46082,2526
2026-05-24 15:00:00,Manchester City,Aston Villa,1,2,1.38085,2.4397,2526
2026-05-24 15:00:00,Nottingham Forest,Bournemouth,1,1,2.05852,1.33684,2526
2026-05-24 15:00:00,Sunderland,Chelsea,2,1,2.33109,0.920885,2526
2026-05-24 15:00:00,Tottenham Hotspur,Everton,1,0,1.40597,0.268476,2526
2026-05-24 15:00:00,West Ham United,Leeds United,3,0,2.73135,1.94969,2526
